rf_specification,missing_policy,weighting,series,period,hac_lags,calendar_months,coverage,first_observed,last_observed,mean,se,t,n,ci_low,ci_high
rf_minus_zero,complete,equal,WML_DS1,full,3,34,1,2021-03,2023-12,0.000565822522921,0.000809096330772,0.699326521949,34,-0.00101997714542,0.00215162219126
rf_minus_zero,complete,equal,WML_DS1,full,6,34,1,2021-03,2023-12,0.000565822522921,0.000741773918171,0.762796465419,34,-0.000888027641365,0.00201967268721
rf_minus_zero,complete,equal,WML_DS1,early_2021_2022,3,22,1,2021-03,2022-12,4.20149439182e-05,0.00106114914431,0.0395938159528,22,-0.00203779916115,0.00212182904899
rf_minus_zero,complete,equal,WML_DS1,early_2021_2022,6,22,1,2021-03,2022-12,4.20149439182e-05,0.000968294881988,0.0433906495839,22,-0.00185580815119,0.00193983803903
rf_minus_zero,complete,equal,WML_DS1,middle_2023,3,12,1,2023-01,2023-12,0.00152613641776,0.000863177622565,1.76804446485,12,-0.000165660634729,0.00321793347025
rf_minus_zero,complete,equal,WML_DS1,middle_2023,6,12,1,2023-01,2023-12,0.00152613641776,0.00071816358368,2.12505403008,12,0.000118561658738,0.00293371117678
rf_minus_zero,complete,equal,WML_DS2,full,3,34,0.970588235294,2021-03,2023-12,0.000536930848772,0.000956081999385,0.561594977332,33,-0.00133695543629,0.00241081713383
rf_minus_zero,complete,equal,WML_DS2,full,6,34,0.970588235294,2021-03,2023-12,0.000536930848772,0.000759532390408,0.706922911456,33,-0.000951725281519,0.00202558697906
rf_minus_zero,complete,equal,WML_DS2,early_2021_2022,3,22,1,2021-03,2022-12,0.000345433990438,0.00140887533817,0.245184212597,22,-0.00241591093109,0.00310677891196
rf_minus_zero,complete,equal,WML_DS2,early_2021_2022,6,22,1,2021-03,2022-12,0.000345433990438,0.00110999810388,0.311202324788,22,-0.00183012231608,0.00252099029695
rf_minus_zero,complete,equal,WML_DS2,middle_2023,3,12,0.916666666667,2023-01,2023-12,0.000919924565442,0.000683084235078,1.34672199738,11,-0.000418895933719,0.0022587450646
rf_minus_zero,complete,equal,WML_DS2,middle_2023,6,12,0.916666666667,2023-01,2023-12,0.000919924565442,0.000662881709614,1.38776579909,11,-0.000379299711411,0.0022191488423
rf_minus_zero,complete,equal,WML_DS3,full,3,34,0.911764705882,2021-03,2023-12,-0.00206125677162,0.000781554969021,-2.63737913943,31,-0.00359307636283,-0.000529437180397
rf_minus_zero,complete,equal,WML_DS3,full,6,34,0.911764705882,2021-03,2023-12,-0.00206125677162,0.000604588180212,-3.40935671434,31,-0.00324622783031,-0.000876285712922
rf_minus_zero,complete,equal,WML_DS3,early_2021_2022,3,22,0.954545454545,2021-03,2022-12,-0.00203134170506,0.00080499026269,-2.52343636837,21,-0.00360909362783,-0.000453589782278
rf_minus_zero,complete,equal,WML_DS3,early_2021_2022,6,22,0.954545454545,2021-03,2022-12,-0.00203134170506,0.000664381600214,-3.05749241761,21,-0.00333350571347,-0.000729177696646
rf_minus_zero,complete,equal,WML_DS3,middle_2023,3,12,0.833333333333,2023-01,2023-12,-0.00212407841139,0.00166285176479,-1.27737087356,10,-0.005383207982,0.00113505115923
rf_minus_zero,complete,equal,WML_DS3,middle_2023,6,12,0.833333333333,2023-01,2023-12,-0.00212407841139,0.00121261402068,-1.75165252517,10,-0.00450075821908,0.0002526013963
rf_minus_zero,complete,equal,WML_DS4,full,3,34,0.735294117647,2021-03,2023-12,-0.00587985379746,0.00332218283533,-1.76987664102,25,-0.0123912125048,0.000631504909854
rf_minus_zero,complete,equal,WML_DS4,full,6,34,0.735294117647,2021-03,2023-12,-0.00587985379746,0.00279926717549,-2.1004975334,25,-0.0113663166445,-0.000393390950384
rf_minus_zero,complete,equal,WML_DS4,early_2021_2022,3,22,0.818181818182,2021-03,2022-12,-0.00640830077609,0.00367703652087,-1.74278953709,18,-0.0136151599268,0.000798558374658
rf_minus_zero,complete,equal,WML_DS4,early_2021_2022,6,22,0.818181818182,2021-03,2022-12,-0.00640830077609,0.00285464867759,-2.24486495533,18,-0.0120033093727,-0.0008132921795
rf_minus_zero,complete,equal,WML_DS4,middle_2023,3,12,0.583333333333,2023-01,2023-12,-0.00452099013812,0.00687368520154,-0.657724350993,7,-0.0179931655742,0.00895118529797
rf_minus_zero,complete,equal,WML_DS4,middle_2023,6,12,0.583333333333,2023-01,2023-12,-0.00452099013812,0.00635035124107,-0.71192757164,7,-0.0169674498598,0.00792546958356
rf_minus_zero,complete,equal,WML_DS5,full,3,34,0.705882352941,2021-04,2023-12,0.00143100725586,0.00269067991683,0.531838531556,24,-0.00384262847506,0.00670464298677
rf_minus_zero,complete,equal,WML_DS5,full,6,34,0.705882352941,2021-04,2023-12,0.00143100725586,0.002432578995,0.588267537785,24,-0.00333675996389,0.0061987744756
rf_minus_zero,complete,equal,WML_DS5,early_2021_2022,3,22,0.772727272727,2021-04,2022-12,0.00201453659645,0.00378113179813,0.532786663888,17,-0.00539634554869,0.00942541874158
rf_minus_zero,complete,equal,WML_DS5,early_2021_2022,6,22,0.772727272727,2021-04,2022-12,0.00201453659645,0.00341661384654,0.58962958266,17,-0.00468190349185,0.00871097668475
rf_minus_zero,complete,equal,WML_DS5,middle_2023,3,12,0.583333333333,2023-01,2023-12,1.38645715625e-05,0.000804637168202,0.0172308365937,7,-0.00156319529874,0.00159092444186
rf_minus_zero,complete,equal,WML_DS5,middle_2023,6,12,0.583333333333,2023-01,2023-12,1.38645715625e-05,0.000689068878756,0.0201207339207,7,-0.00133668561367,0.00136441475679
rf_minus_zero,complete,equal,common_highDS_WML,full,3,34,0.617647058824,2021-06,2023-12,0.00174966235182,0.00298371530024,0.586403921206,21,-0.00409831217677,0.00759763688042
rf_minus_zero,complete,equal,common_highDS_WML,full,6,34,0.617647058824,2021-06,2023-12,0.00174966235182,0.00250020532389,0.699807465854,21,-0.00315065003695,0.0066499747406
rf_minus_zero,complete,equal,common_highDS_WML,early_2021_2022,3,22,0.681818181818,2021-06,2022-12,0.00214554065089,0.00417940577838,0.513360215461,15,-0.00604594415151,0.0103370254533
rf_minus_zero,complete,equal,common_highDS_WML,early_2021_2022,6,22,0.681818181818,2021-06,2022-12,0.00214554065089,0.00350646627456,0.611881159803,15,-0.00472700696026,0.00901808826203
rf_minus_zero,complete,equal,common_highDS_WML,middle_2023,3,12,0.5,2023-01,2023-12,0.000759966604164,0.000306896037625,2.47629982468,6,0.000158461423422,0.00136147178491
rf_minus_zero,complete,equal,common_highDS_WML,middle_2023,6,12,0.5,2023-01,2023-12,0.000759966604164,0.00023272554976,3.26550567804,6,0.000303832908353,0.00121610029998
rf_minus_zero,complete,equal,common_highDS_minus_unconditional,full,3,34,0.617647058824,2021-06,2023-12,0.00174966235182,0.00298371530024,0.586403921206,21,-0.00409831217677,0.00759763688042
rf_minus_zero,complete,equal,common_highDS_minus_unconditional,full,6,34,0.617647058824,2021-06,2023-12,0.00174966235182,0.00250020532389,0.699807465854,21,-0.00315065003695,0.0066499747406
rf_minus_zero,complete,equal,common_highDS_minus_unconditional,early_2021_2022,3,22,0.681818181818,2021-06,2022-12,0.00214554065089,0.00417940577838,0.513360215461,15,-0.00604594415151,0.0103370254533
rf_minus_zero,complete,equal,common_highDS_minus_unconditional,early_2021_2022,6,22,0.681818181818,2021-06,2022-12,0.00214554065089,0.00350646627456,0.611881159803,15,-0.00472700696026,0.00901808826203
rf_minus_zero,complete,equal,common_highDS_minus_unconditional,middle_2023,3,12,0.5,2023-01,2023-12,0.000759966604164,0.000306896037625,2.47629982468,6,0.000158461423422,0.00136147178491
rf_minus_zero,complete,equal,common_highDS_minus_unconditional,middle_2023,6,12,0.5,2023-01,2023-12,0.000759966604164,0.00023272554976,3.26550567804,6,0.000303832908353,0.00121610029998
rf_minus_zero,complete,equal,common_lowDS_WML,full,3,34,0.617647058824,2021-06,2023-12,-0.000217383041142,0.00103930519485,-0.209161892213,21,-0.00225438379199,0.00181961770971
rf_minus_zero,complete,equal,common_lowDS_WML,full,6,34,0.617647058824,2021-06,2023-12,-0.000217383041142,0.000860468553888,-0.252633335825,21,-0.00190387041659,0.00146910433431
rf_minus_zero,complete,equal,common_lowDS_WML,early_2021_2022,3,22,0.681818181818,2021-06,2022-12,-0.000822055193058,0.00127228729188,-0.64612387336,15,-0.00331569246314,0.00167158207702
rf_minus_zero,complete,equal,common_lowDS_WML,early_2021_2022,6,22,0.681818181818,2021-06,2022-12,-0.000822055193058,0.000898475868933,-0.914944097535,15,-0.00258303553715,0.000938925151029
rf_minus_zero,complete,equal,common_lowDS_WML,middle_2023,3,12,0.5,2023-01,2023-12,0.00129429733865,0.000719920943732,1.79783259526,6,-0.000116721782781,0.00270531646008
rf_minus_zero,complete,equal,common_lowDS_WML,middle_2023,6,12,0.5,2023-01,2023-12,0.00129429733865,0.000660148306984,1.96061600849,6,4.30432506271e-07,0.00258816424479
rf_minus_zero,complete,equal,common_lowDS_minus_highDS,full,3,34,0.617647058824,2021-06,2023-12,-0.00196704539297,0.0023993672969,-0.819818372747,21,-0.00666971888057,0.00273562809464
rf_minus_zero,complete,equal,common_lowDS_minus_highDS,full,6,34,0.617647058824,2021-06,2023-12,-0.00196704539297,0.00216696264122,-0.907743103434,21,-0.0062142141256,0.00228012333967
rf_minus_zero,complete,equal,common_lowDS_minus_highDS,early_2021_2022,3,22,0.681818181818,2021-06,2022-12,-0.00296759584395,0.00326187688015,-0.909781684898,15,-0.00936075705104,0.00342556536314
rf_minus_zero,complete,equal,common_lowDS_minus_highDS,early_2021_2022,6,22,0.681818181818,2021-06,2022-12,-0.00296759584395,0.00290651669851,-1.0210145517,15,-0.0086642638935,0.0027290722056
rf_minus_zero,complete,equal,common_lowDS_minus_highDS,middle_2023,3,12,0.5,2023-01,2023-12,0.000534330734486,0.000737033284372,0.724975039549,6,-0.00091022795829,0.00197888942726
rf_minus_zero,complete,equal,common_lowDS_minus_highDS,middle_2023,6,12,0.5,2023-01,2023-12,0.000534330734486,0.000681311931505,0.784267396149,6,-0.000801016113501,0.00186967758247
rf_minus_zero,complete,equal,common_lowDS_minus_unconditional,full,3,34,0.617647058824,2021-06,2023-12,-0.000217383041142,0.00103930519485,-0.209161892213,21,-0.00225438379199,0.00181961770971
rf_minus_zero,complete,equal,common_lowDS_minus_unconditional,full,6,34,0.617647058824,2021-06,2023-12,-0.000217383041142,0.000860468553888,-0.252633335825,21,-0.00190387041659,0.00146910433431
rf_minus_zero,complete,equal,common_lowDS_minus_unconditional,early_2021_2022,3,22,0.681818181818,2021-06,2022-12,-0.000822055193058,0.00127228729188,-0.64612387336,15,-0.00331569246314,0.00167158207702
rf_minus_zero,complete,equal,common_lowDS_minus_unconditional,early_2021_2022,6,22,0.681818181818,2021-06,2022-12,-0.000822055193058,0.000898475868933,-0.914944097535,15,-0.00258303553715,0.000938925151029
rf_minus_zero,complete,equal,common_lowDS_minus_unconditional,middle_2023,3,12,0.5,2023-01,2023-12,0.00129429733865,0.000719920943732,1.79783259526,6,-0.000116721782781,0.00270531646008
rf_minus_zero,complete,equal,common_lowDS_minus_unconditional,middle_2023,6,12,0.5,2023-01,2023-12,0.00129429733865,0.000660148306984,1.96061600849,6,4.30432506271e-07,0.00258816424479
rf_minus_zero,complete,equal,common_unconditional_WML,full,3,34,0.617647058824,2021-06,2023-12,3.63465871157e-18,3.37550783213e-18,1.07677389368,21,-2.98121506894e-18,1.02505324921e-17
rf_minus_zero,complete,equal,common_unconditional_WML,full,6,34,0.617647058824,2021-06,2023-12,3.63465871157e-18,3.2773343023e-18,1.10902897792,21,-2.78879848623e-18,1.00581159094e-17
rf_minus_zero,complete,equal,common_unconditional_WML,early_2021_2022,3,22,0.681818181818,2021-06,2022-12,5.55111512313e-18,4.34935764202e-18,1.27630688943,15,-2.97346921112e-18,1.40756994574e-17
rf_minus_zero,complete,equal,common_unconditional_WML,early_2021_2022,6,22,0.681818181818,2021-06,2022-12,5.55111512313e-18,4.02155694753e-18,1.38033980261,15,-2.3309916558e-18,1.34332219021e-17
rf_minus_zero,complete,equal,common_unconditional_WML,middle_2023,3,12,0.5,2023-01,2023-12,-1.15648231732e-18,6.94959382376e-19,-1.66410058868,6,-2.51857767749e-18,2.05613042858e-19
rf_minus_zero,complete,equal,common_unconditional_WML,middle_2023,6,12,0.5,2023-01,2023-12,-1.15648231732e-18,5.54820785864e-19,-2.08442500134,6,-2.24391107549e-18,-6.90535591498e-20
rf_minus_zero,complete,equal,highDS_WML,full,3,34,0.705882352941,2021-04,2023-12,0.00143100725586,0.00269067991683,0.531838531556,24,-0.00384262847506,0.00670464298677
rf_minus_zero,complete,equal,highDS_WML,full,6,34,0.705882352941,2021-04,2023-12,0.00143100725586,0.002432578995,0.588267537785,24,-0.00333675996389,0.0061987744756
rf_minus_zero,complete,equal,highDS_WML,early_2021_2022,3,22,0.772727272727,2021-04,2022-12,0.00201453659645,0.00378113179813,0.532786663888,17,-0.00539634554869,0.00942541874158
rf_minus_zero,complete,equal,highDS_WML,early_2021_2022,6,22,0.772727272727,2021-04,2022-12,0.00201453659645,0.00341661384654,0.58962958266,17,-0.00468190349185,0.00871097668475
rf_minus_zero,complete,equal,highDS_WML,middle_2023,3,12,0.583333333333,2023-01,2023-12,1.38645715625e-05,0.000804637168202,0.0172308365937,7,-0.00156319529874,0.00159092444186
rf_minus_zero,complete,equal,highDS_WML,middle_2023,6,12,0.583333333333,2023-01,2023-12,1.38645715625e-05,0.000689068878756,0.0201207339207,7,-0.00133668561367,0.00136441475679
rf_minus_zero,complete,equal,highDS_minus_unconditional,full,3,34,0.617647058824,2021-06,2023-12,0.00174966235182,0.00298371530024,0.586403921206,21,-0.00409831217677,0.00759763688042
rf_minus_zero,complete,equal,highDS_minus_unconditional,full,6,34,0.617647058824,2021-06,2023-12,0.00174966235182,0.00250020532389,0.699807465854,21,-0.00315065003695,0.0066499747406
rf_minus_zero,complete,equal,highDS_minus_unconditional,early_2021_2022,3,22,0.681818181818,2021-06,2022-12,0.00214554065089,0.00417940577838,0.513360215461,15,-0.00604594415151,0.0103370254533
rf_minus_zero,complete,equal,highDS_minus_unconditional,early_2021_2022,6,22,0.681818181818,2021-06,2022-12,0.00214554065089,0.00350646627456,0.611881159803,15,-0.00472700696026,0.00901808826203
rf_minus_zero,complete,equal,highDS_minus_unconditional,middle_2023,3,12,0.5,2023-01,2023-12,0.000759966604164,0.000306896037625,2.47629982468,6,0.000158461423422,0.00136147178491
rf_minus_zero,complete,equal,highDS_minus_unconditional,middle_2023,6,12,0.5,2023-01,2023-12,0.000759966604164,0.00023272554976,3.26550567804,6,0.000303832908353,0.00121610029998
rf_minus_zero,complete,equal,lowDS_WML,full,3,34,1,2021-03,2023-12,0.000565822522921,0.000809096330772,0.699326521949,34,-0.00101997714542,0.00215162219126
rf_minus_zero,complete,equal,lowDS_WML,full,6,34,1,2021-03,2023-12,0.000565822522921,0.000741773918171,0.762796465419,34,-0.000888027641365,0.00201967268721
rf_minus_zero,complete,equal,lowDS_WML,early_2021_2022,3,22,1,2021-03,2022-12,4.20149439182e-05,0.00106114914431,0.0395938159528,22,-0.00203779916115,0.00212182904899
rf_minus_zero,complete,equal,lowDS_WML,early_2021_2022,6,22,1,2021-03,2022-12,4.20149439182e-05,0.000968294881988,0.0433906495839,22,-0.00185580815119,0.00193983803903
rf_minus_zero,complete,equal,lowDS_WML,middle_2023,3,12,1,2023-01,2023-12,0.00152613641776,0.000863177622565,1.76804446485,12,-0.000165660634729,0.00321793347025
rf_minus_zero,complete,equal,lowDS_WML,middle_2023,6,12,1,2023-01,2023-12,0.00152613641776,0.00071816358368,2.12505403008,12,0.000118561658738,0.00293371117678
rf_minus_zero,complete,equal,lowDS_minus_highDS,full,3,34,0.705882352941,2021-04,2023-12,-0.00164393958193,0.00229789426959,-0.715411324049,24,-0.00614772959061,0.00285985042675
rf_minus_zero,complete,equal,lowDS_minus_highDS,full,6,34,0.705882352941,2021-04,2023-12,-0.00164393958193,0.00227756665099,-0.721796475735,24,-0.00610788819025,0.00282000902639
rf_minus_zero,complete,equal,lowDS_minus_highDS,early_2021_2022,3,22,0.772727272727,2021-04,2022-12,-0.00312576819006,0.00306882865113,-1.01855416036,17,-0.009140561821,0.00288902544089
rf_minus_zero,complete,equal,lowDS_minus_highDS,early_2021_2022,6,22,0.772727272727,2021-04,2022-12,-0.00312576819006,0.0029702351109,-1.05236389489,17,-0.00894732203304,0.00269578565293
rf_minus_zero,complete,equal,lowDS_minus_highDS,middle_2023,3,12,0.583333333333,2023-01,2023-12,0.00195478703779,0.00136765636169,1.42929692907,7,-0.000725770174351,0.00463534424994
rf_minus_zero,complete,equal,lowDS_minus_highDS,middle_2023,6,12,0.583333333333,2023-01,2023-12,0.00195478703779,0.000950157283249,2.05732995185,7,9.25129829761e-05,0.00381706109261
rf_minus_zero,complete,equal,lowDS_minus_unconditional,full,3,34,0.617647058824,2021-06,2023-12,-0.000217383041142,0.00103930519485,-0.209161892213,21,-0.00225438379199,0.00181961770971
rf_minus_zero,complete,equal,lowDS_minus_unconditional,full,6,34,0.617647058824,2021-06,2023-12,-0.000217383041142,0.000860468553888,-0.252633335825,21,-0.00190387041659,0.00146910433431
rf_minus_zero,complete,equal,lowDS_minus_unconditional,early_2021_2022,3,22,0.681818181818,2021-06,2022-12,-0.000822055193058,0.00127228729188,-0.64612387336,15,-0.00331569246314,0.00167158207702
rf_minus_zero,complete,equal,lowDS_minus_unconditional,early_2021_2022,6,22,0.681818181818,2021-06,2022-12,-0.000822055193058,0.000898475868933,-0.914944097535,15,-0.00258303553715,0.000938925151029
rf_minus_zero,complete,equal,lowDS_minus_unconditional,middle_2023,3,12,0.5,2023-01,2023-12,0.00129429733865,0.000719920943732,1.79783259526,6,-0.000116721782781,0.00270531646008
rf_minus_zero,complete,equal,lowDS_minus_unconditional,middle_2023,6,12,0.5,2023-01,2023-12,0.00129429733865,0.000660148306984,1.96061600849,6,4.30432506271e-07,0.00258816424479
rf_minus_zero,complete,equal,unconditional_WML,full,3,34,0.617647058824,2021-06,2023-12,3.63465871157e-18,3.37550783213e-18,1.07677389368,21,-2.98121506894e-18,1.02505324921e-17
rf_minus_zero,complete,equal,unconditional_WML,full,6,34,0.617647058824,2021-06,2023-12,3.63465871157e-18,3.2773343023e-18,1.10902897792,21,-2.78879848623e-18,1.00581159094e-17
rf_minus_zero,complete,equal,unconditional_WML,early_2021_2022,3,22,0.681818181818,2021-06,2022-12,5.55111512313e-18,4.34935764202e-18,1.27630688943,15,-2.97346921112e-18,1.40756994574e-17
rf_minus_zero,complete,equal,unconditional_WML,early_2021_2022,6,22,0.681818181818,2021-06,2022-12,5.55111512313e-18,4.02155694753e-18,1.38033980261,15,-2.3309916558e-18,1.34332219021e-17
rf_minus_zero,complete,equal,unconditional_WML,middle_2023,3,12,0.5,2023-01,2023-12,-1.15648231732e-18,6.94959382376e-19,-1.66410058868,6,-2.51857767749e-18,2.05613042858e-19
rf_minus_zero,complete,equal,unconditional_WML,middle_2023,6,12,0.5,2023-01,2023-12,-1.15648231732e-18,5.54820785864e-19,-2.08442500134,6,-2.24391107549e-18,-6.90535591498e-20
rf_minus_zero,complete,value,WML_DS1,full,3,34,1,2021-03,2023-12,0.00289535537273,0.0017917371093,1.6159487671,34,-0.000616384831253,0.00640709557672
rf_minus_zero,complete,value,WML_DS1,full,6,34,1,2021-03,2023-12,0.00289535537273,0.00148386458342,1.9512261463,34,-1.2965768704e-05,0.00580367651417
rf_minus_zero,complete,value,WML_DS1,early_2021_2022,3,22,1,2021-03,2022-12,0.00527744266128,0.00242951383467,2.17222169553,22,0.000515683045375,0.0100392022772
rf_minus_zero,complete,value,WML_DS1,early_2021_2022,6,22,1,2021-03,2022-12,0.00527744266128,0.00221355962696,2.38414298716,22,0.000938945514806,0.00961593980775
rf_minus_zero,complete,value,WML_DS1,middle_2023,3,12,1,2023-01,2023-12,-0.00147180465627,0.0014953914364,-0.98422701939,12,-0.0044027180144,0.00145910870186
rf_minus_zero,complete,value,WML_DS1,middle_2023,6,12,1,2023-01,2023-12,-0.00147180465627,0.0012147792759,-1.21158196017,12,-0.0038527282862,0.000909118973659
rf_minus_zero,complete,value,WML_DS2,full,3,34,0.970588235294,2021-03,2023-12,-0.00303819870659,0.00149954926104,-2.0260746249,33,-0.00597726125128,-9.91361618982e-05
rf_minus_zero,complete,value,WML_DS2,full,6,34,0.970588235294,2021-03,2023-12,-0.00303819870659,0.00132907134186,-2.28595607391,33,-0.00564313066952,-0.000433266743656
rf_minus_zero,complete,value,WML_DS2,early_2021_2022,3,22,1,2021-03,2022-12,-0.00478649005578,0.00167821057354,-2.85213913632,22,-0.0080757223384,-0.00149725777316
rf_minus_zero,complete,value,WML_DS2,early_2021_2022,6,22,1,2021-03,2022-12,-0.00478649005578,0.00120029980041,-3.98774544005,22,-0.00713903443524,-0.00243394567633
rf_minus_zero,complete,value,WML_DS2,middle_2023,3,12,0.916666666667,2023-01,2023-12,0.000458383991797,0.00209945687522,0.218334559385,11,-0.00365647587072,0.00457324385432
rf_minus_zero,complete,value,WML_DS2,middle_2023,6,12,0.916666666667,2023-01,2023-12,0.000458383991797,0.00179353654394,0.255575495992,11,-0.00305688303928,0.00397365102288
rf_minus_zero,complete,value,WML_DS3,full,3,34,0.911764705882,2021-03,2023-12,-0.00246205958277,0.00344898425351,-0.713850630157,31,-0.00922194450288,0.00429782533735
rf_minus_zero,complete,value,WML_DS3,full,6,34,0.911764705882,2021-03,2023-12,-0.00246205958277,0.00285770419398,-0.861551586745,31,-0.00806305688143,0.00313893771589
rf_minus_zero,complete,value,WML_DS3,early_2021_2022,3,22,0.954545454545,2021-03,2022-12,-0.00165693965611,0.00473826803732,-0.349693103695,21,-0.0109437743583,0.00762989504613
rf_minus_zero,complete,value,WML_DS3,early_2021_2022,6,22,0.954545454545,2021-03,2022-12,-0.00165693965611,0.00367458072058,-0.450919378863,21,-0.00885898552673,0.00554510621452
rf_minus_zero,complete,value,WML_DS3,middle_2023,3,12,0.833333333333,2023-01,2023-12,-0.00415281142876,0.00398936473534,-1.04097060667,10,-0.0119718226312,0.00366619977371
rf_minus_zero,complete,value,WML_DS3,middle_2023,6,12,0.833333333333,2023-01,2023-12,-0.00415281142876,0.00316996680526,-1.31004886924,10,-0.0103658321993,0.00206020934174
rf_minus_zero,complete,value,WML_DS4,full,3,34,0.735294117647,2021-03,2023-12,-0.00199175535954,0.00513577348637,-0.387819938872,25,-0.0120576864256,0.0080741757065
rf_minus_zero,complete,value,WML_DS4,full,6,34,0.735294117647,2021-03,2023-12,-0.00199175535954,0.00440550479659,-0.452106047208,25,-0.0106263860946,0.0066428753755
rf_minus_zero,complete,value,WML_DS4,early_2021_2022,3,22,0.818181818182,2021-03,2022-12,-0.00521557327957,0.00551451128998,-0.945790661277,18,-0.0160238168003,0.00559267024113
rf_minus_zero,complete,value,WML_DS4,early_2021_2022,6,22,0.818181818182,2021-03,2022-12,-0.00521557327957,0.00448278470846,-1.1634672684,18,-0.0140016698586,0.00357052329946
rf_minus_zero,complete,value,WML_DS4,middle_2023,3,12,0.583333333333,2023-01,2023-12,0.00629806214909,0.0105978212393,0.59427895667,7,-0.0144732857946,0.0270694100928
rf_minus_zero,complete,value,WML_DS4,middle_2023,6,12,0.583333333333,2023-01,2023-12,0.00629806214909,0.00851794950673,0.739387119413,7,-0.0103968121062,0.0229929364044
rf_minus_zero,complete,value,WML_DS5,full,3,34,0.705882352941,2021-04,2023-12,0.00412551508169,0.00438365396298,0.941113307876,24,-0.00446628880644,0.0127173189698
rf_minus_zero,complete,value,WML_DS5,full,6,34,0.705882352941,2021-04,2023-12,0.00412551508169,0.00396559620338,1.04032656632,24,-0.00364691065416,0.0118979408175
rf_minus_zero,complete,value,WML_DS5,early_2021_2022,3,22,0.772727272727,2021-04,2022-12,0.0060638394742,0.00592783083618,1.02294408221,17,-0.00555449547117,0.0176821744196
rf_minus_zero,complete,value,WML_DS5,early_2021_2022,6,22,0.772727272727,2021-04,2022-12,0.0060638394742,0.0053413946343,1.13525397192,17,-0.00440510163624,0.0165327805846
rf_minus_zero,complete,value,WML_DS5,middle_2023,3,12,0.583333333333,2023-01,2023-12,-0.000581844157265,0.00132223493267,-0.440045972837,7,-0.0031733770044,0.00200968868987
rf_minus_zero,complete,value,WML_DS5,middle_2023,6,12,0.583333333333,2023-01,2023-12,-0.000581844157265,0.000935384375047,-0.622037499008,7,-0.00241516384406,0.00125147552953
rf_minus_zero,complete,value,common_highDS_WML,full,3,34,0.617647058824,2021-06,2023-12,0.00627917323255,0.00480720258276,1.30620108565,21,-0.00314277069606,0.0157011171612
rf_minus_zero,complete,value,common_highDS_WML,full,6,34,0.617647058824,2021-06,2023-12,0.00627917323255,0.00420678660807,1.49262936715,21,-0.00196597700992,0.014524323475
rf_minus_zero,complete,value,common_highDS_WML,early_2021_2022,3,22,0.681818181818,2021-06,2022-12,0.00865732703634,0.006421520969,1.34817391053,15,-0.00392862278887,0.0212432768615
rf_minus_zero,complete,value,common_highDS_WML,early_2021_2022,6,22,0.681818181818,2021-06,2022-12,0.00865732703634,0.00549461550058,1.57560197532,15,-0.00211192145369,0.0194265755264
rf_minus_zero,complete,value,common_highDS_WML,middle_2023,3,12,0.5,2023-01,2023-12,0.000333788723075,0.00132510397496,0.251896250697,6,-0.00226336734361,0.00293094478976
rf_minus_zero,complete,value,common_highDS_WML,middle_2023,6,12,0.5,2023-01,2023-12,0.000333788723075,0.00135787090923,0.245817714192,6,-0.00232758935468,0.00299516680083
rf_minus_zero,complete,value,common_highDS_minus_unconditional,full,3,34,0.617647058824,2021-06,2023-12,0.00627917323255,0.00480720258276,1.30620108565,21,-0.00314277069606,0.0157011171612
rf_minus_zero,complete,value,common_highDS_minus_unconditional,full,6,34,0.617647058824,2021-06,2023-12,0.00627917323255,0.00420678660807,1.49262936715,21,-0.00196597700992,0.014524323475
rf_minus_zero,complete,value,common_highDS_minus_unconditional,early_2021_2022,3,22,0.681818181818,2021-06,2022-12,0.00865732703634,0.006421520969,1.34817391053,15,-0.00392862278887,0.0212432768615
rf_minus_zero,complete,value,common_highDS_minus_unconditional,early_2021_2022,6,22,0.681818181818,2021-06,2022-12,0.00865732703634,0.00549461550058,1.57560197532,15,-0.00211192145369,0.0194265755264
rf_minus_zero,complete,value,common_highDS_minus_unconditional,middle_2023,3,12,0.5,2023-01,2023-12,0.000333788723075,0.00132510397496,0.251896250697,6,-0.00226336734361,0.00293094478976
rf_minus_zero,complete,value,common_highDS_minus_unconditional,middle_2023,6,12,0.5,2023-01,2023-12,0.000333788723075,0.00135787090923,0.245817714192,6,-0.00232758935468,0.00299516680083
rf_minus_zero,complete,value,common_lowDS_WML,full,3,34,0.617647058824,2021-06,2023-12,0.00328871388692,0.00209828755907,1.56733230996,21,-0.000823854158067,0.00740128193191
rf_minus_zero,complete,value,common_lowDS_WML,full,6,34,0.617647058824,2021-06,2023-12,0.00328871388692,0.00175676994008,1.87202308731,21,-0.000154491924752,0.00673191969859
rf_minus_zero,complete,value,common_lowDS_WML,early_2021_2022,3,22,0.681818181818,2021-06,2022-12,0.00524102323498,0.00306230454373,1.71146375553,15,-0.000760983380418,0.0112430298504
rf_minus_zero,complete,value,common_lowDS_WML,early_2021_2022,6,22,0.681818181818,2021-06,2022-12,0.00524102323498,0.0024168941449,2.16849515153,15,0.000503997756519,0.00997804871344
rf_minus_zero,complete,value,common_lowDS_WML,middle_2023,3,12,0.5,2023-01,2023-12,-0.00159205948322,0.000884008649782,-1.80095464406,6,-0.00332468459881,0.000140565632378
rf_minus_zero,complete,value,common_lowDS_WML,middle_2023,6,12,0.5,2023-01,2023-12,-0.00159205948322,0.000929612866116,-1.71260482858,6,-0.00341406722037,0.000229948253935
rf_minus_zero,complete,value,common_lowDS_minus_highDS,full,3,34,0.617647058824,2021-06,2023-12,-0.00299045934563,0.00448507096887,-0.666758534342,21,-0.0117810369127,0.00580011822147
rf_minus_zero,complete,value,common_lowDS_minus_highDS,full,6,34,0.617647058824,2021-06,2023-12,-0.00299045934563,0.00392027662814,-0.762818451168,21,-0.0106740603462,0.00469314165496
rf_minus_zero,complete,value,common_lowDS_minus_highDS,early_2021_2022,3,22,0.681818181818,2021-06,2022-12,-0.00341630380136,0.00628465635494,-0.543594368318,15,-0.0157340039123,0.00890139630954
rf_minus_zero,complete,value,common_lowDS_minus_highDS,early_2021_2022,6,22,0.681818181818,2021-06,2022-12,-0.00341630380136,0.00545553872043,-0.626208331831,15,-0.0141089632097,0.00727635560695
rf_minus_zero,complete,value,common_lowDS_minus_highDS,middle_2023,3,12,0.5,2023-01,2023-12,-0.00192584820629,0.00219275238206,-0.878278925631,6,-0.00622356390215,0.00237186748957
rf_minus_zero,complete,value,common_lowDS_minus_highDS,middle_2023,6,12,0.5,2023-01,2023-12,-0.00192584820629,0.00227826156879,-0.845314792944,6,-0.00639115882848,0.00253946241589
rf_minus_zero,complete,value,common_lowDS_minus_unconditional,full,3,34,0.617647058824,2021-06,2023-12,0.00328871388692,0.00209828755907,1.56733230996,21,-0.000823854158067,0.00740128193191
rf_minus_zero,complete,value,common_lowDS_minus_unconditional,full,6,34,0.617647058824,2021-06,2023-12,0.00328871388692,0.00175676994008,1.87202308731,21,-0.000154491924752,0.00673191969859
rf_minus_zero,complete,value,common_lowDS_minus_unconditional,early_2021_2022,3,22,0.681818181818,2021-06,2022-12,0.00524102323498,0.00306230454373,1.71146375553,15,-0.000760983380418,0.0112430298504
rf_minus_zero,complete,value,common_lowDS_minus_unconditional,early_2021_2022,6,22,0.681818181818,2021-06,2022-12,0.00524102323498,0.0024168941449,2.16849515153,15,0.000503997756519,0.00997804871344
rf_minus_zero,complete,value,common_lowDS_minus_unconditional,middle_2023,3,12,0.5,2023-01,2023-12,-0.00159205948322,0.000884008649782,-1.80095464406,6,-0.00332468459881,0.000140565632378
rf_minus_zero,complete,value,common_lowDS_minus_unconditional,middle_2023,6,12,0.5,2023-01,2023-12,-0.00159205948322,0.000929612866116,-1.71260482858,6,-0.00341406722037,0.000229948253935
rf_minus_zero,complete,value,common_unconditional_WML,full,3,34,0.617647058824,2021-06,2023-12,2.31296463464e-18,2.72682830884e-18,0.84822525391,21,-3.03152064272e-18,7.65744991199e-18
rf_minus_zero,complete,value,common_unconditional_WML,full,6,34,0.617647058824,2021-06,2023-12,2.31296463464e-18,2.25313992453e-18,1.02655170655,21,-2.10310846958e-18,6.72903773885e-18
rf_minus_zero,complete,value,common_unconditional_WML,early_2021_2022,3,22,0.681818181818,2021-06,2022-12,4.741577501e-18,3.25796119178e-18,1.45538182375,15,-1.64390909791e-18,1.11270640999e-17
rf_minus_zero,complete,value,common_unconditional_WML,early_2021_2022,6,22,0.681818181818,2021-06,2022-12,4.741577501e-18,2.26751814297e-18,2.09108690738,15,2.97323606494e-19,9.18583139551e-18
rf_minus_zero,complete,value,common_unconditional_WML,middle_2023,3,12,0.5,2023-01,2023-12,-3.75856753128e-18,2.97004070763e-18,-1.26549360809,6,-9.57974035086e-18,2.06260528829e-18
rf_minus_zero,complete,value,common_unconditional_WML,middle_2023,6,12,0.5,2023-01,2023-12,-3.75856753128e-18,2.73472390147e-18,-1.3743864707,6,-9.11852788582e-18,1.60139282325e-18
rf_minus_zero,complete,value,highDS_WML,full,3,34,0.705882352941,2021-04,2023-12,0.00412551508169,0.00438365396298,0.941113307876,24,-0.00446628880644,0.0127173189698
rf_minus_zero,complete,value,highDS_WML,full,6,34,0.705882352941,2021-04,2023-12,0.00412551508169,0.00396559620338,1.04032656632,24,-0.00364691065416,0.0118979408175
rf_minus_zero,complete,value,highDS_WML,early_2021_2022,3,22,0.772727272727,2021-04,2022-12,0.0060638394742,0.00592783083618,1.02294408221,17,-0.00555449547117,0.0176821744196
rf_minus_zero,complete,value,highDS_WML,early_2021_2022,6,22,0.772727272727,2021-04,2022-12,0.0060638394742,0.0053413946343,1.13525397192,17,-0.00440510163624,0.0165327805846
rf_minus_zero,complete,value,highDS_WML,middle_2023,3,12,0.583333333333,2023-01,2023-12,-0.000581844157265,0.00132223493267,-0.440045972837,7,-0.0031733770044,0.00200968868987
rf_minus_zero,complete,value,highDS_WML,middle_2023,6,12,0.583333333333,2023-01,2023-12,-0.000581844157265,0.000935384375047,-0.622037499008,7,-0.00241516384406,0.00125147552953
rf_minus_zero,complete,value,highDS_minus_unconditional,full,3,34,0.617647058824,2021-06,2023-12,0.00627917323255,0.00480720258276,1.30620108565,21,-0.00314277069606,0.0157011171612
rf_minus_zero,complete,value,highDS_minus_unconditional,full,6,34,0.617647058824,2021-06,2023-12,0.00627917323255,0.00420678660807,1.49262936715,21,-0.00196597700992,0.014524323475
rf_minus_zero,complete,value,highDS_minus_unconditional,early_2021_2022,3,22,0.681818181818,2021-06,2022-12,0.00865732703634,0.006421520969,1.34817391053,15,-0.00392862278887,0.0212432768615
rf_minus_zero,complete,value,highDS_minus_unconditional,early_2021_2022,6,22,0.681818181818,2021-06,2022-12,0.00865732703634,0.00549461550058,1.57560197532,15,-0.00211192145369,0.0194265755264
rf_minus_zero,complete,value,highDS_minus_unconditional,middle_2023,3,12,0.5,2023-01,2023-12,0.000333788723075,0.00132510397496,0.251896250697,6,-0.00226336734361,0.00293094478976
rf_minus_zero,complete,value,highDS_minus_unconditional,middle_2023,6,12,0.5,2023-01,2023-12,0.000333788723075,0.00135787090923,0.245817714192,6,-0.00232758935468,0.00299516680083
rf_minus_zero,complete,value,lowDS_WML,full,3,34,1,2021-03,2023-12,0.00289535537273,0.0017917371093,1.6159487671,34,-0.000616384831253,0.00640709557672
rf_minus_zero,complete,value,lowDS_WML,full,6,34,1,2021-03,2023-12,0.00289535537273,0.00148386458342,1.9512261463,34,-1.2965768704e-05,0.00580367651417
rf_minus_zero,complete,value,lowDS_WML,early_2021_2022,3,22,1,2021-03,2022-12,0.00527744266128,0.00242951383467,2.17222169553,22,0.000515683045375,0.0100392022772
rf_minus_zero,complete,value,lowDS_WML,early_2021_2022,6,22,1,2021-03,2022-12,0.00527744266128,0.00221355962696,2.38414298716,22,0.000938945514806,0.00961593980775
rf_minus_zero,complete,value,lowDS_WML,middle_2023,3,12,1,2023-01,2023-12,-0.00147180465627,0.0014953914364,-0.98422701939,12,-0.0044027180144,0.00145910870186
rf_minus_zero,complete,value,lowDS_WML,middle_2023,6,12,1,2023-01,2023-12,-0.00147180465627,0.0012147792759,-1.21158196017,12,-0.0038527282862,0.000909118973659
rf_minus_zero,complete,value,lowDS_minus_highDS,full,3,34,0.705882352941,2021-04,2023-12,-0.00130141739516,0.00412594603662,-0.31542278634,24,-0.00938812302908,0.00678528823877
rf_minus_zero,complete,value,lowDS_minus_highDS,full,6,34,0.705882352941,2021-04,2023-12,-0.00130141739516,0.00378865183231,-0.343504088726,24,-0.00872703853644,0.00612420374613
rf_minus_zero,complete,value,lowDS_minus_highDS,early_2021_2022,3,22,0.772727272727,2021-04,2022-12,-0.00179537471523,0.00579361785703,-0.309888356384,17,-0.0131506570552,0.00955990762473
rf_minus_zero,complete,value,lowDS_minus_highDS,early_2021_2022,6,22,0.772727272727,2021-04,2022-12,-0.00179537471523,0.00526139419903,-0.341235544671,17,-0.0121075178538,0.00851676842334
rf_minus_zero,complete,value,lowDS_minus_highDS,middle_2023,3,12,0.583333333333,2023-01,2023-12,-0.00010180676068,0.00236199747902,-0.0431019768584,7,-0.00473123675114,0.00452762322978
rf_minus_zero,complete,value,lowDS_minus_highDS,middle_2023,6,12,0.583333333333,2023-01,2023-12,-0.00010180676068,0.00164554358781,-0.0618681640735,7,-0.00332701292777,0.00312339940641
rf_minus_zero,complete,value,lowDS_minus_unconditional,full,3,34,0.617647058824,2021-06,2023-12,0.00328871388692,0.00209828755907,1.56733230996,21,-0.000823854158067,0.00740128193191
rf_minus_zero,complete,value,lowDS_minus_unconditional,full,6,34,0.617647058824,2021-06,2023-12,0.00328871388692,0.00175676994008,1.87202308731,21,-0.000154491924752,0.00673191969859
rf_minus_zero,complete,value,lowDS_minus_unconditional,early_2021_2022,3,22,0.681818181818,2021-06,2022-12,0.00524102323498,0.00306230454373,1.71146375553,15,-0.000760983380418,0.0112430298504
rf_minus_zero,complete,value,lowDS_minus_unconditional,early_2021_2022,6,22,0.681818181818,2021-06,2022-12,0.00524102323498,0.0024168941449,2.16849515153,15,0.000503997756519,0.00997804871344
rf_minus_zero,complete,value,lowDS_minus_unconditional,middle_2023,3,12,0.5,2023-01,2023-12,-0.00159205948322,0.000884008649782,-1.80095464406,6,-0.00332468459881,0.000140565632378
rf_minus_zero,complete,value,lowDS_minus_unconditional,middle_2023,6,12,0.5,2023-01,2023-12,-0.00159205948322,0.000929612866116,-1.71260482858,6,-0.00341406722037,0.000229948253935
rf_minus_zero,complete,value,unconditional_WML,full,3,34,0.617647058824,2021-06,2023-12,2.31296463464e-18,2.72682830884e-18,0.84822525391,21,-3.03152064272e-18,7.65744991199e-18
rf_minus_zero,complete,value,unconditional_WML,full,6,34,0.617647058824,2021-06,2023-12,2.31296463464e-18,2.25313992453e-18,1.02655170655,21,-2.10310846958e-18,6.72903773885e-18
rf_minus_zero,complete,value,unconditional_WML,early_2021_2022,3,22,0.681818181818,2021-06,2022-12,4.741577501e-18,3.25796119178e-18,1.45538182375,15,-1.64390909791e-18,1.11270640999e-17
rf_minus_zero,complete,value,unconditional_WML,early_2021_2022,6,22,0.681818181818,2021-06,2022-12,4.741577501e-18,2.26751814297e-18,2.09108690738,15,2.97323606494e-19,9.18583139551e-18
rf_minus_zero,complete,value,unconditional_WML,middle_2023,3,12,0.5,2023-01,2023-12,-3.75856753128e-18,2.97004070763e-18,-1.26549360809,6,-9.57974035086e-18,2.06260528829e-18
rf_minus_zero,complete,value,unconditional_WML,middle_2023,6,12,0.5,2023-01,2023-12,-3.75856753128e-18,2.73472390147e-18,-1.3743864707,6,-9.11852788582e-18,1.60139282325e-18
rf_minus_zero,observed_only_selected_sample,equal,WML_DS1,full,3,34,1,2021-03,2023-12,0.000565822522921,0.000809096330772,0.699326521949,34,-0.00101997714542,0.00215162219126
rf_minus_zero,observed_only_selected_sample,equal,WML_DS1,full,6,34,1,2021-03,2023-12,0.000565822522921,0.000741773918171,0.762796465419,34,-0.000888027641365,0.00201967268721
rf_minus_zero,observed_only_selected_sample,equal,WML_DS1,early_2021_2022,3,22,1,2021-03,2022-12,4.20149439182e-05,0.00106114914431,0.0395938159528,22,-0.00203779916115,0.00212182904899
rf_minus_zero,observed_only_selected_sample,equal,WML_DS1,early_2021_2022,6,22,1,2021-03,2022-12,4.20149439182e-05,0.000968294881988,0.0433906495839,22,-0.00185580815119,0.00193983803903
rf_minus_zero,observed_only_selected_sample,equal,WML_DS1,middle_2023,3,12,1,2023-01,2023-12,0.00152613641776,0.000863177622565,1.76804446485,12,-0.000165660634729,0.00321793347025
rf_minus_zero,observed_only_selected_sample,equal,WML_DS1,middle_2023,6,12,1,2023-01,2023-12,0.00152613641776,0.00071816358368,2.12505403008,12,0.000118561658738,0.00293371117678
rf_minus_zero,observed_only_selected_sample,equal,WML_DS2,full,3,34,1,2021-03,2023-12,0.000526478423214,0.000927130160913,0.567858155639,34,-0.00129066330116,0.00234362014758
rf_minus_zero,observed_only_selected_sample,equal,WML_DS2,full,6,34,1,2021-03,2023-12,0.000526478423214,0.000736730024155,0.714615131665,34,-0.00091748589046,0.00197044273689
rf_minus_zero,observed_only_selected_sample,equal,WML_DS2,early_2021_2022,3,22,1,2021-03,2022-12,0.000345433990438,0.00140887533817,0.245184212597,22,-0.00241591093109,0.00310677891196
rf_minus_zero,observed_only_selected_sample,equal,WML_DS2,early_2021_2022,6,22,1,2021-03,2022-12,0.000345433990438,0.00110999810388,0.311202324788,22,-0.00183012231608,0.00252099029695
rf_minus_zero,observed_only_selected_sample,equal,WML_DS2,middle_2023,3,12,1,2023-01,2023-12,0.000858393216637,0.000613742631477,1.39862081044,12,-0.000344520236835,0.00206130667011
rf_minus_zero,observed_only_selected_sample,equal,WML_DS2,middle_2023,6,12,1,2023-01,2023-12,0.000858393216637,0.000600894956086,1.42852458311,12,-0.000319339255784,0.00203612568906
rf_minus_zero,observed_only_selected_sample,equal,WML_DS3,full,3,34,1,2021-03,2023-12,-0.0017895502098,0.00074374951351,-2.40611950299,34,-0.00324727246979,-0.000331827949798
rf_minus_zero,observed_only_selected_sample,equal,WML_DS3,full,6,34,1,2021-03,2023-12,-0.0017895502098,0.000596783684416,-2.99865806745,34,-0.00295922473781,-0.000619875681779
rf_minus_zero,observed_only_selected_sample,equal,WML_DS3,early_2021_2022,3,22,1,2021-03,2022-12,-0.0022323134153,0.000856506460014,-2.60630073388,22,-0.00391103522946,-0.000553591601151
rf_minus_zero,observed_only_selected_sample,equal,WML_DS3,early_2021_2022,6,22,1,2021-03,2022-12,-0.0022323134153,0.000770478917518,-2.89730629164,22,-0.00374242434449,-0.000722202486121
rf_minus_zero,observed_only_selected_sample,equal,WML_DS3,middle_2023,3,12,1,2023-01,2023-12,-0.000977817666364,0.00128942190255,-0.758338030735,12,-0.00350503815623,0.00154940282351
rf_minus_zero,observed_only_selected_sample,equal,WML_DS3,middle_2023,6,12,1,2023-01,2023-12,-0.000977817666364,0.00085734761013,-1.14051483297,12,-0.00265818810445,0.000702552771723
rf_minus_zero,observed_only_selected_sample,equal,WML_DS4,full,3,34,0.852941176471,2021-03,2023-12,-0.0055742816525,0.00285514121465,-1.95236635719,29,-0.011170255604,2.16922989925e-05
rf_minus_zero,observed_only_selected_sample,equal,WML_DS4,full,6,34,0.852941176471,2021-03,2023-12,-0.0055742816525,0.00241703631951,-2.30624654148,29,-0.0103115857881,-0.000836977516939
rf_minus_zero,observed_only_selected_sample,equal,WML_DS4,early_2021_2022,3,22,0.863636363636,2021-03,2022-12,-0.00622334723297,0.00340737290576,-1.82643561626,19,-0.0129016754102,0.000454980944224
rf_minus_zero,observed_only_selected_sample,equal,WML_DS4,early_2021_2022,6,22,0.863636363636,2021-03,2022-12,-0.00622334723297,0.00263177524028,-2.3646955628,19,-0.0113815319193,-0.00106516254662
rf_minus_zero,observed_only_selected_sample,equal,WML_DS4,middle_2023,3,12,0.833333333333,2023-01,2023-12,-0.0043410570496,0.00484387401305,-0.896195284581,10,-0.0138348756608,0.00515276156163
rf_minus_zero,observed_only_selected_sample,equal,WML_DS4,middle_2023,6,12,0.833333333333,2023-01,2023-12,-0.0043410570496,0.00446012894839,-0.973303036713,10,-0.0130827491548,0.00440063505565
rf_minus_zero,observed_only_selected_sample,equal,WML_DS5,full,3,34,1,2021-03,2023-12,0.00130340386547,0.00224270944136,0.581173754136,34,-0.00309222586738,0.00569903359832
rf_minus_zero,observed_only_selected_sample,equal,WML_DS5,full,6,34,1,2021-03,2023-12,0.00130340386547,0.00222564094866,0.585630789302,34,-0.00305877223643,0.00566557996737
rf_minus_zero,observed_only_selected_sample,equal,WML_DS5,early_2021_2022,3,22,1,2021-03,2022-12,0.00241151576558,0.00326802681384,0.737911866381,22,-0.00399369909005,0.00881673062121
rf_minus_zero,observed_only_selected_sample,equal,WML_DS5,early_2021_2022,6,22,1,2021-03,2022-12,0.00241151576558,0.00322590870056,0.747546192228,22,-0.00391114910493,0.0087341806361
rf_minus_zero,observed_only_selected_sample,equal,WML_DS5,middle_2023,3,12,1,2023-01,2023-12,-0.00072813461807,0.0016202588321,-0.449394012637,12,-0.00390378357463,0.00244751433849
rf_minus_zero,observed_only_selected_sample,equal,WML_DS5,middle_2023,6,12,1,2023-01,2023-12,-0.00072813461807,0.00144800250752,-0.502854528419,12,-0.00356616738234,0.0021098981462
rf_minus_zero,observed_only_selected_sample,equal,common_highDS_WML,full,3,34,1,2021-03,2023-12,0.00130340386547,0.00224270944136,0.581173754136,34,-0.00309222586738,0.00569903359832
rf_minus_zero,observed_only_selected_sample,equal,common_highDS_WML,full,6,34,1,2021-03,2023-12,0.00130340386547,0.00222564094866,0.585630789302,34,-0.00305877223643,0.00566557996737
rf_minus_zero,observed_only_selected_sample,equal,common_highDS_WML,early_2021_2022,3,22,1,2021-03,2022-12,0.00241151576558,0.00326802681384,0.737911866381,22,-0.00399369909005,0.00881673062121
rf_minus_zero,observed_only_selected_sample,equal,common_highDS_WML,early_2021_2022,6,22,1,2021-03,2022-12,0.00241151576558,0.00322590870056,0.747546192228,22,-0.00391114910493,0.0087341806361
rf_minus_zero,observed_only_selected_sample,equal,common_highDS_WML,middle_2023,3,12,1,2023-01,2023-12,-0.00072813461807,0.0016202588321,-0.449394012637,12,-0.00390378357463,0.00244751433849
rf_minus_zero,observed_only_selected_sample,equal,common_highDS_WML,middle_2023,6,12,1,2023-01,2023-12,-0.00072813461807,0.00144800250752,-0.502854528419,12,-0.00356616738234,0.0021098981462
rf_minus_zero,observed_only_selected_sample,equal,common_highDS_minus_unconditional,full,3,34,1,2021-03,2023-12,0.00130340386547,0.00224270944136,0.581173754136,34,-0.00309222586738,0.00569903359832
rf_minus_zero,observed_only_selected_sample,equal,common_highDS_minus_unconditional,full,6,34,1,2021-03,2023-12,0.00130340386547,0.00222564094866,0.585630789302,34,-0.00305877223643,0.00566557996737
rf_minus_zero,observed_only_selected_sample,equal,common_highDS_minus_unconditional,early_2021_2022,3,22,1,2021-03,2022-12,0.00241151576558,0.00326802681384,0.737911866381,22,-0.00399369909005,0.00881673062121
rf_minus_zero,observed_only_selected_sample,equal,common_highDS_minus_unconditional,early_2021_2022,6,22,1,2021-03,2022-12,0.00241151576558,0.00322590870056,0.747546192228,22,-0.00391114910493,0.0087341806361
rf_minus_zero,observed_only_selected_sample,equal,common_highDS_minus_unconditional,middle_2023,3,12,1,2023-01,2023-12,-0.00072813461807,0.0016202588321,-0.449394012637,12,-0.00390378357463,0.00244751433849
rf_minus_zero,observed_only_selected_sample,equal,common_highDS_minus_unconditional,middle_2023,6,12,1,2023-01,2023-12,-0.00072813461807,0.00144800250752,-0.502854528419,12,-0.00356616738234,0.0021098981462
rf_minus_zero,observed_only_selected_sample,equal,common_lowDS_WML,full,3,34,1,2021-03,2023-12,0.000565822522921,0.000809096330772,0.699326521949,34,-0.00101997714542,0.00215162219126
rf_minus_zero,observed_only_selected_sample,equal,common_lowDS_WML,full,6,34,1,2021-03,2023-12,0.000565822522921,0.000741773918171,0.762796465419,34,-0.000888027641365,0.00201967268721
rf_minus_zero,observed_only_selected_sample,equal,common_lowDS_WML,early_2021_2022,3,22,1,2021-03,2022-12,4.20149439182e-05,0.00106114914431,0.0395938159528,22,-0.00203779916115,0.00212182904899
rf_minus_zero,observed_only_selected_sample,equal,common_lowDS_WML,early_2021_2022,6,22,1,2021-03,2022-12,4.20149439182e-05,0.000968294881988,0.0433906495839,22,-0.00185580815119,0.00193983803903
rf_minus_zero,observed_only_selected_sample,equal,common_lowDS_WML,middle_2023,3,12,1,2023-01,2023-12,0.00152613641776,0.000863177622565,1.76804446485,12,-0.000165660634729,0.00321793347025
rf_minus_zero,observed_only_selected_sample,equal,common_lowDS_WML,middle_2023,6,12,1,2023-01,2023-12,0.00152613641776,0.00071816358368,2.12505403008,12,0.000118561658738,0.00293371117678
rf_minus_zero,observed_only_selected_sample,equal,common_lowDS_minus_highDS,full,3,34,1,2021-03,2023-12,-0.000737581342549,0.00190456729887,-0.387269771453,34,-0.00447046465446,0.00299530196937
rf_minus_zero,observed_only_selected_sample,equal,common_lowDS_minus_highDS,full,6,34,1,2021-03,2023-12,-0.000737581342549,0.00188397583405,-0.391502549672,34,-0.00443010612502,0.00295494343992
rf_minus_zero,observed_only_selected_sample,equal,common_lowDS_minus_highDS,early_2021_2022,3,22,1,2021-03,2022-12,-0.00236950082166,0.00252536820531,-0.938279343457,22,-0.00731913155177,0.00258012990845
rf_minus_zero,observed_only_selected_sample,equal,common_lowDS_minus_highDS,early_2021_2022,6,22,1,2021-03,2022-12,-0.00236950082166,0.00248447385282,-0.953723388546,22,-0.00723898009372,0.00249997845039
rf_minus_zero,observed_only_selected_sample,equal,common_lowDS_minus_highDS,middle_2023,3,12,1,2023-01,2023-12,0.00225427103583,0.00171865604612,1.31164757539,12,-0.00111423291638,0.00562277498804
rf_minus_zero,observed_only_selected_sample,equal,common_lowDS_minus_highDS,middle_2023,6,12,1,2023-01,2023-12,0.00225427103583,0.00141474137614,1.59341564038,12,-0.000518571108842,0.0050271131805
rf_minus_zero,observed_only_selected_sample,equal,common_lowDS_minus_unconditional,full,3,34,1,2021-03,2023-12,0.000565822522921,0.000809096330772,0.699326521949,34,-0.00101997714542,0.00215162219126
rf_minus_zero,observed_only_selected_sample,equal,common_lowDS_minus_unconditional,full,6,34,1,2021-03,2023-12,0.000565822522921,0.000741773918171,0.762796465419,34,-0.000888027641365,0.00201967268721
rf_minus_zero,observed_only_selected_sample,equal,common_lowDS_minus_unconditional,early_2021_2022,3,22,1,2021-03,2022-12,4.20149439182e-05,0.00106114914431,0.0395938159528,22,-0.00203779916115,0.00212182904899
rf_minus_zero,observed_only_selected_sample,equal,common_lowDS_minus_unconditional,early_2021_2022,6,22,1,2021-03,2022-12,4.20149439182e-05,0.000968294881988,0.0433906495839,22,-0.00185580815119,0.00193983803903
rf_minus_zero,observed_only_selected_sample,equal,common_lowDS_minus_unconditional,middle_2023,3,12,1,2023-01,2023-12,0.00152613641776,0.000863177622565,1.76804446485,12,-0.000165660634729,0.00321793347025
rf_minus_zero,observed_only_selected_sample,equal,common_lowDS_minus_unconditional,middle_2023,6,12,1,2023-01,2023-12,0.00152613641776,0.00071816358368,2.12505403008,12,0.000118561658738,0.00293371117678
rf_minus_zero,observed_only_selected_sample,equal,common_unconditional_WML,full,3,34,1,2021-03,2023-12,3.54597887001e-18,2.3458843989e-18,1.51157442868,34,-1.05187006373e-18,8.14382780375e-18
rf_minus_zero,observed_only_selected_sample,equal,common_unconditional_WML,full,6,34,1,2021-03,2023-12,3.54597887001e-18,2.4771933422e-18,1.43145018583,34,-1.30923086344e-18,8.40118860346e-18
rf_minus_zero,observed_only_selected_sample,equal,common_unconditional_WML,early_2021_2022,3,22,1,2021-03,2022-12,5.95325556528e-18,3.12590436902e-18,1.90449062495,22,-1.7340441712e-19,1.20799155477e-17
rf_minus_zero,observed_only_selected_sample,equal,common_unconditional_WML,early_2021_2022,6,22,1,2021-03,2022-12,5.95325556528e-18,3.05537757021e-18,1.94845168182,22,-3.51744315061e-20,1.19416855621e-17
rf_minus_zero,observed_only_selected_sample,equal,common_unconditional_WML,middle_2023,3,12,1,2023-01,2023-12,-8.67361737988e-19,1.09856309188e-18,-0.789542033952,12,-3.02050583282e-18,1.28578235684e-18
rf_minus_zero,observed_only_selected_sample,equal,common_unconditional_WML,middle_2023,6,12,1,2023-01,2023-12,-8.67361737988e-19,7.78480984412e-19,-1.11417202906,12,-2.39315643008e-18,6.58432954108e-19
rf_minus_zero,observed_only_selected_sample,equal,highDS_WML,full,3,34,1,2021-03,2023-12,0.00130340386547,0.00224270944136,0.581173754136,34,-0.00309222586738,0.00569903359832
rf_minus_zero,observed_only_selected_sample,equal,highDS_WML,full,6,34,1,2021-03,2023-12,0.00130340386547,0.00222564094866,0.585630789302,34,-0.00305877223643,0.00566557996737
rf_minus_zero,observed_only_selected_sample,equal,highDS_WML,early_2021_2022,3,22,1,2021-03,2022-12,0.00241151576558,0.00326802681384,0.737911866381,22,-0.00399369909005,0.00881673062121
rf_minus_zero,observed_only_selected_sample,equal,highDS_WML,early_2021_2022,6,22,1,2021-03,2022-12,0.00241151576558,0.00322590870056,0.747546192228,22,-0.00391114910493,0.0087341806361
rf_minus_zero,observed_only_selected_sample,equal,highDS_WML,middle_2023,3,12,1,2023-01,2023-12,-0.00072813461807,0.0016202588321,-0.449394012637,12,-0.00390378357463,0.00244751433849
rf_minus_zero,observed_only_selected_sample,equal,highDS_WML,middle_2023,6,12,1,2023-01,2023-12,-0.00072813461807,0.00144800250752,-0.502854528419,12,-0.00356616738234,0.0021098981462
rf_minus_zero,observed_only_selected_sample,equal,highDS_minus_unconditional,full,3,34,1,2021-03,2023-12,0.00130340386547,0.00224270944136,0.581173754136,34,-0.00309222586738,0.00569903359832
rf_minus_zero,observed_only_selected_sample,equal,highDS_minus_unconditional,full,6,34,1,2021-03,2023-12,0.00130340386547,0.00222564094866,0.585630789302,34,-0.00305877223643,0.00566557996737
rf_minus_zero,observed_only_selected_sample,equal,highDS_minus_unconditional,early_2021_2022,3,22,1,2021-03,2022-12,0.00241151576558,0.00326802681384,0.737911866381,22,-0.00399369909005,0.00881673062121
rf_minus_zero,observed_only_selected_sample,equal,highDS_minus_unconditional,early_2021_2022,6,22,1,2021-03,2022-12,0.00241151576558,0.00322590870056,0.747546192228,22,-0.00391114910493,0.0087341806361
rf_minus_zero,observed_only_selected_sample,equal,highDS_minus_unconditional,middle_2023,3,12,1,2023-01,2023-12,-0.00072813461807,0.0016202588321,-0.449394012637,12,-0.00390378357463,0.00244751433849
rf_minus_zero,observed_only_selected_sample,equal,highDS_minus_unconditional,middle_2023,6,12,1,2023-01,2023-12,-0.00072813461807,0.00144800250752,-0.502854528419,12,-0.00356616738234,0.0021098981462
rf_minus_zero,observed_only_selected_sample,equal,lowDS_WML,full,3,34,1,2021-03,2023-12,0.000565822522921,0.000809096330772,0.699326521949,34,-0.00101997714542,0.00215162219126
rf_minus_zero,observed_only_selected_sample,equal,lowDS_WML,full,6,34,1,2021-03,2023-12,0.000565822522921,0.000741773918171,0.762796465419,34,-0.000888027641365,0.00201967268721
rf_minus_zero,observed_only_selected_sample,equal,lowDS_WML,early_2021_2022,3,22,1,2021-03,2022-12,4.20149439182e-05,0.00106114914431,0.0395938159528,22,-0.00203779916115,0.00212182904899
rf_minus_zero,observed_only_selected_sample,equal,lowDS_WML,early_2021_2022,6,22,1,2021-03,2022-12,4.20149439182e-05,0.000968294881988,0.0433906495839,22,-0.00185580815119,0.00193983803903
rf_minus_zero,observed_only_selected_sample,equal,lowDS_WML,middle_2023,3,12,1,2023-01,2023-12,0.00152613641776,0.000863177622565,1.76804446485,12,-0.000165660634729,0.00321793347025
rf_minus_zero,observed_only_selected_sample,equal,lowDS_WML,middle_2023,6,12,1,2023-01,2023-12,0.00152613641776,0.00071816358368,2.12505403008,12,0.000118561658738,0.00293371117678
rf_minus_zero,observed_only_selected_sample,equal,lowDS_minus_highDS,full,3,34,1,2021-03,2023-12,-0.000737581342549,0.00190456729887,-0.387269771453,34,-0.00447046465446,0.00299530196937
rf_minus_zero,observed_only_selected_sample,equal,lowDS_minus_highDS,full,6,34,1,2021-03,2023-12,-0.000737581342549,0.00188397583405,-0.391502549672,34,-0.00443010612502,0.00295494343992
rf_minus_zero,observed_only_selected_sample,equal,lowDS_minus_highDS,early_2021_2022,3,22,1,2021-03,2022-12,-0.00236950082166,0.00252536820531,-0.938279343457,22,-0.00731913155177,0.00258012990845
rf_minus_zero,observed_only_selected_sample,equal,lowDS_minus_highDS,early_2021_2022,6,22,1,2021-03,2022-12,-0.00236950082166,0.00248447385282,-0.953723388546,22,-0.00723898009372,0.00249997845039
rf_minus_zero,observed_only_selected_sample,equal,lowDS_minus_highDS,middle_2023,3,12,1,2023-01,2023-12,0.00225427103583,0.00171865604612,1.31164757539,12,-0.00111423291638,0.00562277498804
rf_minus_zero,observed_only_selected_sample,equal,lowDS_minus_highDS,middle_2023,6,12,1,2023-01,2023-12,0.00225427103583,0.00141474137614,1.59341564038,12,-0.000518571108842,0.0050271131805
rf_minus_zero,observed_only_selected_sample,equal,lowDS_minus_unconditional,full,3,34,1,2021-03,2023-12,0.000565822522921,0.000809096330772,0.699326521949,34,-0.00101997714542,0.00215162219126
rf_minus_zero,observed_only_selected_sample,equal,lowDS_minus_unconditional,full,6,34,1,2021-03,2023-12,0.000565822522921,0.000741773918171,0.762796465419,34,-0.000888027641365,0.00201967268721
rf_minus_zero,observed_only_selected_sample,equal,lowDS_minus_unconditional,early_2021_2022,3,22,1,2021-03,2022-12,4.20149439182e-05,0.00106114914431,0.0395938159528,22,-0.00203779916115,0.00212182904899
rf_minus_zero,observed_only_selected_sample,equal,lowDS_minus_unconditional,early_2021_2022,6,22,1,2021-03,2022-12,4.20149439182e-05,0.000968294881988,0.0433906495839,22,-0.00185580815119,0.00193983803903
rf_minus_zero,observed_only_selected_sample,equal,lowDS_minus_unconditional,middle_2023,3,12,1,2023-01,2023-12,0.00152613641776,0.000863177622565,1.76804446485,12,-0.000165660634729,0.00321793347025
rf_minus_zero,observed_only_selected_sample,equal,lowDS_minus_unconditional,middle_2023,6,12,1,2023-01,2023-12,0.00152613641776,0.00071816358368,2.12505403008,12,0.000118561658738,0.00293371117678
rf_minus_zero,observed_only_selected_sample,equal,unconditional_WML,full,3,34,1,2021-03,2023-12,3.54597887001e-18,2.3458843989e-18,1.51157442868,34,-1.05187006373e-18,8.14382780375e-18
rf_minus_zero,observed_only_selected_sample,equal,unconditional_WML,full,6,34,1,2021-03,2023-12,3.54597887001e-18,2.4771933422e-18,1.43145018583,34,-1.30923086344e-18,8.40118860346e-18
rf_minus_zero,observed_only_selected_sample,equal,unconditional_WML,early_2021_2022,3,22,1,2021-03,2022-12,5.95325556528e-18,3.12590436902e-18,1.90449062495,22,-1.7340441712e-19,1.20799155477e-17
rf_minus_zero,observed_only_selected_sample,equal,unconditional_WML,early_2021_2022,6,22,1,2021-03,2022-12,5.95325556528e-18,3.05537757021e-18,1.94845168182,22,-3.51744315061e-20,1.19416855621e-17
rf_minus_zero,observed_only_selected_sample,equal,unconditional_WML,middle_2023,3,12,1,2023-01,2023-12,-8.67361737988e-19,1.09856309188e-18,-0.789542033952,12,-3.02050583282e-18,1.28578235684e-18
rf_minus_zero,observed_only_selected_sample,equal,unconditional_WML,middle_2023,6,12,1,2023-01,2023-12,-8.67361737988e-19,7.78480984412e-19,-1.11417202906,12,-2.39315643008e-18,6.58432954108e-19
rf_minus_zero,observed_only_selected_sample,value,WML_DS1,full,3,34,1,2021-03,2023-12,0.00289535537273,0.0017917371093,1.6159487671,34,-0.000616384831253,0.00640709557672
rf_minus_zero,observed_only_selected_sample,value,WML_DS1,full,6,34,1,2021-03,2023-12,0.00289535537273,0.00148386458342,1.9512261463,34,-1.2965768704e-05,0.00580367651417
rf_minus_zero,observed_only_selected_sample,value,WML_DS1,early_2021_2022,3,22,1,2021-03,2022-12,0.00527744266128,0.00242951383467,2.17222169553,22,0.000515683045375,0.0100392022772
rf_minus_zero,observed_only_selected_sample,value,WML_DS1,early_2021_2022,6,22,1,2021-03,2022-12,0.00527744266128,0.00221355962696,2.38414298716,22,0.000938945514806,0.00961593980775
rf_minus_zero,observed_only_selected_sample,value,WML_DS1,middle_2023,3,12,1,2023-01,2023-12,-0.00147180465627,0.0014953914364,-0.98422701939,12,-0.0044027180144,0.00145910870186
rf_minus_zero,observed_only_selected_sample,value,WML_DS1,middle_2023,6,12,1,2023-01,2023-12,-0.00147180465627,0.0012147792759,-1.21158196017,12,-0.0038527282862,0.000909118973659
rf_minus_zero,observed_only_selected_sample,value,WML_DS2,full,3,34,1,2021-03,2023-12,-0.00355149787568,0.00143921142479,-2.46766931842,34,-0.0063723004344,-0.000730695316947
rf_minus_zero,observed_only_selected_sample,value,WML_DS2,full,6,34,1,2021-03,2023-12,-0.00355149787568,0.00111335751736,-3.18989886025,34,-0.00573363851162,-0.00136935723973
rf_minus_zero,observed_only_selected_sample,value,WML_DS2,early_2021_2022,3,22,1,2021-03,2022-12,-0.00478649005578,0.00167821057354,-2.85213913632,22,-0.0080757223384,-0.00149725777316
rf_minus_zero,observed_only_selected_sample,value,WML_DS2,early_2021_2022,6,22,1,2021-03,2022-12,-0.00478649005578,0.00120029980041,-3.98774544005,22,-0.00713903443524,-0.00243394567633
rf_minus_zero,observed_only_selected_sample,value,WML_DS2,middle_2023,3,12,1,2023-01,2023-12,-0.00128734554548,0.00251202662616,-0.512472890244,12,-0.00621082726097,0.00363613617001
rf_minus_zero,observed_only_selected_sample,value,WML_DS2,middle_2023,6,12,1,2023-01,2023-12,-0.00128734554548,0.00186763512298,-0.689291783841,12,-0.00494784312277,0.00237315203181
rf_minus_zero,observed_only_selected_sample,value,WML_DS3,full,3,34,1,2021-03,2023-12,-0.00170892864368,0.00318073824097,-0.537274215674,34,-0.00794306104024,0.00452520375288
rf_minus_zero,observed_only_selected_sample,value,WML_DS3,full,6,34,1,2021-03,2023-12,-0.00170892864368,0.00260342287073,-0.656416083186,34,-0.00681154370685,0.00339368641948
rf_minus_zero,observed_only_selected_sample,value,WML_DS3,early_2021_2022,3,22,1,2021-03,2022-12,-0.00150860334913,0.00457606622404,-0.329672534284,22,-0.0104775283391,0.00746032164085
rf_minus_zero,observed_only_selected_sample,value,WML_DS3,early_2021_2022,6,22,1,2021-03,2022-12,-0.00150860334913,0.00359183147692,-0.420009501789,22,-0.00854846368243,0.00553125698417
rf_minus_zero,observed_only_selected_sample,value,WML_DS3,middle_2023,3,12,1,2023-01,2023-12,-0.0020761916837,0.0034238812449,-0.606385424959,12,-0.00878687561104,0.00463449224364
rf_minus_zero,observed_only_selected_sample,value,WML_DS3,middle_2023,6,12,1,2023-01,2023-12,-0.0020761916837,0.00230422182309,-0.901038113124,12,-0.00659238346934,0.00244000010195
rf_minus_zero,observed_only_selected_sample,value,WML_DS4,full,3,34,0.852941176471,2021-03,2023-12,-0.00450138887995,0.00479416529734,-0.938930679434,29,-0.0138977801987,0.00489500243877
rf_minus_zero,observed_only_selected_sample,value,WML_DS4,full,6,34,0.852941176471,2021-03,2023-12,-0.00450138887995,0.00350124952538,-1.28565212143,29,-0.0113637118506,0.00236093409068
rf_minus_zero,observed_only_selected_sample,value,WML_DS4,early_2021_2022,3,22,0.863636363636,2021-03,2022-12,-0.00435344665578,0.005283303045,-0.824000936288,19,-0.0147085303434,0.00600163703184
rf_minus_zero,observed_only_selected_sample,value,WML_DS4,early_2021_2022,6,22,0.863636363636,2021-03,2022-12,-0.00435344665578,0.0042538921235,-1.02340316336,19,-0.0126909220119,0.0039840287004
rf_minus_zero,observed_only_selected_sample,value,WML_DS4,middle_2023,3,12,0.833333333333,2023-01,2023-12,-0.00478247910589,0.00940955774929,-0.508257585884,10,-0.0232248734049,0.0136599151932
rf_minus_zero,observed_only_selected_sample,value,WML_DS4,middle_2023,6,12,0.833333333333,2023-01,2023-12,-0.00478247910589,0.00499107306517,-0.958206590736,10,-0.0145648025578,0.00499984434605
rf_minus_zero,observed_only_selected_sample,value,WML_DS5,full,3,34,1,2021-03,2023-12,-0.000555439210288,0.00478694440866,-0.116032099575,34,-0.00993767784726,0.00882679942668
rf_minus_zero,observed_only_selected_sample,value,WML_DS5,full,6,34,1,2021-03,2023-12,-0.000555439210288,0.00429931957468,-0.129192352566,34,-0.0089819507347,0.00787107231412
rf_minus_zero,observed_only_selected_sample,value,WML_DS5,early_2021_2022,3,22,1,2021-03,2022-12,0.0043909103623,0.00520984522076,0.842810136624,22,-0.00582019863541,0.01460201936
rf_minus_zero,observed_only_selected_sample,value,WML_DS5,early_2021_2022,6,22,1,2021-03,2022-12,0.0043909103623,0.00489449225102,0.897112537338,22,-0.00520211817232,0.0139839388969
rf_minus_zero,observed_only_selected_sample,value,WML_DS5,middle_2023,3,12,1,2023-01,2023-12,-0.00962374676003,0.00694930082377,-1.38485108129,12,-0.0232441260924,0.0039966325723
rf_minus_zero,observed_only_selected_sample,value,WML_DS5,middle_2023,6,12,1,2023-01,2023-12,-0.00962374676003,0.00588289212961,-1.63588700048,12,-0.021154003459,0.00190650993894
rf_minus_zero,observed_only_selected_sample,value,common_highDS_WML,full,3,34,1,2021-03,2023-12,-0.000555439210288,0.00478694440866,-0.116032099575,34,-0.00993767784726,0.00882679942668
rf_minus_zero,observed_only_selected_sample,value,common_highDS_WML,full,6,34,1,2021-03,2023-12,-0.000555439210288,0.00429931957468,-0.129192352566,34,-0.0089819507347,0.00787107231412
rf_minus_zero,observed_only_selected_sample,value,common_highDS_WML,early_2021_2022,3,22,1,2021-03,2022-12,0.0043909103623,0.00520984522076,0.842810136624,22,-0.00582019863541,0.01460201936
rf_minus_zero,observed_only_selected_sample,value,common_highDS_WML,early_2021_2022,6,22,1,2021-03,2022-12,0.0043909103623,0.00489449225102,0.897112537338,22,-0.00520211817232,0.0139839388969
rf_minus_zero,observed_only_selected_sample,value,common_highDS_WML,middle_2023,3,12,1,2023-01,2023-12,-0.00962374676003,0.00694930082377,-1.38485108129,12,-0.0232441260924,0.0039966325723
rf_minus_zero,observed_only_selected_sample,value,common_highDS_WML,middle_2023,6,12,1,2023-01,2023-12,-0.00962374676003,0.00588289212961,-1.63588700048,12,-0.021154003459,0.00190650993894
rf_minus_zero,observed_only_selected_sample,value,common_highDS_minus_unconditional,full,3,34,1,2021-03,2023-12,-0.000555439210288,0.00478694440866,-0.116032099575,34,-0.00993767784726,0.00882679942668
rf_minus_zero,observed_only_selected_sample,value,common_highDS_minus_unconditional,full,6,34,1,2021-03,2023-12,-0.000555439210288,0.00429931957468,-0.129192352566,34,-0.0089819507347,0.00787107231412
rf_minus_zero,observed_only_selected_sample,value,common_highDS_minus_unconditional,early_2021_2022,3,22,1,2021-03,2022-12,0.0043909103623,0.00520984522076,0.842810136624,22,-0.00582019863541,0.01460201936
rf_minus_zero,observed_only_selected_sample,value,common_highDS_minus_unconditional,early_2021_2022,6,22,1,2021-03,2022-12,0.0043909103623,0.00489449225102,0.897112537338,22,-0.00520211817232,0.0139839388969
rf_minus_zero,observed_only_selected_sample,value,common_highDS_minus_unconditional,middle_2023,3,12,1,2023-01,2023-12,-0.00962374676003,0.00694930082377,-1.38485108129,12,-0.0232441260924,0.0039966325723
rf_minus_zero,observed_only_selected_sample,value,common_highDS_minus_unconditional,middle_2023,6,12,1,2023-01,2023-12,-0.00962374676003,0.00588289212961,-1.63588700048,12,-0.021154003459,0.00190650993894
rf_minus_zero,observed_only_selected_sample,value,common_lowDS_WML,full,3,34,1,2021-03,2023-12,0.00289535537273,0.0017917371093,1.6159487671,34,-0.000616384831253,0.00640709557672
rf_minus_zero,observed_only_selected_sample,value,common_lowDS_WML,full,6,34,1,2021-03,2023-12,0.00289535537273,0.00148386458342,1.9512261463,34,-1.2965768704e-05,0.00580367651417
rf_minus_zero,observed_only_selected_sample,value,common_lowDS_WML,early_2021_2022,3,22,1,2021-03,2022-12,0.00527744266128,0.00242951383467,2.17222169553,22,0.000515683045375,0.0100392022772
rf_minus_zero,observed_only_selected_sample,value,common_lowDS_WML,early_2021_2022,6,22,1,2021-03,2022-12,0.00527744266128,0.00221355962696,2.38414298716,22,0.000938945514806,0.00961593980775
rf_minus_zero,observed_only_selected_sample,value,common_lowDS_WML,middle_2023,3,12,1,2023-01,2023-12,-0.00147180465627,0.0014953914364,-0.98422701939,12,-0.0044027180144,0.00145910870186
rf_minus_zero,observed_only_selected_sample,value,common_lowDS_WML,middle_2023,6,12,1,2023-01,2023-12,-0.00147180465627,0.0012147792759,-1.21158196017,12,-0.0038527282862,0.000909118973659
rf_minus_zero,observed_only_selected_sample,value,common_lowDS_minus_highDS,full,3,34,1,2021-03,2023-12,0.00345079458302,0.00402675360688,0.856966906821,34,-0.00444149746109,0.0113430866271
rf_minus_zero,observed_only_selected_sample,value,common_lowDS_minus_highDS,full,6,34,1,2021-03,2023-12,0.00345079458302,0.0035316152806,0.977115090077,34,-0.00347104417421,0.0103726333402
rf_minus_zero,observed_only_selected_sample,value,common_lowDS_minus_highDS,early_2021_2022,3,22,1,2021-03,2022-12,0.000886532298981,0.00469605695206,0.188782271602,22,-0.0083175701964,0.0100906347944
rf_minus_zero,observed_only_selected_sample,value,common_lowDS_minus_highDS,early_2021_2022,6,22,1,2021-03,2022-12,0.000886532298981,0.00395039596072,0.224416060515,22,-0.00685610150871,0.00862916610667
rf_minus_zero,observed_only_selected_sample,value,common_lowDS_minus_highDS,middle_2023,3,12,1,2023-01,2023-12,0.00815194210376,0.00581343733884,1.40225853116,12,-0.00324218570675,0.0195460699143
rf_minus_zero,observed_only_selected_sample,value,common_lowDS_minus_highDS,middle_2023,6,12,1,2023-01,2023-12,0.00815194210376,0.00497376001093,1.63898983583,12,-0.0015964483854,0.0179003325929
rf_minus_zero,observed_only_selected_sample,value,common_lowDS_minus_unconditional,full,3,34,1,2021-03,2023-12,0.00289535537273,0.0017917371093,1.6159487671,34,-0.000616384831253,0.00640709557672
rf_minus_zero,observed_only_selected_sample,value,common_lowDS_minus_unconditional,full,6,34,1,2021-03,2023-12,0.00289535537273,0.00148386458342,1.9512261463,34,-1.2965768704e-05,0.00580367651417
rf_minus_zero,observed_only_selected_sample,value,common_lowDS_minus_unconditional,early_2021_2022,3,22,1,2021-03,2022-12,0.00527744266128,0.00242951383467,2.17222169553,22,0.000515683045375,0.0100392022772
rf_minus_zero,observed_only_selected_sample,value,common_lowDS_minus_unconditional,early_2021_2022,6,22,1,2021-03,2022-12,0.00527744266128,0.00221355962696,2.38414298716,22,0.000938945514806,0.00961593980775
rf_minus_zero,observed_only_selected_sample,value,common_lowDS_minus_unconditional,middle_2023,3,12,1,2023-01,2023-12,-0.00147180465627,0.0014953914364,-0.98422701939,12,-0.0044027180144,0.00145910870186
rf_minus_zero,observed_only_selected_sample,value,common_lowDS_minus_unconditional,middle_2023,6,12,1,2023-01,2023-12,-0.00147180465627,0.0012147792759,-1.21158196017,12,-0.0038527282862,0.000909118973659
rf_minus_zero,observed_only_selected_sample,value,common_unconditional_WML,full,3,34,1,2021-03,2023-12,7.14297901873e-19,2.11688900387e-18,0.337428131832,34,-3.43472830499e-18,4.86332410873e-18
rf_minus_zero,observed_only_selected_sample,value,common_unconditional_WML,full,6,34,1,2021-03,2023-12,7.14297901873e-19,1.7775809198e-18,0.401837066271,34,-2.76969668055e-18,4.19829248429e-18
rf_minus_zero,observed_only_selected_sample,value,common_unconditional_WML,early_2021_2022,3,22,1,2021-03,2022-12,2.12897881143e-18,3.12050129393e-18,0.682255384918,22,-3.98709133839e-18,8.24504896124e-18
rf_minus_zero,observed_only_selected_sample,value,common_unconditional_WML,early_2021_2022,6,22,1,2021-03,2022-12,2.12897881143e-18,2.55789131058e-18,0.832317934158,22,-2.88439603369e-18,7.14235365654e-18
rf_minus_zero,observed_only_selected_sample,value,common_unconditional_WML,middle_2023,3,12,1,2023-01,2023-12,-1.87928376564e-18,1.75000731164e-18,-1.07387195079,12,-5.30923506914e-18,1.55066753785e-18
rf_minus_zero,observed_only_selected_sample,value,common_unconditional_WML,middle_2023,6,12,1,2023-01,2023-12,-1.87928376564e-18,1.49481632909e-18,-1.25720045271,12,-4.80906993415e-18,1.05050240287e-18
rf_minus_zero,observed_only_selected_sample,value,highDS_WML,full,3,34,1,2021-03,2023-12,-0.000555439210288,0.00478694440866,-0.116032099575,34,-0.00993767784726,0.00882679942668
rf_minus_zero,observed_only_selected_sample,value,highDS_WML,full,6,34,1,2021-03,2023-12,-0.000555439210288,0.00429931957468,-0.129192352566,34,-0.0089819507347,0.00787107231412
rf_minus_zero,observed_only_selected_sample,value,highDS_WML,early_2021_2022,3,22,1,2021-03,2022-12,0.0043909103623,0.00520984522076,0.842810136624,22,-0.00582019863541,0.01460201936
rf_minus_zero,observed_only_selected_sample,value,highDS_WML,early_2021_2022,6,22,1,2021-03,2022-12,0.0043909103623,0.00489449225102,0.897112537338,22,-0.00520211817232,0.0139839388969
rf_minus_zero,observed_only_selected_sample,value,highDS_WML,middle_2023,3,12,1,2023-01,2023-12,-0.00962374676003,0.00694930082377,-1.38485108129,12,-0.0232441260924,0.0039966325723
rf_minus_zero,observed_only_selected_sample,value,highDS_WML,middle_2023,6,12,1,2023-01,2023-12,-0.00962374676003,0.00588289212961,-1.63588700048,12,-0.021154003459,0.00190650993894
rf_minus_zero,observed_only_selected_sample,value,highDS_minus_unconditional,full,3,34,1,2021-03,2023-12,-0.000555439210288,0.00478694440866,-0.116032099575,34,-0.00993767784726,0.00882679942668
rf_minus_zero,observed_only_selected_sample,value,highDS_minus_unconditional,full,6,34,1,2021-03,2023-12,-0.000555439210288,0.00429931957468,-0.129192352566,34,-0.0089819507347,0.00787107231412
rf_minus_zero,observed_only_selected_sample,value,highDS_minus_unconditional,early_2021_2022,3,22,1,2021-03,2022-12,0.0043909103623,0.00520984522076,0.842810136624,22,-0.00582019863541,0.01460201936
rf_minus_zero,observed_only_selected_sample,value,highDS_minus_unconditional,early_2021_2022,6,22,1,2021-03,2022-12,0.0043909103623,0.00489449225102,0.897112537338,22,-0.00520211817232,0.0139839388969
rf_minus_zero,observed_only_selected_sample,value,highDS_minus_unconditional,middle_2023,3,12,1,2023-01,2023-12,-0.00962374676003,0.00694930082377,-1.38485108129,12,-0.0232441260924,0.0039966325723
rf_minus_zero,observed_only_selected_sample,value,highDS_minus_unconditional,middle_2023,6,12,1,2023-01,2023-12,-0.00962374676003,0.00588289212961,-1.63588700048,12,-0.021154003459,0.00190650993894
rf_minus_zero,observed_only_selected_sample,value,lowDS_WML,full,3,34,1,2021-03,2023-12,0.00289535537273,0.0017917371093,1.6159487671,34,-0.000616384831253,0.00640709557672
rf_minus_zero,observed_only_selected_sample,value,lowDS_WML,full,6,34,1,2021-03,2023-12,0.00289535537273,0.00148386458342,1.9512261463,34,-1.2965768704e-05,0.00580367651417
rf_minus_zero,observed_only_selected_sample,value,lowDS_WML,early_2021_2022,3,22,1,2021-03,2022-12,0.00527744266128,0.00242951383467,2.17222169553,22,0.000515683045375,0.0100392022772
rf_minus_zero,observed_only_selected_sample,value,lowDS_WML,early_2021_2022,6,22,1,2021-03,2022-12,0.00527744266128,0.00221355962696,2.38414298716,22,0.000938945514806,0.00961593980775
rf_minus_zero,observed_only_selected_sample,value,lowDS_WML,middle_2023,3,12,1,2023-01,2023-12,-0.00147180465627,0.0014953914364,-0.98422701939,12,-0.0044027180144,0.00145910870186
rf_minus_zero,observed_only_selected_sample,value,lowDS_WML,middle_2023,6,12,1,2023-01,2023-12,-0.00147180465627,0.0012147792759,-1.21158196017,12,-0.0038527282862,0.000909118973659
rf_minus_zero,observed_only_selected_sample,value,lowDS_minus_highDS,full,3,34,1,2021-03,2023-12,0.00345079458302,0.00402675360688,0.856966906821,34,-0.00444149746109,0.0113430866271
rf_minus_zero,observed_only_selected_sample,value,lowDS_minus_highDS,full,6,34,1,2021-03,2023-12,0.00345079458302,0.0035316152806,0.977115090077,34,-0.00347104417421,0.0103726333402
rf_minus_zero,observed_only_selected_sample,value,lowDS_minus_highDS,early_2021_2022,3,22,1,2021-03,2022-12,0.000886532298981,0.00469605695206,0.188782271602,22,-0.0083175701964,0.0100906347944
rf_minus_zero,observed_only_selected_sample,value,lowDS_minus_highDS,early_2021_2022,6,22,1,2021-03,2022-12,0.000886532298981,0.00395039596072,0.224416060515,22,-0.00685610150871,0.00862916610667
rf_minus_zero,observed_only_selected_sample,value,lowDS_minus_highDS,middle_2023,3,12,1,2023-01,2023-12,0.00815194210376,0.00581343733884,1.40225853116,12,-0.00324218570675,0.0195460699143
rf_minus_zero,observed_only_selected_sample,value,lowDS_minus_highDS,middle_2023,6,12,1,2023-01,2023-12,0.00815194210376,0.00497376001093,1.63898983583,12,-0.0015964483854,0.0179003325929
rf_minus_zero,observed_only_selected_sample,value,lowDS_minus_unconditional,full,3,34,1,2021-03,2023-12,0.00289535537273,0.0017917371093,1.6159487671,34,-0.000616384831253,0.00640709557672
rf_minus_zero,observed_only_selected_sample,value,lowDS_minus_unconditional,full,6,34,1,2021-03,2023-12,0.00289535537273,0.00148386458342,1.9512261463,34,-1.2965768704e-05,0.00580367651417
rf_minus_zero,observed_only_selected_sample,value,lowDS_minus_unconditional,early_2021_2022,3,22,1,2021-03,2022-12,0.00527744266128,0.00242951383467,2.17222169553,22,0.000515683045375,0.0100392022772
rf_minus_zero,observed_only_selected_sample,value,lowDS_minus_unconditional,early_2021_2022,6,22,1,2021-03,2022-12,0.00527744266128,0.00221355962696,2.38414298716,22,0.000938945514806,0.00961593980775
rf_minus_zero,observed_only_selected_sample,value,lowDS_minus_unconditional,middle_2023,3,12,1,2023-01,2023-12,-0.00147180465627,0.0014953914364,-0.98422701939,12,-0.0044027180144,0.00145910870186
rf_minus_zero,observed_only_selected_sample,value,lowDS_minus_unconditional,middle_2023,6,12,1,2023-01,2023-12,-0.00147180465627,0.0012147792759,-1.21158196017,12,-0.0038527282862,0.000909118973659
rf_minus_zero,observed_only_selected_sample,value,unconditional_WML,full,3,34,1,2021-03,2023-12,7.14297901873e-19,2.11688900387e-18,0.337428131832,34,-3.43472830499e-18,4.86332410873e-18
rf_minus_zero,observed_only_selected_sample,value,unconditional_WML,full,6,34,1,2021-03,2023-12,7.14297901873e-19,1.7775809198e-18,0.401837066271,34,-2.76969668055e-18,4.19829248429e-18
rf_minus_zero,observed_only_selected_sample,value,unconditional_WML,early_2021_2022,3,22,1,2021-03,2022-12,2.12897881143e-18,3.12050129393e-18,0.682255384918,22,-3.98709133839e-18,8.24504896124e-18
rf_minus_zero,observed_only_selected_sample,value,unconditional_WML,early_2021_2022,6,22,1,2021-03,2022-12,2.12897881143e-18,2.55789131058e-18,0.832317934158,22,-2.88439603369e-18,7.14235365654e-18
rf_minus_zero,observed_only_selected_sample,value,unconditional_WML,middle_2023,3,12,1,2023-01,2023-12,-1.87928376564e-18,1.75000731164e-18,-1.07387195079,12,-5.30923506914e-18,1.55066753785e-18
rf_minus_zero,observed_only_selected_sample,value,unconditional_WML,middle_2023,6,12,1,2023-01,2023-12,-1.87928376564e-18,1.49481632909e-18,-1.25720045271,12,-4.80906993415e-18,1.05050240287e-18
rf_minus_zero,unknown_return_loss100_scenario,equal,WML_DS1,full,3,34,1,2021-03,2023-12,0.000565822522921,0.000809096330772,0.699326521949,34,-0.00101997714542,0.00215162219126
rf_minus_zero,unknown_return_loss100_scenario,equal,WML_DS1,full,6,34,1,2021-03,2023-12,0.000565822522921,0.000741773918171,0.762796465419,34,-0.000888027641365,0.00201967268721
rf_minus_zero,unknown_return_loss100_scenario,equal,WML_DS1,early_2021_2022,3,22,1,2021-03,2022-12,4.20149439182e-05,0.00106114914431,0.0395938159528,22,-0.00203779916115,0.00212182904899
rf_minus_zero,unknown_return_loss100_scenario,equal,WML_DS1,early_2021_2022,6,22,1,2021-03,2022-12,4.20149439182e-05,0.000968294881988,0.0433906495839,22,-0.00185580815119,0.00193983803903
rf_minus_zero,unknown_return_loss100_scenario,equal,WML_DS1,middle_2023,3,12,1,2023-01,2023-12,0.00152613641776,0.000863177622565,1.76804446485,12,-0.000165660634729,0.00321793347025
rf_minus_zero,unknown_return_loss100_scenario,equal,WML_DS1,middle_2023,6,12,1,2023-01,2023-12,0.00152613641776,0.00071816358368,2.12505403008,12,0.000118561658738,0.00293371117678
rf_minus_zero,unknown_return_loss100_scenario,equal,WML_DS2,full,3,34,1,2021-03,2023-12,0.000526007482602,0.000927095102987,0.567371654653,34,-0.0012910655295,0.0023430804947
rf_minus_zero,unknown_return_loss100_scenario,equal,WML_DS2,full,6,34,1,2021-03,2023-12,0.000526007482602,0.000736711872744,0.713993491978,34,-0.00091792125496,0.00196993622016
rf_minus_zero,unknown_return_loss100_scenario,equal,WML_DS2,early_2021_2022,3,22,1,2021-03,2022-12,0.000345433990438,0.00140887533817,0.245184212597,22,-0.00241591093109,0.00310677891196
rf_minus_zero,unknown_return_loss100_scenario,equal,WML_DS2,early_2021_2022,6,22,1,2021-03,2022-12,0.000345433990438,0.00110999810388,0.311202324788,22,-0.00183012231608,0.00252099029695
rf_minus_zero,unknown_return_loss100_scenario,equal,WML_DS2,middle_2023,3,12,1,2023-01,2023-12,0.000857058884904,0.000613513762783,1.39696765891,12,-0.00034540599417,0.00205952376398
rf_minus_zero,unknown_return_loss100_scenario,equal,WML_DS2,middle_2023,6,12,1,2023-01,2023-12,0.000857058884904,0.000600770808342,1.42659875114,12,-0.00032043026241,0.00203454803222
rf_minus_zero,unknown_return_loss100_scenario,equal,WML_DS3,full,3,34,1,2021-03,2023-12,-0.00150989465282,0.000802974728871,-1.88037630393,34,-0.00308369620191,6.39068962608e-05
rf_minus_zero,unknown_return_loss100_scenario,equal,WML_DS3,full,6,34,1,2021-03,2023-12,-0.00150989465282,0.000696432444683,-2.16804180269,34,-0.00287487716207,-0.000144912143578
rf_minus_zero,unknown_return_loss100_scenario,equal,WML_DS3,early_2021_2022,3,22,1,2021-03,2022-12,-0.00222542819725,0.000852952440199,-2.60908825905,22,-0.00389718426056,-0.000553672133932
rf_minus_zero,unknown_return_loss100_scenario,equal,WML_DS3,early_2021_2022,6,22,1,2021-03,2022-12,-0.00222542819725,0.000765474663763,-2.90725258797,22,-0.0037257309693,-0.000725125425194
rf_minus_zero,unknown_return_loss100_scenario,equal,WML_DS3,middle_2023,3,12,1,2023-01,2023-12,-0.000198083154711,0.00138785575689,-0.142726038876,12,-0.00291823045395,0.00252206414453
rf_minus_zero,unknown_return_loss100_scenario,equal,WML_DS3,middle_2023,6,12,1,2023-01,2023-12,-0.000198083154711,0.000955021365542,-0.207412275639,12,-0.00206989063564,0.00167372432622
rf_minus_zero,unknown_return_loss100_scenario,equal,WML_DS4,full,3,34,0.852941176471,2021-03,2023-12,-0.00663894517374,0.00281358563073,-2.35960302797,29,-0.0121534716774,-0.00112441867008
rf_minus_zero,unknown_return_loss100_scenario,equal,WML_DS4,full,6,34,0.852941176471,2021-03,2023-12,-0.00663894517374,0.00235789163695,-2.81562777089,29,-0.0112603278616,-0.00201756248587
rf_minus_zero,unknown_return_loss100_scenario,equal,WML_DS4,early_2021_2022,3,22,0.863636363636,2021-03,2022-12,-0.00624861369434,0.00341742246807,-1.82845807117,19,-0.0129466386517,0.000449411263036
rf_minus_zero,unknown_return_loss100_scenario,equal,WML_DS4,early_2021_2022,6,22,0.863636363636,2021-03,2022-12,-0.00624861369434,0.00264137840125,-2.36566396219,19,-0.0114256202303,-0.00107160715834
rf_minus_zero,unknown_return_loss100_scenario,equal,WML_DS4,middle_2023,3,12,0.833333333333,2023-01,2023-12,-0.0073805749846,0.0046325955425,-1.59318354406,10,-0.0164602954028,0.00169914543363
rf_minus_zero,unknown_return_loss100_scenario,equal,WML_DS4,middle_2023,6,12,0.833333333333,2023-01,2023-12,-0.0073805749846,0.00415964294587,-1.77432897021,10,-0.015533325347,0.000772175377844
rf_minus_zero,unknown_return_loss100_scenario,equal,WML_DS5,full,3,34,1,2021-03,2023-12,0.000936526562995,0.00233345920579,0.401346876204,34,-0.00363696943976,0.00551002256575
rf_minus_zero,unknown_return_loss100_scenario,equal,WML_DS5,full,6,34,1,2021-03,2023-12,0.000936526562995,0.00230752159009,0.405858201725,34,-0.00358613264713,0.00545918577312
rf_minus_zero,unknown_return_loss100_scenario,equal,WML_DS5,early_2021_2022,3,22,1,2021-03,2022-12,0.0023065785082,0.00326383780648,0.706707454525,22,-0.00409042604388,0.00870358306027
rf_minus_zero,unknown_return_loss100_scenario,equal,WML_DS5,early_2021_2022,6,22,1,2021-03,2022-12,0.0023065785082,0.00321379788606,0.717711128693,22,-0.00399234960208,0.00860550661847
rf_minus_zero,unknown_return_loss100_scenario,equal,WML_DS5,middle_2023,3,12,1,2023-01,2023-12,-0.00157523533654,0.00224277820015,-0.702358947682,12,-0.00597099983414,0.00282052916106
rf_minus_zero,unknown_return_loss100_scenario,equal,WML_DS5,middle_2023,6,12,1,2023-01,2023-12,-0.00157523533654,0.00200453782154,-0.785834679502,12,-0.00550405727241,0.00235358659933
rf_minus_zero,unknown_return_loss100_scenario,equal,common_highDS_WML,full,3,34,1,2021-03,2023-12,0.000936526562995,0.00233345920579,0.401346876204,34,-0.00363696943976,0.00551002256575
rf_minus_zero,unknown_return_loss100_scenario,equal,common_highDS_WML,full,6,34,1,2021-03,2023-12,0.000936526562995,0.00230752159009,0.405858201725,34,-0.00358613264713,0.00545918577312
rf_minus_zero,unknown_return_loss100_scenario,equal,common_highDS_WML,early_2021_2022,3,22,1,2021-03,2022-12,0.0023065785082,0.00326383780648,0.706707454525,22,-0.00409042604388,0.00870358306027
rf_minus_zero,unknown_return_loss100_scenario,equal,common_highDS_WML,early_2021_2022,6,22,1,2021-03,2022-12,0.0023065785082,0.00321379788606,0.717711128693,22,-0.00399234960208,0.00860550661847
rf_minus_zero,unknown_return_loss100_scenario,equal,common_highDS_WML,middle_2023,3,12,1,2023-01,2023-12,-0.00157523533654,0.00224277820015,-0.702358947682,12,-0.00597099983414,0.00282052916106
rf_minus_zero,unknown_return_loss100_scenario,equal,common_highDS_WML,middle_2023,6,12,1,2023-01,2023-12,-0.00157523533654,0.00200453782154,-0.785834679502,12,-0.00550405727241,0.00235358659933
rf_minus_zero,unknown_return_loss100_scenario,equal,common_highDS_minus_unconditional,full,3,34,1,2021-03,2023-12,0.000936526562995,0.00233345920579,0.401346876204,34,-0.00363696943976,0.00551002256575
rf_minus_zero,unknown_return_loss100_scenario,equal,common_highDS_minus_unconditional,full,6,34,1,2021-03,2023-12,0.000936526562995,0.00230752159009,0.405858201725,34,-0.00358613264713,0.00545918577312
rf_minus_zero,unknown_return_loss100_scenario,equal,common_highDS_minus_unconditional,early_2021_2022,3,22,1,2021-03,2022-12,0.0023065785082,0.00326383780648,0.706707454525,22,-0.00409042604388,0.00870358306027
rf_minus_zero,unknown_return_loss100_scenario,equal,common_highDS_minus_unconditional,early_2021_2022,6,22,1,2021-03,2022-12,0.0023065785082,0.00321379788606,0.717711128693,22,-0.00399234960208,0.00860550661847
rf_minus_zero,unknown_return_loss100_scenario,equal,common_highDS_minus_unconditional,middle_2023,3,12,1,2023-01,2023-12,-0.00157523533654,0.00224277820015,-0.702358947682,12,-0.00597099983414,0.00282052916106
rf_minus_zero,unknown_return_loss100_scenario,equal,common_highDS_minus_unconditional,middle_2023,6,12,1,2023-01,2023-12,-0.00157523533654,0.00200453782154,-0.785834679502,12,-0.00550405727241,0.00235358659933
rf_minus_zero,unknown_return_loss100_scenario,equal,common_lowDS_WML,full,3,34,1,2021-03,2023-12,0.000565822522921,0.000809096330772,0.699326521949,34,-0.00101997714542,0.00215162219126
rf_minus_zero,unknown_return_loss100_scenario,equal,common_lowDS_WML,full,6,34,1,2021-03,2023-12,0.000565822522921,0.000741773918171,0.762796465419,34,-0.000888027641365,0.00201967268721
rf_minus_zero,unknown_return_loss100_scenario,equal,common_lowDS_WML,early_2021_2022,3,22,1,2021-03,2022-12,4.20149439182e-05,0.00106114914431,0.0395938159528,22,-0.00203779916115,0.00212182904899
rf_minus_zero,unknown_return_loss100_scenario,equal,common_lowDS_WML,early_2021_2022,6,22,1,2021-03,2022-12,4.20149439182e-05,0.000968294881988,0.0433906495839,22,-0.00185580815119,0.00193983803903
rf_minus_zero,unknown_return_loss100_scenario,equal,common_lowDS_WML,middle_2023,3,12,1,2023-01,2023-12,0.00152613641776,0.000863177622565,1.76804446485,12,-0.000165660634729,0.00321793347025
rf_minus_zero,unknown_return_loss100_scenario,equal,common_lowDS_WML,middle_2023,6,12,1,2023-01,2023-12,0.00152613641776,0.00071816358368,2.12505403008,12,0.000118561658738,0.00293371117678
rf_minus_zero,unknown_return_loss100_scenario,equal,common_lowDS_minus_highDS,full,3,34,1,2021-03,2023-12,-0.000370704040074,0.0020337897859,-0.182272544903,34,-0.00435685877257,0.00361545069242
rf_minus_zero,unknown_return_loss100_scenario,equal,common_lowDS_minus_highDS,full,6,34,1,2021-03,2023-12,-0.000370704040074,0.0019993995033,-0.18540768839,34,-0.00428945505725,0.0035480469771
rf_minus_zero,unknown_return_loss100_scenario,equal,common_lowDS_minus_highDS,early_2021_2022,3,22,1,2021-03,2022-12,-0.00226456356428,0.0025294160808,-0.895291044231,22,-0.00722212798457,0.00269300085601
rf_minus_zero,unknown_return_loss100_scenario,equal,common_lowDS_minus_highDS,early_2021_2022,6,22,1,2021-03,2022-12,-0.00226456356428,0.00247875902075,-0.913587624016,22,-0.00712284197131,0.00259371484275
rf_minus_zero,unknown_return_loss100_scenario,equal,common_lowDS_minus_highDS,middle_2023,3,12,1,2023-01,2023-12,0.0031013717543,0.00230596062846,1.3449369933,12,-0.00141822802725,0.00762097153585
rf_minus_zero,unknown_return_loss100_scenario,equal,common_lowDS_minus_highDS,middle_2023,6,12,1,2023-01,2023-12,0.0031013717543,0.00194334777039,1.59589127667,12,-0.000707519885102,0.0069102633937
rf_minus_zero,unknown_return_loss100_scenario,equal,common_lowDS_minus_unconditional,full,3,34,1,2021-03,2023-12,0.000565822522921,0.000809096330772,0.699326521949,34,-0.00101997714542,0.00215162219126
rf_minus_zero,unknown_return_loss100_scenario,equal,common_lowDS_minus_unconditional,full,6,34,1,2021-03,2023-12,0.000565822522921,0.000741773918171,0.762796465419,34,-0.000888027641365,0.00201967268721
rf_minus_zero,unknown_return_loss100_scenario,equal,common_lowDS_minus_unconditional,early_2021_2022,3,22,1,2021-03,2022-12,4.20149439182e-05,0.00106114914431,0.0395938159528,22,-0.00203779916115,0.00212182904899
rf_minus_zero,unknown_return_loss100_scenario,equal,common_lowDS_minus_unconditional,early_2021_2022,6,22,1,2021-03,2022-12,4.20149439182e-05,0.000968294881988,0.0433906495839,22,-0.00185580815119,0.00193983803903
rf_minus_zero,unknown_return_loss100_scenario,equal,common_lowDS_minus_unconditional,middle_2023,3,12,1,2023-01,2023-12,0.00152613641776,0.000863177622565,1.76804446485,12,-0.000165660634729,0.00321793347025
rf_minus_zero,unknown_return_loss100_scenario,equal,common_lowDS_minus_unconditional,middle_2023,6,12,1,2023-01,2023-12,0.00152613641776,0.00071816358368,2.12505403008,12,0.000118561658738,0.00293371117678
rf_minus_zero,unknown_return_loss100_scenario,equal,common_unconditional_WML,full,3,34,1,2021-03,2023-12,3.85210654224e-18,2.03188355081e-18,1.89583036917,34,-1.30312038125e-19,7.83452512261e-18
rf_minus_zero,unknown_return_loss100_scenario,equal,common_unconditional_WML,full,6,34,1,2021-03,2023-12,3.85210654224e-18,2.1479878794e-18,1.79335580949,34,-3.57872340609e-19,8.06208542509e-18
rf_minus_zero,unknown_return_loss100_scenario,equal,common_unconditional_WML,early_2021_2022,3,22,1,2021-03,2022-12,6.11095769946e-18,2.67212977445e-18,2.28692399519,22,8.73679579519e-19,1.13482358194e-17
rf_minus_zero,unknown_return_loss100_scenario,equal,common_unconditional_WML,early_2021_2022,6,22,1,2021-03,2022-12,6.11095769946e-18,2.55115656077e-18,2.39536757306,22,1.11078272143e-18,1.11111326775e-17
rf_minus_zero,unknown_return_loss100_scenario,equal,common_unconditional_WML,middle_2023,3,12,1,2023-01,2023-12,-2.89120579329e-19,7.98723763356e-19,-0.361978186444,12,-1.8545903891e-18,1.27634923045e-18
rf_minus_zero,unknown_return_loss100_scenario,equal,common_unconditional_WML,middle_2023,6,12,1,2023-01,2023-12,-2.89120579329e-19,7.46283918346e-19,-0.387413653466,12,-1.75181018153e-18,1.17356902287e-18
rf_minus_zero,unknown_return_loss100_scenario,equal,highDS_WML,full,3,34,1,2021-03,2023-12,0.000936526562995,0.00233345920579,0.401346876204,34,-0.00363696943976,0.00551002256575
rf_minus_zero,unknown_return_loss100_scenario,equal,highDS_WML,full,6,34,1,2021-03,2023-12,0.000936526562995,0.00230752159009,0.405858201725,34,-0.00358613264713,0.00545918577312
rf_minus_zero,unknown_return_loss100_scenario,equal,highDS_WML,early_2021_2022,3,22,1,2021-03,2022-12,0.0023065785082,0.00326383780648,0.706707454525,22,-0.00409042604388,0.00870358306027
rf_minus_zero,unknown_return_loss100_scenario,equal,highDS_WML,early_2021_2022,6,22,1,2021-03,2022-12,0.0023065785082,0.00321379788606,0.717711128693,22,-0.00399234960208,0.00860550661847
rf_minus_zero,unknown_return_loss100_scenario,equal,highDS_WML,middle_2023,3,12,1,2023-01,2023-12,-0.00157523533654,0.00224277820015,-0.702358947682,12,-0.00597099983414,0.00282052916106
rf_minus_zero,unknown_return_loss100_scenario,equal,highDS_WML,middle_2023,6,12,1,2023-01,2023-12,-0.00157523533654,0.00200453782154,-0.785834679502,12,-0.00550405727241,0.00235358659933
rf_minus_zero,unknown_return_loss100_scenario,equal,highDS_minus_unconditional,full,3,34,1,2021-03,2023-12,0.000936526562995,0.00233345920579,0.401346876204,34,-0.00363696943976,0.00551002256575
rf_minus_zero,unknown_return_loss100_scenario,equal,highDS_minus_unconditional,full,6,34,1,2021-03,2023-12,0.000936526562995,0.00230752159009,0.405858201725,34,-0.00358613264713,0.00545918577312
rf_minus_zero,unknown_return_loss100_scenario,equal,highDS_minus_unconditional,early_2021_2022,3,22,1,2021-03,2022-12,0.0023065785082,0.00326383780648,0.706707454525,22,-0.00409042604388,0.00870358306027
rf_minus_zero,unknown_return_loss100_scenario,equal,highDS_minus_unconditional,early_2021_2022,6,22,1,2021-03,2022-12,0.0023065785082,0.00321379788606,0.717711128693,22,-0.00399234960208,0.00860550661847
rf_minus_zero,unknown_return_loss100_scenario,equal,highDS_minus_unconditional,middle_2023,3,12,1,2023-01,2023-12,-0.00157523533654,0.00224277820015,-0.702358947682,12,-0.00597099983414,0.00282052916106
rf_minus_zero,unknown_return_loss100_scenario,equal,highDS_minus_unconditional,middle_2023,6,12,1,2023-01,2023-12,-0.00157523533654,0.00200453782154,-0.785834679502,12,-0.00550405727241,0.00235358659933
rf_minus_zero,unknown_return_loss100_scenario,equal,lowDS_WML,full,3,34,1,2021-03,2023-12,0.000565822522921,0.000809096330772,0.699326521949,34,-0.00101997714542,0.00215162219126
rf_minus_zero,unknown_return_loss100_scenario,equal,lowDS_WML,full,6,34,1,2021-03,2023-12,0.000565822522921,0.000741773918171,0.762796465419,34,-0.000888027641365,0.00201967268721
rf_minus_zero,unknown_return_loss100_scenario,equal,lowDS_WML,early_2021_2022,3,22,1,2021-03,2022-12,4.20149439182e-05,0.00106114914431,0.0395938159528,22,-0.00203779916115,0.00212182904899
rf_minus_zero,unknown_return_loss100_scenario,equal,lowDS_WML,early_2021_2022,6,22,1,2021-03,2022-12,4.20149439182e-05,0.000968294881988,0.0433906495839,22,-0.00185580815119,0.00193983803903
rf_minus_zero,unknown_return_loss100_scenario,equal,lowDS_WML,middle_2023,3,12,1,2023-01,2023-12,0.00152613641776,0.000863177622565,1.76804446485,12,-0.000165660634729,0.00321793347025
rf_minus_zero,unknown_return_loss100_scenario,equal,lowDS_WML,middle_2023,6,12,1,2023-01,2023-12,0.00152613641776,0.00071816358368,2.12505403008,12,0.000118561658738,0.00293371117678
rf_minus_zero,unknown_return_loss100_scenario,equal,lowDS_minus_highDS,full,3,34,1,2021-03,2023-12,-0.000370704040074,0.0020337897859,-0.182272544903,34,-0.00435685877257,0.00361545069242
rf_minus_zero,unknown_return_loss100_scenario,equal,lowDS_minus_highDS,full,6,34,1,2021-03,2023-12,-0.000370704040074,0.0019993995033,-0.18540768839,34,-0.00428945505725,0.0035480469771
rf_minus_zero,unknown_return_loss100_scenario,equal,lowDS_minus_highDS,early_2021_2022,3,22,1,2021-03,2022-12,-0.00226456356428,0.0025294160808,-0.895291044231,22,-0.00722212798457,0.00269300085601
rf_minus_zero,unknown_return_loss100_scenario,equal,lowDS_minus_highDS,early_2021_2022,6,22,1,2021-03,2022-12,-0.00226456356428,0.00247875902075,-0.913587624016,22,-0.00712284197131,0.00259371484275
rf_minus_zero,unknown_return_loss100_scenario,equal,lowDS_minus_highDS,middle_2023,3,12,1,2023-01,2023-12,0.0031013717543,0.00230596062846,1.3449369933,12,-0.00141822802725,0.00762097153585
rf_minus_zero,unknown_return_loss100_scenario,equal,lowDS_minus_highDS,middle_2023,6,12,1,2023-01,2023-12,0.0031013717543,0.00194334777039,1.59589127667,12,-0.000707519885102,0.0069102633937
rf_minus_zero,unknown_return_loss100_scenario,equal,lowDS_minus_unconditional,full,3,34,1,2021-03,2023-12,0.000565822522921,0.000809096330772,0.699326521949,34,-0.00101997714542,0.00215162219126
rf_minus_zero,unknown_return_loss100_scenario,equal,lowDS_minus_unconditional,full,6,34,1,2021-03,2023-12,0.000565822522921,0.000741773918171,0.762796465419,34,-0.000888027641365,0.00201967268721
rf_minus_zero,unknown_return_loss100_scenario,equal,lowDS_minus_unconditional,early_2021_2022,3,22,1,2021-03,2022-12,4.20149439182e-05,0.00106114914431,0.0395938159528,22,-0.00203779916115,0.00212182904899
rf_minus_zero,unknown_return_loss100_scenario,equal,lowDS_minus_unconditional,early_2021_2022,6,22,1,2021-03,2022-12,4.20149439182e-05,0.000968294881988,0.0433906495839,22,-0.00185580815119,0.00193983803903
rf_minus_zero,unknown_return_loss100_scenario,equal,lowDS_minus_unconditional,middle_2023,3,12,1,2023-01,2023-12,0.00152613641776,0.000863177622565,1.76804446485,12,-0.000165660634729,0.00321793347025
rf_minus_zero,unknown_return_loss100_scenario,equal,lowDS_minus_unconditional,middle_2023,6,12,1,2023-01,2023-12,0.00152613641776,0.00071816358368,2.12505403008,12,0.000118561658738,0.00293371117678
rf_minus_zero,unknown_return_loss100_scenario,equal,unconditional_WML,full,3,34,1,2021-03,2023-12,3.85210654224e-18,2.03188355081e-18,1.89583036917,34,-1.30312038125e-19,7.83452512261e-18
rf_minus_zero,unknown_return_loss100_scenario,equal,unconditional_WML,full,6,34,1,2021-03,2023-12,3.85210654224e-18,2.1479878794e-18,1.79335580949,34,-3.57872340609e-19,8.06208542509e-18
rf_minus_zero,unknown_return_loss100_scenario,equal,unconditional_WML,early_2021_2022,3,22,1,2021-03,2022-12,6.11095769946e-18,2.67212977445e-18,2.28692399519,22,8.73679579519e-19,1.13482358194e-17
rf_minus_zero,unknown_return_loss100_scenario,equal,unconditional_WML,early_2021_2022,6,22,1,2021-03,2022-12,6.11095769946e-18,2.55115656077e-18,2.39536757306,22,1.11078272143e-18,1.11111326775e-17
rf_minus_zero,unknown_return_loss100_scenario,equal,unconditional_WML,middle_2023,3,12,1,2023-01,2023-12,-2.89120579329e-19,7.98723763356e-19,-0.361978186444,12,-1.8545903891e-18,1.27634923045e-18
rf_minus_zero,unknown_return_loss100_scenario,equal,unconditional_WML,middle_2023,6,12,1,2023-01,2023-12,-2.89120579329e-19,7.46283918346e-19,-0.387413653466,12,-1.75181018153e-18,1.17356902287e-18
rf_minus_zero,unknown_return_loss100_scenario,value,WML_DS1,full,3,34,1,2021-03,2023-12,0.00289535537273,0.0017917371093,1.6159487671,34,-0.000616384831253,0.00640709557672
rf_minus_zero,unknown_return_loss100_scenario,value,WML_DS1,full,6,34,1,2021-03,2023-12,0.00289535537273,0.00148386458342,1.9512261463,34,-1.2965768704e-05,0.00580367651417
rf_minus_zero,unknown_return_loss100_scenario,value,WML_DS1,early_2021_2022,3,22,1,2021-03,2022-12,0.00527744266128,0.00242951383467,2.17222169553,22,0.000515683045375,0.0100392022772
rf_minus_zero,unknown_return_loss100_scenario,value,WML_DS1,early_2021_2022,6,22,1,2021-03,2022-12,0.00527744266128,0.00221355962696,2.38414298716,22,0.000938945514806,0.00961593980775
rf_minus_zero,unknown_return_loss100_scenario,value,WML_DS1,middle_2023,3,12,1,2023-01,2023-12,-0.00147180465627,0.0014953914364,-0.98422701939,12,-0.0044027180144,0.00145910870186
rf_minus_zero,unknown_return_loss100_scenario,value,WML_DS1,middle_2023,6,12,1,2023-01,2023-12,-0.00147180465627,0.0012147792759,-1.21158196017,12,-0.0038527282862,0.000909118973659
rf_minus_zero,unknown_return_loss100_scenario,value,WML_DS2,full,3,34,1,2021-03,2023-12,-0.00355111944507,0.00143916425032,-2.46748725469,34,-0.00637182954353,-0.000730409346601
rf_minus_zero,unknown_return_loss100_scenario,value,WML_DS2,full,6,34,1,2021-03,2023-12,-0.00355111944507,0.00111343004221,-3.18935120344,34,-0.0057334022271,-0.00136883666303
rf_minus_zero,unknown_return_loss100_scenario,value,WML_DS2,early_2021_2022,3,22,1,2021-03,2022-12,-0.00478649005578,0.00167821057354,-2.85213913632,22,-0.0080757223384,-0.00149725777316
rf_minus_zero,unknown_return_loss100_scenario,value,WML_DS2,early_2021_2022,6,22,1,2021-03,2022-12,-0.00478649005578,0.00120029980041,-3.98774544005,22,-0.00713903443524,-0.00243394567633
rf_minus_zero,unknown_return_loss100_scenario,value,WML_DS2,middle_2023,3,12,1,2023-01,2023-12,-0.00128627332542,0.00251147261087,-0.512159009759,12,-0.00620866919088,0.00363612254004
rf_minus_zero,unknown_return_loss100_scenario,value,WML_DS2,middle_2023,6,12,1,2023-01,2023-12,-0.00128627332542,0.00186734105937,-0.688826135412,12,-0.00494619454863,0.00237364789779
rf_minus_zero,unknown_return_loss100_scenario,value,WML_DS3,full,3,34,1,2021-03,2023-12,-0.00168447469778,0.00318110243871,-0.529525449193,34,-0.00791932090878,0.00455037151321
rf_minus_zero,unknown_return_loss100_scenario,value,WML_DS3,full,6,34,1,2021-03,2023-12,-0.00168447469778,0.00260330814254,-0.647051599561,34,-0.00678686489783,0.00341791550226
rf_minus_zero,unknown_return_loss100_scenario,value,WML_DS3,early_2021_2022,3,22,1,2021-03,2022-12,-0.00150810242327,0.00457625187998,-0.329549697618,22,-0.0104773912922,0.00746118644567
rf_minus_zero,unknown_return_loss100_scenario,value,WML_DS3,early_2021_2022,6,22,1,2021-03,2022-12,-0.00150810242327,0.003592121482,-0.41983614163,22,-0.00854853115608,0.00553232630954
rf_minus_zero,unknown_return_loss100_scenario,value,WML_DS3,middle_2023,3,12,1,2023-01,2023-12,-0.00200782386772,0.00342843697683,-0.585638260611,12,-0.00872743686557,0.00471178913013
rf_minus_zero,unknown_return_loss100_scenario,value,WML_DS3,middle_2023,6,12,1,2023-01,2023-12,-0.00200782386772,0.00230166824076,-0.872334175781,12,-0.00651901072398,0.00250336298853
rf_minus_zero,unknown_return_loss100_scenario,value,WML_DS4,full,3,34,0.852941176471,2021-03,2023-12,-0.00470096412983,0.00483517438359,-0.97224293415,29,-0.0141777317806,0.00477580352097
rf_minus_zero,unknown_return_loss100_scenario,value,WML_DS4,full,6,34,0.852941176471,2021-03,2023-12,-0.00470096412983,0.00354513260185,-1.32603336963,29,-0.0116492963499,0.00224736809021
rf_minus_zero,unknown_return_loss100_scenario,value,WML_DS4,early_2021_2022,3,22,0.863636363636,2021-03,2022-12,-0.00436488390234,0.00528182013391,-0.826397679527,19,-0.0147170611376,0.00598729333293
rf_minus_zero,unknown_return_loss100_scenario,value,WML_DS4,early_2021_2022,6,22,0.863636363636,2021-03,2022-12,-0.00436488390234,0.00425314520606,-1.02627201538,19,-0.0127008953272,0.00397112752255
rf_minus_zero,unknown_return_loss100_scenario,value,WML_DS4,middle_2023,3,12,0.833333333333,2023-01,2023-12,-0.00533951656206,0.0095352163805,-0.559978541543,10,-0.0240281972526,0.0133491641285
rf_minus_zero,unknown_return_loss100_scenario,value,WML_DS4,middle_2023,6,12,0.833333333333,2023-01,2023-12,-0.00533951656206,0.00507282046897,-1.05257353276,10,-0.0152820619813,0.00460302885715
rf_minus_zero,unknown_return_loss100_scenario,value,WML_DS5,full,3,34,1,2021-03,2023-12,-0.000541096275879,0.00478649208668,-0.113046520516,34,-0.00992244837806,0.00884025582631
rf_minus_zero,unknown_return_loss100_scenario,value,WML_DS5,full,6,34,1,2021-03,2023-12,-0.000541096275879,0.00430048470965,-0.125822160154,34,-0.00896989142287,0.00788769887111
rf_minus_zero,unknown_return_loss100_scenario,value,WML_DS5,early_2021_2022,3,22,1,2021-03,2022-12,0.00442086617796,0.00519673889586,0.850700076827,22,-0.00576455489498,0.0146062872509
rf_minus_zero,unknown_return_loss100_scenario,value,WML_DS5,early_2021_2022,6,22,1,2021-03,2022-12,0.00442086617796,0.00488253830149,0.905444239241,22,-0.0051487330461,0.013990465402
rf_minus_zero,unknown_return_loss100_scenario,value,WML_DS5,middle_2023,3,12,1,2023-01,2023-12,-0.00963802744124,0.00696134589692,-1.38450632736,12,-0.0232820146831,0.00400595980065
rf_minus_zero,unknown_return_loss100_scenario,value,WML_DS5,middle_2023,6,12,1,2023-01,2023-12,-0.00963802744124,0.00589432187313,-1.63513762035,12,-0.0211906860259,0.00191463114339
rf_minus_zero,unknown_return_loss100_scenario,value,common_highDS_WML,full,3,34,1,2021-03,2023-12,-0.000541096275879,0.00478649208668,-0.113046520516,34,-0.00992244837806,0.00884025582631
rf_minus_zero,unknown_return_loss100_scenario,value,common_highDS_WML,full,6,34,1,2021-03,2023-12,-0.000541096275879,0.00430048470965,-0.125822160154,34,-0.00896989142287,0.00788769887111
rf_minus_zero,unknown_return_loss100_scenario,value,common_highDS_WML,early_2021_2022,3,22,1,2021-03,2022-12,0.00442086617796,0.00519673889586,0.850700076827,22,-0.00576455489498,0.0146062872509
rf_minus_zero,unknown_return_loss100_scenario,value,common_highDS_WML,early_2021_2022,6,22,1,2021-03,2022-12,0.00442086617796,0.00488253830149,0.905444239241,22,-0.0051487330461,0.013990465402
rf_minus_zero,unknown_return_loss100_scenario,value,common_highDS_WML,middle_2023,3,12,1,2023-01,2023-12,-0.00963802744124,0.00696134589692,-1.38450632736,12,-0.0232820146831,0.00400595980065
rf_minus_zero,unknown_return_loss100_scenario,value,common_highDS_WML,middle_2023,6,12,1,2023-01,2023-12,-0.00963802744124,0.00589432187313,-1.63513762035,12,-0.0211906860259,0.00191463114339
rf_minus_zero,unknown_return_loss100_scenario,value,common_highDS_minus_unconditional,full,3,34,1,2021-03,2023-12,-0.000541096275879,0.00478649208668,-0.113046520516,34,-0.00992244837806,0.00884025582631
rf_minus_zero,unknown_return_loss100_scenario,value,common_highDS_minus_unconditional,full,6,34,1,2021-03,2023-12,-0.000541096275879,0.00430048470965,-0.125822160154,34,-0.00896989142287,0.00788769887111
rf_minus_zero,unknown_return_loss100_scenario,value,common_highDS_minus_unconditional,early_2021_2022,3,22,1,2021-03,2022-12,0.00442086617796,0.00519673889586,0.850700076827,22,-0.00576455489498,0.0146062872509
rf_minus_zero,unknown_return_loss100_scenario,value,common_highDS_minus_unconditional,early_2021_2022,6,22,1,2021-03,2022-12,0.00442086617796,0.00488253830149,0.905444239241,22,-0.0051487330461,0.013990465402
rf_minus_zero,unknown_return_loss100_scenario,value,common_highDS_minus_unconditional,middle_2023,3,12,1,2023-01,2023-12,-0.00963802744124,0.00696134589692,-1.38450632736,12,-0.0232820146831,0.00400595980065
rf_minus_zero,unknown_return_loss100_scenario,value,common_highDS_minus_unconditional,middle_2023,6,12,1,2023-01,2023-12,-0.00963802744124,0.00589432187313,-1.63513762035,12,-0.0211906860259,0.00191463114339
rf_minus_zero,unknown_return_loss100_scenario,value,common_lowDS_WML,full,3,34,1,2021-03,2023-12,0.00289535537273,0.0017917371093,1.6159487671,34,-0.000616384831253,0.00640709557672
rf_minus_zero,unknown_return_loss100_scenario,value,common_lowDS_WML,full,6,34,1,2021-03,2023-12,0.00289535537273,0.00148386458342,1.9512261463,34,-1.2965768704e-05,0.00580367651417
rf_minus_zero,unknown_return_loss100_scenario,value,common_lowDS_WML,early_2021_2022,3,22,1,2021-03,2022-12,0.00527744266128,0.00242951383467,2.17222169553,22,0.000515683045375,0.0100392022772
rf_minus_zero,unknown_return_loss100_scenario,value,common_lowDS_WML,early_2021_2022,6,22,1,2021-03,2022-12,0.00527744266128,0.00221355962696,2.38414298716,22,0.000938945514806,0.00961593980775
rf_minus_zero,unknown_return_loss100_scenario,value,common_lowDS_WML,middle_2023,3,12,1,2023-01,2023-12,-0.00147180465627,0.0014953914364,-0.98422701939,12,-0.0044027180144,0.00145910870186
rf_minus_zero,unknown_return_loss100_scenario,value,common_lowDS_WML,middle_2023,6,12,1,2023-01,2023-12,-0.00147180465627,0.0012147792759,-1.21158196017,12,-0.0038527282862,0.000909118973659
rf_minus_zero,unknown_return_loss100_scenario,value,common_lowDS_minus_highDS,full,3,34,1,2021-03,2023-12,0.00343645164861,0.00402855427716,0.853023544474,34,-0.0044593696444,0.0113322729416
rf_minus_zero,unknown_return_loss100_scenario,value,common_lowDS_minus_highDS,full,6,34,1,2021-03,2023-12,0.00343645164861,0.00353495984242,0.972133150532,34,-0.00349194232932,0.0103648456265
rf_minus_zero,unknown_return_loss100_scenario,value,common_lowDS_minus_highDS,early_2021_2022,3,22,1,2021-03,2022-12,0.000856576483324,0.00468879083263,0.182686008803,22,-0.00833328467968,0.0100464376463
rf_minus_zero,unknown_return_loss100_scenario,value,common_lowDS_minus_highDS,early_2021_2022,6,22,1,2021-03,2022-12,0.000856576483324,0.0039432489607,0.217226072171,22,-0.00687204946172,0.00858520242837
rf_minus_zero,unknown_return_loss100_scenario,value,common_lowDS_minus_highDS,middle_2023,3,12,1,2023-01,2023-12,0.00816622278497,0.00582597535531,1.4016919549,12,-0.00325247908624,0.0195849246562
rf_minus_zero,unknown_return_loss100_scenario,value,common_lowDS_minus_highDS,middle_2023,6,12,1,2023-01,2023-12,0.00816622278497,0.0049855581114,1.63797564937,12,-0.0016052915562,0.0179377371261
rf_minus_zero,unknown_return_loss100_scenario,value,common_lowDS_minus_unconditional,full,3,34,1,2021-03,2023-12,0.00289535537273,0.0017917371093,1.6159487671,34,-0.000616384831253,0.00640709557672
rf_minus_zero,unknown_return_loss100_scenario,value,common_lowDS_minus_unconditional,full,6,34,1,2021-03,2023-12,0.00289535537273,0.00148386458342,1.9512261463,34,-1.2965768704e-05,0.00580367651417
rf_minus_zero,unknown_return_loss100_scenario,value,common_lowDS_minus_unconditional,early_2021_2022,3,22,1,2021-03,2022-12,0.00527744266128,0.00242951383467,2.17222169553,22,0.000515683045375,0.0100392022772
rf_minus_zero,unknown_return_loss100_scenario,value,common_lowDS_minus_unconditional,early_2021_2022,6,22,1,2021-03,2022-12,0.00527744266128,0.00221355962696,2.38414298716,22,0.000938945514806,0.00961593980775
rf_minus_zero,unknown_return_loss100_scenario,value,common_lowDS_minus_unconditional,middle_2023,3,12,1,2023-01,2023-12,-0.00147180465627,0.0014953914364,-0.98422701939,12,-0.0044027180144,0.00145910870186
rf_minus_zero,unknown_return_loss100_scenario,value,common_lowDS_minus_unconditional,middle_2023,6,12,1,2023-01,2023-12,-0.00147180465627,0.0012147792759,-1.21158196017,12,-0.0038527282862,0.000909118973659
rf_minus_zero,unknown_return_loss100_scenario,value,common_unconditional_WML,full,3,34,1,2021-03,2023-12,-3.11229800102e-18,1.69439652497e-17,-0.183681797924,34,-3.63218596457e-17,3.00972636436e-17
rf_minus_zero,unknown_return_loss100_scenario,value,common_unconditional_WML,full,6,34,1,2021-03,2023-12,-3.11229800102e-18,1.65065221255e-17,-0.188549591329,34,-3.5464486877e-17,2.92398908749e-17
rf_minus_zero,unknown_return_loss100_scenario,value,common_unconditional_WML,early_2021_2022,3,22,1,2021-03,2022-12,-7.88510670899e-18,2.30999695415e-17,-0.341347060862,22,-5.31602150542e-17,3.73900016363e-17
rf_minus_zero,unknown_return_loss100_scenario,value,common_unconditional_WML,early_2021_2022,6,22,1,2021-03,2022-12,-7.88510670899e-18,2.2970077488e-17,-0.343277322991,22,-5.29056313076e-17,3.71354178897e-17
rf_minus_zero,unknown_return_loss100_scenario,value,common_unconditional_WML,middle_2023,3,12,1,2023-01,2023-12,5.63785129692e-18,2.16948526606e-17,0.25987045799,12,-3.68832785677e-17,4.81589811616e-17
rf_minus_zero,unknown_return_loss100_scenario,value,common_unconditional_WML,middle_2023,6,12,1,2023-01,2023-12,5.63785129692e-18,1.89123355429e-17,0.298104445331,12,-3.14296452306e-17,4.27053478245e-17
rf_minus_zero,unknown_return_loss100_scenario,value,highDS_WML,full,3,34,1,2021-03,2023-12,-0.000541096275879,0.00478649208668,-0.113046520516,34,-0.00992244837806,0.00884025582631
rf_minus_zero,unknown_return_loss100_scenario,value,highDS_WML,full,6,34,1,2021-03,2023-12,-0.000541096275879,0.00430048470965,-0.125822160154,34,-0.00896989142287,0.00788769887111
rf_minus_zero,unknown_return_loss100_scenario,value,highDS_WML,early_2021_2022,3,22,1,2021-03,2022-12,0.00442086617796,0.00519673889586,0.850700076827,22,-0.00576455489498,0.0146062872509
rf_minus_zero,unknown_return_loss100_scenario,value,highDS_WML,early_2021_2022,6,22,1,2021-03,2022-12,0.00442086617796,0.00488253830149,0.905444239241,22,-0.0051487330461,0.013990465402
rf_minus_zero,unknown_return_loss100_scenario,value,highDS_WML,middle_2023,3,12,1,2023-01,2023-12,-0.00963802744124,0.00696134589692,-1.38450632736,12,-0.0232820146831,0.00400595980065
rf_minus_zero,unknown_return_loss100_scenario,value,highDS_WML,middle_2023,6,12,1,2023-01,2023-12,-0.00963802744124,0.00589432187313,-1.63513762035,12,-0.0211906860259,0.00191463114339
rf_minus_zero,unknown_return_loss100_scenario,value,highDS_minus_unconditional,full,3,34,1,2021-03,2023-12,-0.000541096275879,0.00478649208668,-0.113046520516,34,-0.00992244837806,0.00884025582631
rf_minus_zero,unknown_return_loss100_scenario,value,highDS_minus_unconditional,full,6,34,1,2021-03,2023-12,-0.000541096275879,0.00430048470965,-0.125822160154,34,-0.00896989142287,0.00788769887111
rf_minus_zero,unknown_return_loss100_scenario,value,highDS_minus_unconditional,early_2021_2022,3,22,1,2021-03,2022-12,0.00442086617796,0.00519673889586,0.850700076827,22,-0.00576455489498,0.0146062872509
rf_minus_zero,unknown_return_loss100_scenario,value,highDS_minus_unconditional,early_2021_2022,6,22,1,2021-03,2022-12,0.00442086617796,0.00488253830149,0.905444239241,22,-0.0051487330461,0.013990465402
rf_minus_zero,unknown_return_loss100_scenario,value,highDS_minus_unconditional,middle_2023,3,12,1,2023-01,2023-12,-0.00963802744124,0.00696134589692,-1.38450632736,12,-0.0232820146831,0.00400595980065
rf_minus_zero,unknown_return_loss100_scenario,value,highDS_minus_unconditional,middle_2023,6,12,1,2023-01,2023-12,-0.00963802744124,0.00589432187313,-1.63513762035,12,-0.0211906860259,0.00191463114339
rf_minus_zero,unknown_return_loss100_scenario,value,lowDS_WML,full,3,34,1,2021-03,2023-12,0.00289535537273,0.0017917371093,1.6159487671,34,-0.000616384831253,0.00640709557672
rf_minus_zero,unknown_return_loss100_scenario,value,lowDS_WML,full,6,34,1,2021-03,2023-12,0.00289535537273,0.00148386458342,1.9512261463,34,-1.2965768704e-05,0.00580367651417
rf_minus_zero,unknown_return_loss100_scenario,value,lowDS_WML,early_2021_2022,3,22,1,2021-03,2022-12,0.00527744266128,0.00242951383467,2.17222169553,22,0.000515683045375,0.0100392022772
rf_minus_zero,unknown_return_loss100_scenario,value,lowDS_WML,early_2021_2022,6,22,1,2021-03,2022-12,0.00527744266128,0.00221355962696,2.38414298716,22,0.000938945514806,0.00961593980775
rf_minus_zero,unknown_return_loss100_scenario,value,lowDS_WML,middle_2023,3,12,1,2023-01,2023-12,-0.00147180465627,0.0014953914364,-0.98422701939,12,-0.0044027180144,0.00145910870186
rf_minus_zero,unknown_return_loss100_scenario,value,lowDS_WML,middle_2023,6,12,1,2023-01,2023-12,-0.00147180465627,0.0012147792759,-1.21158196017,12,-0.0038527282862,0.000909118973659
rf_minus_zero,unknown_return_loss100_scenario,value,lowDS_minus_highDS,full,3,34,1,2021-03,2023-12,0.00343645164861,0.00402855427716,0.853023544474,34,-0.0044593696444,0.0113322729416
rf_minus_zero,unknown_return_loss100_scenario,value,lowDS_minus_highDS,full,6,34,1,2021-03,2023-12,0.00343645164861,0.00353495984242,0.972133150532,34,-0.00349194232932,0.0103648456265
rf_minus_zero,unknown_return_loss100_scenario,value,lowDS_minus_highDS,early_2021_2022,3,22,1,2021-03,2022-12,0.000856576483324,0.00468879083263,0.182686008803,22,-0.00833328467968,0.0100464376463
rf_minus_zero,unknown_return_loss100_scenario,value,lowDS_minus_highDS,early_2021_2022,6,22,1,2021-03,2022-12,0.000856576483324,0.0039432489607,0.217226072171,22,-0.00687204946172,0.00858520242837
rf_minus_zero,unknown_return_loss100_scenario,value,lowDS_minus_highDS,middle_2023,3,12,1,2023-01,2023-12,0.00816622278497,0.00582597535531,1.4016919549,12,-0.00325247908624,0.0195849246562
rf_minus_zero,unknown_return_loss100_scenario,value,lowDS_minus_highDS,middle_2023,6,12,1,2023-01,2023-12,0.00816622278497,0.0049855581114,1.63797564937,12,-0.0016052915562,0.0179377371261
rf_minus_zero,unknown_return_loss100_scenario,value,lowDS_minus_unconditional,full,3,34,1,2021-03,2023-12,0.00289535537273,0.0017917371093,1.6159487671,34,-0.000616384831253,0.00640709557672
rf_minus_zero,unknown_return_loss100_scenario,value,lowDS_minus_unconditional,full,6,34,1,2021-03,2023-12,0.00289535537273,0.00148386458342,1.9512261463,34,-1.2965768704e-05,0.00580367651417
rf_minus_zero,unknown_return_loss100_scenario,value,lowDS_minus_unconditional,early_2021_2022,3,22,1,2021-03,2022-12,0.00527744266128,0.00242951383467,2.17222169553,22,0.000515683045375,0.0100392022772
rf_minus_zero,unknown_return_loss100_scenario,value,lowDS_minus_unconditional,early_2021_2022,6,22,1,2021-03,2022-12,0.00527744266128,0.00221355962696,2.38414298716,22,0.000938945514806,0.00961593980775
rf_minus_zero,unknown_return_loss100_scenario,value,lowDS_minus_unconditional,middle_2023,3,12,1,2023-01,2023-12,-0.00147180465627,0.0014953914364,-0.98422701939,12,-0.0044027180144,0.00145910870186
rf_minus_zero,unknown_return_loss100_scenario,value,lowDS_minus_unconditional,middle_2023,6,12,1,2023-01,2023-12,-0.00147180465627,0.0012147792759,-1.21158196017,12,-0.0038527282862,0.000909118973659
rf_minus_zero,unknown_return_loss100_scenario,value,unconditional_WML,full,3,34,1,2021-03,2023-12,-3.11229800102e-18,1.69439652497e-17,-0.183681797924,34,-3.63218596457e-17,3.00972636436e-17
rf_minus_zero,unknown_return_loss100_scenario,value,unconditional_WML,full,6,34,1,2021-03,2023-12,-3.11229800102e-18,1.65065221255e-17,-0.188549591329,34,-3.5464486877e-17,2.92398908749e-17
rf_minus_zero,unknown_return_loss100_scenario,value,unconditional_WML,early_2021_2022,3,22,1,2021-03,2022-12,-7.88510670899e-18,2.30999695415e-17,-0.341347060862,22,-5.31602150542e-17,3.73900016363e-17
rf_minus_zero,unknown_return_loss100_scenario,value,unconditional_WML,early_2021_2022,6,22,1,2021-03,2022-12,-7.88510670899e-18,2.2970077488e-17,-0.343277322991,22,-5.29056313076e-17,3.71354178897e-17
rf_minus_zero,unknown_return_loss100_scenario,value,unconditional_WML,middle_2023,3,12,1,2023-01,2023-12,5.63785129692e-18,2.16948526606e-17,0.25987045799,12,-3.68832785677e-17,4.81589811616e-17
rf_minus_zero,unknown_return_loss100_scenario,value,unconditional_WML,middle_2023,6,12,1,2023-01,2023-12,5.63785129692e-18,1.89123355429e-17,0.298104445331,12,-3.14296452306e-17,4.27053478245e-17
rf_minus_zero,unknown_return_zero_scenario,equal,WML_DS1,full,3,34,1,2021-03,2023-12,0.000565822522921,0.000809096330772,0.699326521949,34,-0.00101997714542,0.00215162219126
rf_minus_zero,unknown_return_zero_scenario,equal,WML_DS1,full,6,34,1,2021-03,2023-12,0.000565822522921,0.000741773918171,0.762796465419,34,-0.000888027641365,0.00201967268721
rf_minus_zero,unknown_return_zero_scenario,equal,WML_DS1,early_2021_2022,3,22,1,2021-03,2022-12,4.20149439182e-05,0.00106114914431,0.0395938159528,22,-0.00203779916115,0.00212182904899
rf_minus_zero,unknown_return_zero_scenario,equal,WML_DS1,early_2021_2022,6,22,1,2021-03,2022-12,4.20149439182e-05,0.000968294881988,0.0433906495839,22,-0.00185580815119,0.00193983803903
rf_minus_zero,unknown_return_zero_scenario,equal,WML_DS1,middle_2023,3,12,1,2023-01,2023-12,0.00152613641776,0.000863177622565,1.76804446485,12,-0.000165660634729,0.00321793347025
rf_minus_zero,unknown_return_zero_scenario,equal,WML_DS1,middle_2023,6,12,1,2023-01,2023-12,0.00152613641776,0.00071816358368,2.12505403008,12,0.000118561658738,0.00293371117678
rf_minus_zero,unknown_return_zero_scenario,equal,WML_DS2,full,3,34,1,2021-03,2023-12,0.000526007482602,0.000927095102987,0.567371654653,34,-0.0012910655295,0.0023430804947
rf_minus_zero,unknown_return_zero_scenario,equal,WML_DS2,full,6,34,1,2021-03,2023-12,0.000526007482602,0.000736711872744,0.713993491978,34,-0.00091792125496,0.00196993622016
rf_minus_zero,unknown_return_zero_scenario,equal,WML_DS2,early_2021_2022,3,22,1,2021-03,2022-12,0.000345433990438,0.00140887533817,0.245184212597,22,-0.00241591093109,0.00310677891196
rf_minus_zero,unknown_return_zero_scenario,equal,WML_DS2,early_2021_2022,6,22,1,2021-03,2022-12,0.000345433990438,0.00110999810388,0.311202324788,22,-0.00183012231608,0.00252099029695
rf_minus_zero,unknown_return_zero_scenario,equal,WML_DS2,middle_2023,3,12,1,2023-01,2023-12,0.000857058884904,0.000613513762783,1.39696765891,12,-0.00034540599417,0.00205952376398
rf_minus_zero,unknown_return_zero_scenario,equal,WML_DS2,middle_2023,6,12,1,2023-01,2023-12,0.000857058884904,0.000600770808342,1.42659875114,12,-0.00032043026241,0.00203454803222
rf_minus_zero,unknown_return_zero_scenario,equal,WML_DS3,full,3,34,1,2021-03,2023-12,-0.00179544576647,0.000741402224425,-2.42168920907,34,-0.0032485674244,-0.000342324108541
rf_minus_zero,unknown_return_zero_scenario,equal,WML_DS3,full,6,34,1,2021-03,2023-12,-0.00179544576647,0.000591660551999,-3.03458758642,34,-0.00295507913946,-0.000635812393481
rf_minus_zero,unknown_return_zero_scenario,equal,WML_DS3,early_2021_2022,3,22,1,2021-03,2022-12,-0.00222542819725,0.000852952440199,-2.60908825905,22,-0.00389718426056,-0.000553672133932
rf_minus_zero,unknown_return_zero_scenario,equal,WML_DS3,early_2021_2022,6,22,1,2021-03,2022-12,-0.00222542819725,0.000765474663763,-2.90725258797,22,-0.0037257309693,-0.000725125425194
rf_minus_zero,unknown_return_zero_scenario,equal,WML_DS3,middle_2023,3,12,1,2023-01,2023-12,-0.00100714464338,0.00129189802164,-0.779585250935,12,-0.0035392182375,0.00152492895073
rf_minus_zero,unknown_return_zero_scenario,equal,WML_DS3,middle_2023,6,12,1,2023-01,2023-12,-0.00100714464338,0.000858160315467,-1.17360896936,12,-0.00268910795466,0.000674818667891
rf_minus_zero,unknown_return_zero_scenario,equal,WML_DS4,full,3,34,0.852941176471,2021-03,2023-12,-0.00549892484086,0.00286557691003,-1.91895908346,29,-0.0111153523794,0.000117502697727
rf_minus_zero,unknown_return_zero_scenario,equal,WML_DS4,full,6,34,0.852941176471,2021-03,2023-12,-0.00549892484086,0.00243132266918,-2.26170097065,29,-0.0102642297073,-0.000733619974466
rf_minus_zero,unknown_return_zero_scenario,equal,WML_DS4,early_2021_2022,3,22,0.863636363636,2021-03,2022-12,-0.00621400473234,0.00340368579001,-1.82566932311,19,-0.0128851062955,0.000457096830768
rf_minus_zero,unknown_return_zero_scenario,equal,WML_DS4,early_2021_2022,6,22,0.863636363636,2021-03,2022-12,-0.00621400473234,0.0026282506491,-2.36431206989,19,-0.0113652813469,-0.00106272811777
rf_minus_zero,unknown_return_zero_scenario,equal,WML_DS4,middle_2023,3,12,0.833333333333,2023-01,2023-12,-0.00414027304704,0.00488433102041,-0.847664302385,10,-0.0137133859356,0.00543283984154
rf_minus_zero,unknown_return_zero_scenario,equal,WML_DS4,middle_2023,6,12,0.833333333333,2023-01,2023-12,-0.00414027304704,0.00449994432417,-0.920072060625,10,-0.0129600018549,0.00467945576078
rf_minus_zero,unknown_return_zero_scenario,equal,WML_DS5,full,3,34,1,2021-03,2023-12,0.00131216141582,0.00223741116032,0.586464141725,34,-0.003073083877,0.00569740670865
rf_minus_zero,unknown_return_zero_scenario,equal,WML_DS5,full,6,34,1,2021-03,2023-12,0.00131216141582,0.00222113032066,0.590762911844,34,-0.00304117401765,0.00566549684929
rf_minus_zero,unknown_return_zero_scenario,equal,WML_DS5,early_2021_2022,3,22,1,2021-03,2022-12,0.00240346150087,0.0032679115721,0.735473236603,22,-0.00400152748512,0.00880845048685
rf_minus_zero,unknown_return_zero_scenario,equal,WML_DS5,early_2021_2022,6,22,1,2021-03,2022-12,0.00240346150087,0.00322668636236,0.744869885375,22,-0.00392072755876,0.00872765056049
rf_minus_zero,unknown_return_zero_scenario,equal,WML_DS5,middle_2023,3,12,1,2023-01,2023-12,-0.000688555406766,0.00157974397756,-0.435865188629,12,-0.00378479670759,0.00240768589405
rf_minus_zero,unknown_return_zero_scenario,equal,WML_DS5,middle_2023,6,12,1,2023-01,2023-12,-0.000688555406766,0.00141430751926,-0.486849852234,12,-0.00346054720758,0.00208343639405
rf_minus_zero,unknown_return_zero_scenario,equal,common_highDS_WML,full,3,34,1,2021-03,2023-12,0.00131216141582,0.00223741116032,0.586464141725,34,-0.003073083877,0.00569740670865
rf_minus_zero,unknown_return_zero_scenario,equal,common_highDS_WML,full,6,34,1,2021-03,2023-12,0.00131216141582,0.00222113032066,0.590762911844,34,-0.00304117401765,0.00566549684929
rf_minus_zero,unknown_return_zero_scenario,equal,common_highDS_WML,early_2021_2022,3,22,1,2021-03,2022-12,0.00240346150087,0.0032679115721,0.735473236603,22,-0.00400152748512,0.00880845048685
rf_minus_zero,unknown_return_zero_scenario,equal,common_highDS_WML,early_2021_2022,6,22,1,2021-03,2022-12,0.00240346150087,0.00322668636236,0.744869885375,22,-0.00392072755876,0.00872765056049
rf_minus_zero,unknown_return_zero_scenario,equal,common_highDS_WML,middle_2023,3,12,1,2023-01,2023-12,-0.000688555406766,0.00157974397756,-0.435865188629,12,-0.00378479670759,0.00240768589405
rf_minus_zero,unknown_return_zero_scenario,equal,common_highDS_WML,middle_2023,6,12,1,2023-01,2023-12,-0.000688555406766,0.00141430751926,-0.486849852234,12,-0.00346054720758,0.00208343639405
rf_minus_zero,unknown_return_zero_scenario,equal,common_highDS_minus_unconditional,full,3,34,1,2021-03,2023-12,0.00131216141582,0.00223741116032,0.586464141725,34,-0.003073083877,0.00569740670865
rf_minus_zero,unknown_return_zero_scenario,equal,common_highDS_minus_unconditional,full,6,34,1,2021-03,2023-12,0.00131216141582,0.00222113032066,0.590762911844,34,-0.00304117401765,0.00566549684929
rf_minus_zero,unknown_return_zero_scenario,equal,common_highDS_minus_unconditional,early_2021_2022,3,22,1,2021-03,2022-12,0.00240346150087,0.0032679115721,0.735473236603,22,-0.00400152748512,0.00880845048685
rf_minus_zero,unknown_return_zero_scenario,equal,common_highDS_minus_unconditional,early_2021_2022,6,22,1,2021-03,2022-12,0.00240346150087,0.00322668636236,0.744869885375,22,-0.00392072755876,0.00872765056049
rf_minus_zero,unknown_return_zero_scenario,equal,common_highDS_minus_unconditional,middle_2023,3,12,1,2023-01,2023-12,-0.000688555406766,0.00157974397756,-0.435865188629,12,-0.00378479670759,0.00240768589405
rf_minus_zero,unknown_return_zero_scenario,equal,common_highDS_minus_unconditional,middle_2023,6,12,1,2023-01,2023-12,-0.000688555406766,0.00141430751926,-0.486849852234,12,-0.00346054720758,0.00208343639405
rf_minus_zero,unknown_return_zero_scenario,equal,common_lowDS_WML,full,3,34,1,2021-03,2023-12,0.000565822522921,0.000809096330772,0.699326521949,34,-0.00101997714542,0.00215162219126
rf_minus_zero,unknown_return_zero_scenario,equal,common_lowDS_WML,full,6,34,1,2021-03,2023-12,0.000565822522921,0.000741773918171,0.762796465419,34,-0.000888027641365,0.00201967268721
rf_minus_zero,unknown_return_zero_scenario,equal,common_lowDS_WML,early_2021_2022,3,22,1,2021-03,2022-12,4.20149439182e-05,0.00106114914431,0.0395938159528,22,-0.00203779916115,0.00212182904899
rf_minus_zero,unknown_return_zero_scenario,equal,common_lowDS_WML,early_2021_2022,6,22,1,2021-03,2022-12,4.20149439182e-05,0.000968294881988,0.0433906495839,22,-0.00185580815119,0.00193983803903
rf_minus_zero,unknown_return_zero_scenario,equal,common_lowDS_WML,middle_2023,3,12,1,2023-01,2023-12,0.00152613641776,0.000863177622565,1.76804446485,12,-0.000165660634729,0.00321793347025
rf_minus_zero,unknown_return_zero_scenario,equal,common_lowDS_WML,middle_2023,6,12,1,2023-01,2023-12,0.00152613641776,0.00071816358368,2.12505403008,12,0.000118561658738,0.00293371117678
rf_minus_zero,unknown_return_zero_scenario,equal,common_lowDS_minus_highDS,full,3,34,1,2021-03,2023-12,-0.0007463388929,0.00189741346345,-0.393345418527,34,-0.00446520094504,0.00297252315924
rf_minus_zero,unknown_return_zero_scenario,equal,common_lowDS_minus_highDS,full,6,34,1,2021-03,2023-12,-0.0007463388929,0.00187776819643,-0.397460610057,34,-0.00442669692922,0.00293401914342
rf_minus_zero,unknown_return_zero_scenario,equal,common_lowDS_minus_highDS,early_2021_2022,3,22,1,2021-03,2022-12,-0.00236144655695,0.00252591660754,-0.934886983165,22,-0.00731215213568,0.00258925902178
rf_minus_zero,unknown_return_zero_scenario,equal,common_lowDS_minus_highDS,early_2021_2022,6,22,1,2021-03,2022-12,-0.00236144655695,0.00248580336628,-0.949973191358,22,-0.0072335316275,0.0025106385136
rf_minus_zero,unknown_return_zero_scenario,equal,common_lowDS_minus_highDS,middle_2023,3,12,1,2023-01,2023-12,0.00221469182453,0.00168070823203,1.31771343909,12,-0.00107943577877,0.00550881942782
rf_minus_zero,unknown_return_zero_scenario,equal,common_lowDS_minus_highDS,middle_2023,6,12,1,2023-01,2023-12,0.00221469182453,0.00138313276464,1.60121420093,12,-0.000496198580014,0.00492558222907
rf_minus_zero,unknown_return_zero_scenario,equal,common_lowDS_minus_unconditional,full,3,34,1,2021-03,2023-12,0.000565822522921,0.000809096330772,0.699326521949,34,-0.00101997714542,0.00215162219126
rf_minus_zero,unknown_return_zero_scenario,equal,common_lowDS_minus_unconditional,full,6,34,1,2021-03,2023-12,0.000565822522921,0.000741773918171,0.762796465419,34,-0.000888027641365,0.00201967268721
rf_minus_zero,unknown_return_zero_scenario,equal,common_lowDS_minus_unconditional,early_2021_2022,3,22,1,2021-03,2022-12,4.20149439182e-05,0.00106114914431,0.0395938159528,22,-0.00203779916115,0.00212182904899
rf_minus_zero,unknown_return_zero_scenario,equal,common_lowDS_minus_unconditional,early_2021_2022,6,22,1,2021-03,2022-12,4.20149439182e-05,0.000968294881988,0.0433906495839,22,-0.00185580815119,0.00193983803903
rf_minus_zero,unknown_return_zero_scenario,equal,common_lowDS_minus_unconditional,middle_2023,3,12,1,2023-01,2023-12,0.00152613641776,0.000863177622565,1.76804446485,12,-0.000165660634729,0.00321793347025
rf_minus_zero,unknown_return_zero_scenario,equal,common_lowDS_minus_unconditional,middle_2023,6,12,1,2023-01,2023-12,0.00152613641776,0.00071816358368,2.12505403008,12,0.000118561658738,0.00293371117678
rf_minus_zero,unknown_return_zero_scenario,equal,common_unconditional_WML,full,3,34,1,2021-03,2023-12,3.75006398483e-18,2.09749772728e-18,1.78787511236,34,-3.60956018284e-19,7.86108398795e-18
rf_minus_zero,unknown_return_zero_scenario,equal,common_unconditional_WML,full,6,34,1,2021-03,2023-12,3.75006398483e-18,2.23184092572e-18,1.68025594549,34,-6.24263848802e-19,8.12439181847e-18
rf_minus_zero,unknown_return_zero_scenario,equal,common_unconditional_WML,early_2021_2022,3,22,1,2021-03,2022-12,6.26865983364e-18,2.62720658382e-18,2.38605516302,22,1.1194295494e-18,1.14178901179e-17
rf_minus_zero,unknown_return_zero_scenario,equal,common_unconditional_WML,early_2021_2022,6,22,1,2021-03,2022-12,6.26865983364e-18,2.50358029652e-18,2.50387808306,22,1.36173262006e-18,1.11755870472e-17
rf_minus_zero,unknown_return_zero_scenario,equal,common_unconditional_WML,middle_2023,3,12,1,2023-01,2023-12,-8.67361737988e-19,1.09856309188e-18,-0.789542033952,12,-3.02050583282e-18,1.28578235684e-18
rf_minus_zero,unknown_return_zero_scenario,equal,common_unconditional_WML,middle_2023,6,12,1,2023-01,2023-12,-8.67361737988e-19,7.78480984412e-19,-1.11417202906,12,-2.39315643008e-18,6.58432954108e-19
rf_minus_zero,unknown_return_zero_scenario,equal,highDS_WML,full,3,34,1,2021-03,2023-12,0.00131216141582,0.00223741116032,0.586464141725,34,-0.003073083877,0.00569740670865
rf_minus_zero,unknown_return_zero_scenario,equal,highDS_WML,full,6,34,1,2021-03,2023-12,0.00131216141582,0.00222113032066,0.590762911844,34,-0.00304117401765,0.00566549684929
rf_minus_zero,unknown_return_zero_scenario,equal,highDS_WML,early_2021_2022,3,22,1,2021-03,2022-12,0.00240346150087,0.0032679115721,0.735473236603,22,-0.00400152748512,0.00880845048685
rf_minus_zero,unknown_return_zero_scenario,equal,highDS_WML,early_2021_2022,6,22,1,2021-03,2022-12,0.00240346150087,0.00322668636236,0.744869885375,22,-0.00392072755876,0.00872765056049
rf_minus_zero,unknown_return_zero_scenario,equal,highDS_WML,middle_2023,3,12,1,2023-01,2023-12,-0.000688555406766,0.00157974397756,-0.435865188629,12,-0.00378479670759,0.00240768589405
rf_minus_zero,unknown_return_zero_scenario,equal,highDS_WML,middle_2023,6,12,1,2023-01,2023-12,-0.000688555406766,0.00141430751926,-0.486849852234,12,-0.00346054720758,0.00208343639405
rf_minus_zero,unknown_return_zero_scenario,equal,highDS_minus_unconditional,full,3,34,1,2021-03,2023-12,0.00131216141582,0.00223741116032,0.586464141725,34,-0.003073083877,0.00569740670865
rf_minus_zero,unknown_return_zero_scenario,equal,highDS_minus_unconditional,full,6,34,1,2021-03,2023-12,0.00131216141582,0.00222113032066,0.590762911844,34,-0.00304117401765,0.00566549684929
rf_minus_zero,unknown_return_zero_scenario,equal,highDS_minus_unconditional,early_2021_2022,3,22,1,2021-03,2022-12,0.00240346150087,0.0032679115721,0.735473236603,22,-0.00400152748512,0.00880845048685
rf_minus_zero,unknown_return_zero_scenario,equal,highDS_minus_unconditional,early_2021_2022,6,22,1,2021-03,2022-12,0.00240346150087,0.00322668636236,0.744869885375,22,-0.00392072755876,0.00872765056049
rf_minus_zero,unknown_return_zero_scenario,equal,highDS_minus_unconditional,middle_2023,3,12,1,2023-01,2023-12,-0.000688555406766,0.00157974397756,-0.435865188629,12,-0.00378479670759,0.00240768589405
rf_minus_zero,unknown_return_zero_scenario,equal,highDS_minus_unconditional,middle_2023,6,12,1,2023-01,2023-12,-0.000688555406766,0.00141430751926,-0.486849852234,12,-0.00346054720758,0.00208343639405
rf_minus_zero,unknown_return_zero_scenario,equal,lowDS_WML,full,3,34,1,2021-03,2023-12,0.000565822522921,0.000809096330772,0.699326521949,34,-0.00101997714542,0.00215162219126
rf_minus_zero,unknown_return_zero_scenario,equal,lowDS_WML,full,6,34,1,2021-03,2023-12,0.000565822522921,0.000741773918171,0.762796465419,34,-0.000888027641365,0.00201967268721
rf_minus_zero,unknown_return_zero_scenario,equal,lowDS_WML,early_2021_2022,3,22,1,2021-03,2022-12,4.20149439182e-05,0.00106114914431,0.0395938159528,22,-0.00203779916115,0.00212182904899
rf_minus_zero,unknown_return_zero_scenario,equal,lowDS_WML,early_2021_2022,6,22,1,2021-03,2022-12,4.20149439182e-05,0.000968294881988,0.0433906495839,22,-0.00185580815119,0.00193983803903
rf_minus_zero,unknown_return_zero_scenario,equal,lowDS_WML,middle_2023,3,12,1,2023-01,2023-12,0.00152613641776,0.000863177622565,1.76804446485,12,-0.000165660634729,0.00321793347025
rf_minus_zero,unknown_return_zero_scenario,equal,lowDS_WML,middle_2023,6,12,1,2023-01,2023-12,0.00152613641776,0.00071816358368,2.12505403008,12,0.000118561658738,0.00293371117678
rf_minus_zero,unknown_return_zero_scenario,equal,lowDS_minus_highDS,full,3,34,1,2021-03,2023-12,-0.0007463388929,0.00189741346345,-0.393345418527,34,-0.00446520094504,0.00297252315924
rf_minus_zero,unknown_return_zero_scenario,equal,lowDS_minus_highDS,full,6,34,1,2021-03,2023-12,-0.0007463388929,0.00187776819643,-0.397460610057,34,-0.00442669692922,0.00293401914342
rf_minus_zero,unknown_return_zero_scenario,equal,lowDS_minus_highDS,early_2021_2022,3,22,1,2021-03,2022-12,-0.00236144655695,0.00252591660754,-0.934886983165,22,-0.00731215213568,0.00258925902178
rf_minus_zero,unknown_return_zero_scenario,equal,lowDS_minus_highDS,early_2021_2022,6,22,1,2021-03,2022-12,-0.00236144655695,0.00248580336628,-0.949973191358,22,-0.0072335316275,0.0025106385136
rf_minus_zero,unknown_return_zero_scenario,equal,lowDS_minus_highDS,middle_2023,3,12,1,2023-01,2023-12,0.00221469182453,0.00168070823203,1.31771343909,12,-0.00107943577877,0.00550881942782
rf_minus_zero,unknown_return_zero_scenario,equal,lowDS_minus_highDS,middle_2023,6,12,1,2023-01,2023-12,0.00221469182453,0.00138313276464,1.60121420093,12,-0.000496198580014,0.00492558222907
rf_minus_zero,unknown_return_zero_scenario,equal,lowDS_minus_unconditional,full,3,34,1,2021-03,2023-12,0.000565822522921,0.000809096330772,0.699326521949,34,-0.00101997714542,0.00215162219126
rf_minus_zero,unknown_return_zero_scenario,equal,lowDS_minus_unconditional,full,6,34,1,2021-03,2023-12,0.000565822522921,0.000741773918171,0.762796465419,34,-0.000888027641365,0.00201967268721
rf_minus_zero,unknown_return_zero_scenario,equal,lowDS_minus_unconditional,early_2021_2022,3,22,1,2021-03,2022-12,4.20149439182e-05,0.00106114914431,0.0395938159528,22,-0.00203779916115,0.00212182904899
rf_minus_zero,unknown_return_zero_scenario,equal,lowDS_minus_unconditional,early_2021_2022,6,22,1,2021-03,2022-12,4.20149439182e-05,0.000968294881988,0.0433906495839,22,-0.00185580815119,0.00193983803903
rf_minus_zero,unknown_return_zero_scenario,equal,lowDS_minus_unconditional,middle_2023,3,12,1,2023-01,2023-12,0.00152613641776,0.000863177622565,1.76804446485,12,-0.000165660634729,0.00321793347025
rf_minus_zero,unknown_return_zero_scenario,equal,lowDS_minus_unconditional,middle_2023,6,12,1,2023-01,2023-12,0.00152613641776,0.00071816358368,2.12505403008,12,0.000118561658738,0.00293371117678
rf_minus_zero,unknown_return_zero_scenario,equal,unconditional_WML,full,3,34,1,2021-03,2023-12,3.75006398483e-18,2.09749772728e-18,1.78787511236,34,-3.60956018284e-19,7.86108398795e-18
rf_minus_zero,unknown_return_zero_scenario,equal,unconditional_WML,full,6,34,1,2021-03,2023-12,3.75006398483e-18,2.23184092572e-18,1.68025594549,34,-6.24263848802e-19,8.12439181847e-18
rf_minus_zero,unknown_return_zero_scenario,equal,unconditional_WML,early_2021_2022,3,22,1,2021-03,2022-12,6.26865983364e-18,2.62720658382e-18,2.38605516302,22,1.1194295494e-18,1.14178901179e-17
rf_minus_zero,unknown_return_zero_scenario,equal,unconditional_WML,early_2021_2022,6,22,1,2021-03,2022-12,6.26865983364e-18,2.50358029652e-18,2.50387808306,22,1.36173262006e-18,1.11755870472e-17
rf_minus_zero,unknown_return_zero_scenario,equal,unconditional_WML,middle_2023,3,12,1,2023-01,2023-12,-8.67361737988e-19,1.09856309188e-18,-0.789542033952,12,-3.02050583282e-18,1.28578235684e-18
rf_minus_zero,unknown_return_zero_scenario,equal,unconditional_WML,middle_2023,6,12,1,2023-01,2023-12,-8.67361737988e-19,7.78480984412e-19,-1.11417202906,12,-2.39315643008e-18,6.58432954108e-19
rf_minus_zero,unknown_return_zero_scenario,value,WML_DS1,full,3,34,1,2021-03,2023-12,0.00289535537273,0.0017917371093,1.6159487671,34,-0.000616384831253,0.00640709557672
rf_minus_zero,unknown_return_zero_scenario,value,WML_DS1,full,6,34,1,2021-03,2023-12,0.00289535537273,0.00148386458342,1.9512261463,34,-1.2965768704e-05,0.00580367651417
rf_minus_zero,unknown_return_zero_scenario,value,WML_DS1,early_2021_2022,3,22,1,2021-03,2022-12,0.00527744266128,0.00242951383467,2.17222169553,22,0.000515683045375,0.0100392022772
rf_minus_zero,unknown_return_zero_scenario,value,WML_DS1,early_2021_2022,6,22,1,2021-03,2022-12,0.00527744266128,0.00221355962696,2.38414298716,22,0.000938945514806,0.00961593980775
rf_minus_zero,unknown_return_zero_scenario,value,WML_DS1,middle_2023,3,12,1,2023-01,2023-12,-0.00147180465627,0.0014953914364,-0.98422701939,12,-0.0044027180144,0.00145910870186
rf_minus_zero,unknown_return_zero_scenario,value,WML_DS1,middle_2023,6,12,1,2023-01,2023-12,-0.00147180465627,0.0012147792759,-1.21158196017,12,-0.0038527282862,0.000909118973659
rf_minus_zero,unknown_return_zero_scenario,value,WML_DS2,full,3,34,1,2021-03,2023-12,-0.0035515282177,0.00143921521089,-2.46768390914,34,-0.00637233819705,-0.000730718238358
rf_minus_zero,unknown_return_zero_scenario,value,WML_DS2,full,6,34,1,2021-03,2023-12,-0.0035515282177,0.00111335170656,-3.18994276181,34,-0.00573365746469,-0.00136939897071
rf_minus_zero,unknown_return_zero_scenario,value,WML_DS2,early_2021_2022,3,22,1,2021-03,2022-12,-0.00478649005578,0.00167821057354,-2.85213913632,22,-0.0080757223384,-0.00149725777316
rf_minus_zero,unknown_return_zero_scenario,value,WML_DS2,early_2021_2022,6,22,1,2021-03,2022-12,-0.00478649005578,0.00120029980041,-3.98774544005,22,-0.00713903443524,-0.00243394567633
rf_minus_zero,unknown_return_zero_scenario,value,WML_DS2,middle_2023,3,12,1,2023-01,2023-12,-0.00128743151456,0.00251207105355,-0.512498049264,12,-0.00621100030613,0.00363613727701
rf_minus_zero,unknown_return_zero_scenario,value,WML_DS2,middle_2023,6,12,1,2023-01,2023-12,-0.00128743151456,0.00186765870735,-0.689329110019,12,-0.00494797531638,0.00237311228726
rf_minus_zero,unknown_return_zero_scenario,value,WML_DS3,full,3,34,1,2021-03,2023-12,-0.00170914289793,0.0031807471863,-0.537340064402,34,-0.00794329282701,0.00452500703114
rf_minus_zero,unknown_return_zero_scenario,value,WML_DS3,full,6,34,1,2021-03,2023-12,-0.00170914289793,0.00260345882517,-0.656489313911,34,-0.0068118284305,0.00339354263464
rf_minus_zero,unknown_return_zero_scenario,value,WML_DS3,early_2021_2022,3,22,1,2021-03,2022-12,-0.00150851979146,0.00457609718983,-0.329652043845,22,-0.0104775054733,0.00746046589036
rf_minus_zero,unknown_return_zero_scenario,value,WML_DS3,early_2021_2022,6,22,1,2021-03,2022-12,-0.00150851979146,0.00359187984917,-0.419980582538,22,-0.00854847493264,0.00553143534971
rf_minus_zero,unknown_return_zero_scenario,value,WML_DS3,middle_2023,3,12,1,2023-01,2023-12,-0.00207695192646,0.0034237704219,-0.606627101273,12,-0.00878741864471,0.00463351479179
rf_minus_zero,unknown_return_zero_scenario,value,WML_DS3,middle_2023,6,12,1,2023-01,2023-12,-0.00207695192646,0.00230425389058,-0.901355503814,12,-0.00659320656324,0.00243930271032
rf_minus_zero,unknown_return_zero_scenario,value,WML_DS4,full,3,34,0.852941176471,2021-03,2023-12,-0.00449545223134,0.00479171822144,-0.938171241211,29,-0.0138870473694,0.00489614290674
rf_minus_zero,unknown_return_zero_scenario,value,WML_DS4,full,6,34,0.852941176471,2021-03,2023-12,-0.00449545223134,0.00349981778727,-1.28448179436,29,-0.0113549690468,0.00236406458416
rf_minus_zero,unknown_return_zero_scenario,value,WML_DS4,early_2021_2022,3,22,0.863636363636,2021-03,2022-12,-0.00435308343902,0.00528335044165,-0.823924796793,19,-0.0147082600223,0.00600209314431
rf_minus_zero,unknown_return_zero_scenario,value,WML_DS4,early_2021_2022,6,22,0.863636363636,2021-03,2022-12,-0.00435308343902,0.00425391612935,-1.02331200396,19,-0.0126906058458,0.00398443896777
rf_minus_zero,unknown_return_zero_scenario,value,WML_DS4,middle_2023,3,12,0.833333333333,2023-01,2023-12,-0.00476595293674,0.00940039187421,-0.506995133875,10,-0.0231903824508,0.0136584765773
rf_minus_zero,unknown_return_zero_scenario,value,WML_DS4,middle_2023,6,12,0.833333333333,2023-01,2023-12,-0.00476595293674,0.00498718785614,-0.955639345103,10,-0.0145406615189,0.00500875564542
rf_minus_zero,unknown_return_zero_scenario,value,WML_DS5,full,3,34,1,2021-03,2023-12,-0.0005542725735,0.0047865804033,-0.115797192735,34,-0.00993579777307,0.00882725262607
rf_minus_zero,unknown_return_zero_scenario,value,WML_DS5,full,6,34,1,2021-03,2023-12,-0.0005542725735,0.00429908783347,-0.1289279482,34,-0.00898032989348,0.00787178474648
rf_minus_zero,unknown_return_zero_scenario,value,WML_DS5,early_2021_2022,3,22,1,2021-03,2022-12,0.00439220802835,0.00520928356764,0.843150112931,22,-0.00581780014948,0.0146022162062
rf_minus_zero,unknown_return_zero_scenario,value,WML_DS5,early_2021_2022,6,22,1,2021-03,2022-12,0.00439220802835,0.00489400757472,0.897466536635,22,-0.00519987055817,0.0139842866149
rf_minus_zero,unknown_return_zero_scenario,value,WML_DS5,middle_2023,3,12,1,2023-01,2023-12,-0.00962282034356,0.00694865309853,-1.38484684832,12,-0.0232419301577,0.00399628947062
rf_minus_zero,unknown_return_zero_scenario,value,WML_DS5,middle_2023,6,12,1,2023-01,2023-12,-0.00962282034356,0.00588232457461,-1.63588734717,12,-0.0211519646552,0.00190632396805
rf_minus_zero,unknown_return_zero_scenario,value,common_highDS_WML,full,3,34,1,2021-03,2023-12,-0.0005542725735,0.0047865804033,-0.115797192735,34,-0.00993579777307,0.00882725262607
rf_minus_zero,unknown_return_zero_scenario,value,common_highDS_WML,full,6,34,1,2021-03,2023-12,-0.0005542725735,0.00429908783347,-0.1289279482,34,-0.00898032989348,0.00787178474648
rf_minus_zero,unknown_return_zero_scenario,value,common_highDS_WML,early_2021_2022,3,22,1,2021-03,2022-12,0.00439220802835,0.00520928356764,0.843150112931,22,-0.00581780014948,0.0146022162062
rf_minus_zero,unknown_return_zero_scenario,value,common_highDS_WML,early_2021_2022,6,22,1,2021-03,2022-12,0.00439220802835,0.00489400757472,0.897466536635,22,-0.00519987055817,0.0139842866149
rf_minus_zero,unknown_return_zero_scenario,value,common_highDS_WML,middle_2023,3,12,1,2023-01,2023-12,-0.00962282034356,0.00694865309853,-1.38484684832,12,-0.0232419301577,0.00399628947062
rf_minus_zero,unknown_return_zero_scenario,value,common_highDS_WML,middle_2023,6,12,1,2023-01,2023-12,-0.00962282034356,0.00588232457461,-1.63588734717,12,-0.0211519646552,0.00190632396805
rf_minus_zero,unknown_return_zero_scenario,value,common_highDS_minus_unconditional,full,3,34,1,2021-03,2023-12,-0.0005542725735,0.0047865804033,-0.115797192735,34,-0.00993579777307,0.00882725262607
rf_minus_zero,unknown_return_zero_scenario,value,common_highDS_minus_unconditional,full,6,34,1,2021-03,2023-12,-0.0005542725735,0.00429908783347,-0.1289279482,34,-0.00898032989348,0.00787178474648
rf_minus_zero,unknown_return_zero_scenario,value,common_highDS_minus_unconditional,early_2021_2022,3,22,1,2021-03,2022-12,0.00439220802835,0.00520928356764,0.843150112931,22,-0.00581780014948,0.0146022162062
rf_minus_zero,unknown_return_zero_scenario,value,common_highDS_minus_unconditional,early_2021_2022,6,22,1,2021-03,2022-12,0.00439220802835,0.00489400757472,0.897466536635,22,-0.00519987055817,0.0139842866149
rf_minus_zero,unknown_return_zero_scenario,value,common_highDS_minus_unconditional,middle_2023,3,12,1,2023-01,2023-12,-0.00962282034356,0.00694865309853,-1.38484684832,12,-0.0232419301577,0.00399628947062
rf_minus_zero,unknown_return_zero_scenario,value,common_highDS_minus_unconditional,middle_2023,6,12,1,2023-01,2023-12,-0.00962282034356,0.00588232457461,-1.63588734717,12,-0.0211519646552,0.00190632396805
rf_minus_zero,unknown_return_zero_scenario,value,common_lowDS_WML,full,3,34,1,2021-03,2023-12,0.00289535537273,0.0017917371093,1.6159487671,34,-0.000616384831253,0.00640709557672
rf_minus_zero,unknown_return_zero_scenario,value,common_lowDS_WML,full,6,34,1,2021-03,2023-12,0.00289535537273,0.00148386458342,1.9512261463,34,-1.2965768704e-05,0.00580367651417
rf_minus_zero,unknown_return_zero_scenario,value,common_lowDS_WML,early_2021_2022,3,22,1,2021-03,2022-12,0.00527744266128,0.00242951383467,2.17222169553,22,0.000515683045375,0.0100392022772
rf_minus_zero,unknown_return_zero_scenario,value,common_lowDS_WML,early_2021_2022,6,22,1,2021-03,2022-12,0.00527744266128,0.00221355962696,2.38414298716,22,0.000938945514806,0.00961593980775
rf_minus_zero,unknown_return_zero_scenario,value,common_lowDS_WML,middle_2023,3,12,1,2023-01,2023-12,-0.00147180465627,0.0014953914364,-0.98422701939,12,-0.0044027180144,0.00145910870186
rf_minus_zero,unknown_return_zero_scenario,value,common_lowDS_WML,middle_2023,6,12,1,2023-01,2023-12,-0.00147180465627,0.0012147792759,-1.21158196017,12,-0.0038527282862,0.000909118973659
rf_minus_zero,unknown_return_zero_scenario,value,common_lowDS_minus_highDS,full,3,34,1,2021-03,2023-12,0.00344962794623,0.00402647651471,0.856736139807,34,-0.00444212100719,0.0113413768997
rf_minus_zero,unknown_return_zero_scenario,value,common_lowDS_minus_highDS,full,6,34,1,2021-03,2023-12,0.00344962794623,0.00353144304362,0.976832389372,34,-0.00347187323272,0.0103711291252
rf_minus_zero,unknown_return_zero_scenario,value,common_lowDS_minus_highDS,early_2021_2022,3,22,1,2021-03,2022-12,0.00088523463293,0.00469574542908,0.18851844639,22,-0.00831825728863,0.0100887265545
rf_minus_zero,unknown_return_zero_scenario,value,common_lowDS_minus_highDS,early_2021_2022,6,22,1,2021-03,2022-12,0.00088523463293,0.00395010931559,0.224103831617,22,-0.00685683736062,0.00862730662648
rf_minus_zero,unknown_return_zero_scenario,value,common_lowDS_minus_highDS,middle_2023,3,12,1,2023-01,2023-12,0.00815101568729,0.00581276314789,1.40226179528,12,-0.00324179073323,0.0195438221078
rf_minus_zero,unknown_return_zero_scenario,value,common_lowDS_minus_highDS,middle_2023,6,12,1,2023-01,2023-12,0.00815101568729,0.00497316977465,1.638998075,12,-0.00159621796003,0.0178982493346
rf_minus_zero,unknown_return_zero_scenario,value,common_lowDS_minus_unconditional,full,3,34,1,2021-03,2023-12,0.00289535537273,0.0017917371093,1.6159487671,34,-0.000616384831253,0.00640709557672
rf_minus_zero,unknown_return_zero_scenario,value,common_lowDS_minus_unconditional,full,6,34,1,2021-03,2023-12,0.00289535537273,0.00148386458342,1.9512261463,34,-1.2965768704e-05,0.00580367651417
rf_minus_zero,unknown_return_zero_scenario,value,common_lowDS_minus_unconditional,early_2021_2022,3,22,1,2021-03,2022-12,0.00527744266128,0.00242951383467,2.17222169553,22,0.000515683045375,0.0100392022772
rf_minus_zero,unknown_return_zero_scenario,value,common_lowDS_minus_unconditional,early_2021_2022,6,22,1,2021-03,2022-12,0.00527744266128,0.00221355962696,2.38414298716,22,0.000938945514806,0.00961593980775
rf_minus_zero,unknown_return_zero_scenario,value,common_lowDS_minus_unconditional,middle_2023,3,12,1,2023-01,2023-12,-0.00147180465627,0.0014953914364,-0.98422701939,12,-0.0044027180144,0.00145910870186
rf_minus_zero,unknown_return_zero_scenario,value,common_lowDS_minus_unconditional,middle_2023,6,12,1,2023-01,2023-12,-0.00147180465627,0.0012147792759,-1.21158196017,12,-0.0038527282862,0.000909118973659
rf_minus_zero,unknown_return_zero_scenario,value,common_unconditional_WML,full,3,34,1,2021-03,2023-12,1.53063836116e-19,2.49600725591e-18,0.0613234740217,34,-4.73902049061e-18,5.04514816284e-18
rf_minus_zero,unknown_return_zero_scenario,value,common_unconditional_WML,full,6,34,1,2021-03,2023-12,1.53063836116e-19,2.20034020185e-18,0.0695637138235,34,-4.15952371324e-18,4.46565138547e-18
rf_minus_zero,unknown_return_zero_scenario,value,common_unconditional_WML,early_2021_2022,3,22,1,2021-03,2022-12,2.20782987852e-18,3.6452512764e-18,0.605672890868,22,-4.93673133783e-18,9.35239109486e-18
rf_minus_zero,unknown_return_zero_scenario,value,common_unconditional_WML,early_2021_2022,6,22,1,2021-03,2022-12,2.20782987852e-18,2.93359942105e-18,0.752601007033,22,-3.54191933182e-18,7.95757908885e-18
rf_minus_zero,unknown_return_zero_scenario,value,common_unconditional_WML,middle_2023,3,12,1,2023-01,2023-12,-3.61400724162e-18,1.19396016064e-18,-3.02690773172,12,-5.95412615545e-18,-1.27388832778e-18
rf_minus_zero,unknown_return_zero_scenario,value,common_unconditional_WML,middle_2023,6,12,1,2023-01,2023-12,-3.61400724162e-18,9.17764945577e-19,-3.93783534557,12,-5.41279348122e-18,-1.81522100201e-18
rf_minus_zero,unknown_return_zero_scenario,value,highDS_WML,full,3,34,1,2021-03,2023-12,-0.0005542725735,0.0047865804033,-0.115797192735,34,-0.00993579777307,0.00882725262607
rf_minus_zero,unknown_return_zero_scenario,value,highDS_WML,full,6,34,1,2021-03,2023-12,-0.0005542725735,0.00429908783347,-0.1289279482,34,-0.00898032989348,0.00787178474648
rf_minus_zero,unknown_return_zero_scenario,value,highDS_WML,early_2021_2022,3,22,1,2021-03,2022-12,0.00439220802835,0.00520928356764,0.843150112931,22,-0.00581780014948,0.0146022162062
rf_minus_zero,unknown_return_zero_scenario,value,highDS_WML,early_2021_2022,6,22,1,2021-03,2022-12,0.00439220802835,0.00489400757472,0.897466536635,22,-0.00519987055817,0.0139842866149
rf_minus_zero,unknown_return_zero_scenario,value,highDS_WML,middle_2023,3,12,1,2023-01,2023-12,-0.00962282034356,0.00694865309853,-1.38484684832,12,-0.0232419301577,0.00399628947062
rf_minus_zero,unknown_return_zero_scenario,value,highDS_WML,middle_2023,6,12,1,2023-01,2023-12,-0.00962282034356,0.00588232457461,-1.63588734717,12,-0.0211519646552,0.00190632396805
rf_minus_zero,unknown_return_zero_scenario,value,highDS_minus_unconditional,full,3,34,1,2021-03,2023-12,-0.0005542725735,0.0047865804033,-0.115797192735,34,-0.00993579777307,0.00882725262607
rf_minus_zero,unknown_return_zero_scenario,value,highDS_minus_unconditional,full,6,34,1,2021-03,2023-12,-0.0005542725735,0.00429908783347,-0.1289279482,34,-0.00898032989348,0.00787178474648
rf_minus_zero,unknown_return_zero_scenario,value,highDS_minus_unconditional,early_2021_2022,3,22,1,2021-03,2022-12,0.00439220802835,0.00520928356764,0.843150112931,22,-0.00581780014948,0.0146022162062
rf_minus_zero,unknown_return_zero_scenario,value,highDS_minus_unconditional,early_2021_2022,6,22,1,2021-03,2022-12,0.00439220802835,0.00489400757472,0.897466536635,22,-0.00519987055817,0.0139842866149
rf_minus_zero,unknown_return_zero_scenario,value,highDS_minus_unconditional,middle_2023,3,12,1,2023-01,2023-12,-0.00962282034356,0.00694865309853,-1.38484684832,12,-0.0232419301577,0.00399628947062
rf_minus_zero,unknown_return_zero_scenario,value,highDS_minus_unconditional,middle_2023,6,12,1,2023-01,2023-12,-0.00962282034356,0.00588232457461,-1.63588734717,12,-0.0211519646552,0.00190632396805
rf_minus_zero,unknown_return_zero_scenario,value,lowDS_WML,full,3,34,1,2021-03,2023-12,0.00289535537273,0.0017917371093,1.6159487671,34,-0.000616384831253,0.00640709557672
rf_minus_zero,unknown_return_zero_scenario,value,lowDS_WML,full,6,34,1,2021-03,2023-12,0.00289535537273,0.00148386458342,1.9512261463,34,-1.2965768704e-05,0.00580367651417
rf_minus_zero,unknown_return_zero_scenario,value,lowDS_WML,early_2021_2022,3,22,1,2021-03,2022-12,0.00527744266128,0.00242951383467,2.17222169553,22,0.000515683045375,0.0100392022772
rf_minus_zero,unknown_return_zero_scenario,value,lowDS_WML,early_2021_2022,6,22,1,2021-03,2022-12,0.00527744266128,0.00221355962696,2.38414298716,22,0.000938945514806,0.00961593980775
rf_minus_zero,unknown_return_zero_scenario,value,lowDS_WML,middle_2023,3,12,1,2023-01,2023-12,-0.00147180465627,0.0014953914364,-0.98422701939,12,-0.0044027180144,0.00145910870186
rf_minus_zero,unknown_return_zero_scenario,value,lowDS_WML,middle_2023,6,12,1,2023-01,2023-12,-0.00147180465627,0.0012147792759,-1.21158196017,12,-0.0038527282862,0.000909118973659
rf_minus_zero,unknown_return_zero_scenario,value,lowDS_minus_highDS,full,3,34,1,2021-03,2023-12,0.00344962794623,0.00402647651471,0.856736139807,34,-0.00444212100719,0.0113413768997
rf_minus_zero,unknown_return_zero_scenario,value,lowDS_minus_highDS,full,6,34,1,2021-03,2023-12,0.00344962794623,0.00353144304362,0.976832389372,34,-0.00347187323272,0.0103711291252
rf_minus_zero,unknown_return_zero_scenario,value,lowDS_minus_highDS,early_2021_2022,3,22,1,2021-03,2022-12,0.00088523463293,0.00469574542908,0.18851844639,22,-0.00831825728863,0.0100887265545
rf_minus_zero,unknown_return_zero_scenario,value,lowDS_minus_highDS,early_2021_2022,6,22,1,2021-03,2022-12,0.00088523463293,0.00395010931559,0.224103831617,22,-0.00685683736062,0.00862730662648
rf_minus_zero,unknown_return_zero_scenario,value,lowDS_minus_highDS,middle_2023,3,12,1,2023-01,2023-12,0.00815101568729,0.00581276314789,1.40226179528,12,-0.00324179073323,0.0195438221078
rf_minus_zero,unknown_return_zero_scenario,value,lowDS_minus_highDS,middle_2023,6,12,1,2023-01,2023-12,0.00815101568729,0.00497316977465,1.638998075,12,-0.00159621796003,0.0178982493346
rf_minus_zero,unknown_return_zero_scenario,value,lowDS_minus_unconditional,full,3,34,1,2021-03,2023-12,0.00289535537273,0.0017917371093,1.6159487671,34,-0.000616384831253,0.00640709557672
rf_minus_zero,unknown_return_zero_scenario,value,lowDS_minus_unconditional,full,6,34,1,2021-03,2023-12,0.00289535537273,0.00148386458342,1.9512261463,34,-1.2965768704e-05,0.00580367651417
rf_minus_zero,unknown_return_zero_scenario,value,lowDS_minus_unconditional,early_2021_2022,3,22,1,2021-03,2022-12,0.00527744266128,0.00242951383467,2.17222169553,22,0.000515683045375,0.0100392022772
rf_minus_zero,unknown_return_zero_scenario,value,lowDS_minus_unconditional,early_2021_2022,6,22,1,2021-03,2022-12,0.00527744266128,0.00221355962696,2.38414298716,22,0.000938945514806,0.00961593980775
rf_minus_zero,unknown_return_zero_scenario,value,lowDS_minus_unconditional,middle_2023,3,12,1,2023-01,2023-12,-0.00147180465627,0.0014953914364,-0.98422701939,12,-0.0044027180144,0.00145910870186
rf_minus_zero,unknown_return_zero_scenario,value,lowDS_minus_unconditional,middle_2023,6,12,1,2023-01,2023-12,-0.00147180465627,0.0012147792759,-1.21158196017,12,-0.0038527282862,0.000909118973659
rf_minus_zero,unknown_return_zero_scenario,value,unconditional_WML,full,3,34,1,2021-03,2023-12,1.53063836116e-19,2.49600725591e-18,0.0613234740217,34,-4.73902049061e-18,5.04514816284e-18
rf_minus_zero,unknown_return_zero_scenario,value,unconditional_WML,full,6,34,1,2021-03,2023-12,1.53063836116e-19,2.20034020185e-18,0.0695637138235,34,-4.15952371324e-18,4.46565138547e-18
rf_minus_zero,unknown_return_zero_scenario,value,unconditional_WML,early_2021_2022,3,22,1,2021-03,2022-12,2.20782987852e-18,3.6452512764e-18,0.605672890868,22,-4.93673133783e-18,9.35239109486e-18
rf_minus_zero,unknown_return_zero_scenario,value,unconditional_WML,early_2021_2022,6,22,1,2021-03,2022-12,2.20782987852e-18,2.93359942105e-18,0.752601007033,22,-3.54191933182e-18,7.95757908885e-18
rf_minus_zero,unknown_return_zero_scenario,value,unconditional_WML,middle_2023,3,12,1,2023-01,2023-12,-3.61400724162e-18,1.19396016064e-18,-3.02690773172,12,-5.95412615545e-18,-1.27388832778e-18
rf_minus_zero,unknown_return_zero_scenario,value,unconditional_WML,middle_2023,6,12,1,2023-01,2023-12,-3.61400724162e-18,9.17764945577e-19,-3.93783534557,12,-5.41279348122e-18,-1.81522100201e-18
rf_on_common,complete,equal,WML_DS1,full,3,34,1,2021-03,2023-12,0.00331737645636,0.0129836253322,0.255504635375,34,-0.0221300615836,0.0287648144963
rf_on_common,complete,equal,WML_DS1,full,6,34,1,2021-03,2023-12,0.00331737645636,0.0116387929672,0.285027533845,34,-0.0194942385828,0.0261289914955
rf_on_common,complete,equal,WML_DS1,early_2021_2022,3,22,1,2021-03,2022-12,0.00715916268085,0.0187256205434,0.382319115367,22,-0.0295423791724,0.0438607045341
rf_on_common,complete,equal,WML_DS1,early_2021_2022,6,22,1,2021-03,2022-12,0.00715916268085,0.0166217629052,0.430710191313,22,-0.0254188939729,0.0397372193346
rf_on_common,complete,equal,WML_DS1,middle_2023,3,12,1,2023-01,2023-12,-0.00372589828855,0.00872352897012,-0.427109063466,12,-0.0208237008881,0.013371904311
rf_on_common,complete,equal,WML_DS1,middle_2023,6,12,1,2023-01,2023-12,-0.00372589828855,0.00635440814204,-0.586348595379,12,-0.01618030939,0.00872851281291
rf_on_common,complete,equal,WML_DS2,full,3,34,0.970588235294,2021-03,2023-12,-0.0017508654165,0.0138521654126,-0.126396513783,33,-0.028900610733,0.0253988799
rf_on_common,complete,equal,WML_DS2,full,6,34,0.970588235294,2021-03,2023-12,-0.0017508654165,0.0117636798705,-0.148836540587,33,-0.0248072542884,0.0213055234554
rf_on_common,complete,equal,WML_DS2,early_2021_2022,3,22,1,2021-03,2022-12,-0.0027108391647,0.0185972666664,-0.145765461846,22,-0.0391608120417,0.0337391337123
rf_on_common,complete,equal,WML_DS2,early_2021_2022,6,22,1,2021-03,2022-12,-0.0027108391647,0.0168824383382,-0.160571542475,22,-0.0357998102788,0.0303781319494
rf_on_common,complete,equal,WML_DS2,middle_2023,3,12,0.916666666667,2023-01,2023-12,0.000169082079896,0.0140829619083,0.0120061448008,11,-0.0274330160561,0.0277711802159
rf_on_common,complete,equal,WML_DS2,middle_2023,6,12,0.916666666667,2023-01,2023-12,0.000169082079896,0.0088949584039,0.0190087544222,11,-0.0172647160357,0.0176028801955
rf_on_common,complete,equal,WML_DS3,full,3,34,0.911764705882,2021-03,2023-12,0.00356265171244,0.0176474040613,0.201879647571,31,-0.0310256246683,0.0381509280932
rf_on_common,complete,equal,WML_DS3,full,6,34,0.911764705882,2021-03,2023-12,0.00356265171244,0.01534141304,0.232224483048,31,-0.0265059653179,0.0336312687428
rf_on_common,complete,equal,WML_DS3,early_2021_2022,3,22,0.954545454545,2021-03,2022-12,-0.00558015852245,0.0213811836353,-0.260984546863,21,-0.0474865083945,0.0363261913496
rf_on_common,complete,equal,WML_DS3,early_2021_2022,6,22,0.954545454545,2021-03,2022-12,-0.00558015852245,0.0183566482194,-0.303985698029,21,-0.0415585279094,0.0303982108645
rf_on_common,complete,equal,WML_DS3,middle_2023,3,12,0.833333333333,2023-01,2023-12,0.0227625532057,0.0248410832369,0.916326916528,10,-0.0259250752756,0.071450181687
rf_on_common,complete,equal,WML_DS3,middle_2023,6,12,0.833333333333,2023-01,2023-12,0.0227625532057,0.0201346618754,1.13051579145,10,-0.0167006589109,0.0622257653223
rf_on_common,complete,equal,WML_DS4,full,3,34,0.735294117647,2021-03,2023-12,-0.0227269891095,0.0150927498728,-1.50582162304,25,-0.0523082352878,0.00685425706876
rf_on_common,complete,equal,WML_DS4,full,6,34,0.735294117647,2021-03,2023-12,-0.0227269891095,0.0118379770079,-1.9198372403,25,-0.0459289976948,0.000475019475704
rf_on_common,complete,equal,WML_DS4,early_2021_2022,3,22,0.818181818182,2021-03,2022-12,-0.0270881541819,0.0129093495133,-2.09833610547,18,-0.0523900142919,-0.00178629407194
rf_on_common,complete,equal,WML_DS4,early_2021_2022,6,22,0.818181818182,2021-03,2022-12,-0.0270881541819,0.0124525189502,-2.17531523463,18,-0.0514946428411,-0.00268166552272
rf_on_common,complete,equal,WML_DS4,middle_2023,3,12,0.583333333333,2023-01,2023-12,-0.0115125646377,0.0374622191911,-0.307311336228,7,-0.0849371650332,0.0619120357578
rf_on_common,complete,equal,WML_DS4,middle_2023,6,12,0.583333333333,2023-01,2023-12,-0.0115125646377,0.0227442632034,-0.506174437691,7,-0.0560905013714,0.033065372096
rf_on_common,complete,equal,WML_DS5,full,3,34,0.705882352941,2021-04,2023-12,-0.00996067571382,0.00564837865288,-1.76345750275,24,-0.0210312944445,0.00110994301687
rf_on_common,complete,equal,WML_DS5,full,6,34,0.705882352941,2021-04,2023-12,-0.00996067571382,0.00450458117684,-2.21123237051,24,-0.0187894925859,-0.00113185884176
rf_on_common,complete,equal,WML_DS5,early_2021_2022,3,22,0.772727272727,2021-04,2022-12,-0.0125538982807,0.00677127311233,-1.85399378706,17,-0.0258253497104,0.000717553148915
rf_on_common,complete,equal,WML_DS5,early_2021_2022,6,22,0.772727272727,2021-04,2022-12,-0.0125538982807,0.00499469461266,-2.51344661772,17,-0.0223433198353,-0.00276447672614
rf_on_common,complete,equal,WML_DS5,middle_2023,3,12,0.583333333333,2023-01,2023-12,-0.00366284947987,0.00976538673972,-0.375084938006,7,-0.0228026557848,0.0154769568251
rf_on_common,complete,equal,WML_DS5,middle_2023,6,12,0.583333333333,2023-01,2023-12,-0.00366284947987,0.00838854756868,-0.436648829833,7,-0.0201041005971,0.0127784016374
rf_on_common,complete,equal,common_highDS_WML,full,3,34,0.617647058824,2021-06,2023-12,-0.00694533245695,0.00590080234676,-1.17701492929,21,-0.0185106925365,0.00462002762259
rf_on_common,complete,equal,common_highDS_WML,full,6,34,0.617647058824,2021-06,2023-12,-0.00694533245695,0.00469716648332,-1.47862173538,21,-0.0161516095936,0.00226094467975
rf_on_common,complete,equal,common_highDS_WML,early_2021_2022,3,22,0.681818181818,2021-06,2022-12,-0.00594530478699,0.00737989871928,-0.805607910507,15,-0.0204096404863,0.00851903091235
rf_on_common,complete,equal,common_highDS_WML,early_2021_2022,6,22,0.681818181818,2021-06,2022-12,-0.00594530478699,0.00618817553475,-0.96075244692,15,-0.0180739059651,0.00618329639114
rf_on_common,complete,equal,common_highDS_WML,middle_2023,3,12,0.5,2023-01,2023-12,-0.00944540163186,0.00974398917745,-0.969356744948,6,-0.0285432694854,0.00965246622168
rf_on_common,complete,equal,common_highDS_WML,middle_2023,6,12,0.5,2023-01,2023-12,-0.00944540163186,0.00826258562778,-1.14315325219,6,-0.0256397718815,0.00674896861777
rf_on_common,complete,equal,common_highDS_minus_unconditional,full,3,34,0.617647058824,2021-06,2023-12,0.00470377776567,0.0159786421813,0.294379066274,21,-0.0266137854316,0.0360213409629
rf_on_common,complete,equal,common_highDS_minus_unconditional,full,6,34,0.617647058824,2021-06,2023-12,0.00470377776567,0.0162565629415,0.28934638783,21,-0.0271585001122,0.0365660556435
rf_on_common,complete,equal,common_highDS_minus_unconditional,early_2021_2022,3,22,0.681818181818,2021-06,2022-12,0.00881561973979,0.0177063705206,0.497878417802,15,-0.0258882287775,0.0435194682571
rf_on_common,complete,equal,common_highDS_minus_unconditional,early_2021_2022,6,22,0.681818181818,2021-06,2022-12,0.00881561973979,0.0182002466831,0.484368145844,15,-0.0268562082688,0.0444874477484
rf_on_common,complete,equal,common_highDS_minus_unconditional,middle_2023,3,12,0.5,2023-01,2023-12,-0.00557582716964,0.0281985706422,-0.197734390172,6,-0.0608440100438,0.0496923557045
rf_on_common,complete,equal,common_highDS_minus_unconditional,middle_2023,6,12,0.5,2023-01,2023-12,-0.00557582716964,0.0239725880097,-0.232591790565,6,-0.0525612362848,0.0414095819455
rf_on_common,complete,equal,common_lowDS_WML,full,3,34,0.617647058824,2021-06,2023-12,-0.00416948228473,0.021212112513,-0.196561388319,21,-0.0457444588462,0.0374054942767
rf_on_common,complete,equal,common_lowDS_WML,full,6,34,0.617647058824,2021-06,2023-12,-0.00416948228473,0.0231530314874,-0.180083644209,21,-0.0495485901329,0.0412096255635
rf_on_common,complete,equal,common_lowDS_WML,early_2021_2022,3,22,0.681818181818,2021-06,2022-12,0.00345377858336,0.0282328441902,0.122331939357,15,-0.0518815792106,0.0587891363773
rf_on_common,complete,equal,common_lowDS_WML,early_2021_2022,6,22,0.681818181818,2021-06,2022-12,0.00345377858336,0.0300594854848,0.114898127086,15,-0.0554617303606,0.0623692875273
rf_on_common,complete,equal,common_lowDS_WML,middle_2023,3,12,0.5,2023-01,2023-12,-0.023227634455,0.0121299323045,-1.91490223292,6,-0.0470018649066,0.000546595996672
rf_on_common,complete,equal,common_lowDS_WML,middle_2023,6,12,0.5,2023-01,2023-12,-0.023227634455,0.0108400640838,-2.14275803863,6,-0.0444737696494,-0.00198149926053
rf_on_common,complete,equal,common_lowDS_minus_highDS,full,3,34,0.617647058824,2021-06,2023-12,0.00277585017222,0.0236505241615,0.117369499013,21,-0.0435783253998,0.0491300257442
rf_on_common,complete,equal,common_lowDS_minus_highDS,full,6,34,0.617647058824,2021-06,2023-12,0.00277585017222,0.0258561614519,0.107357396316,21,-0.047901295052,0.0534529953965
rf_on_common,complete,equal,common_lowDS_minus_highDS,early_2021_2022,3,22,0.681818181818,2021-06,2022-12,0.00939908337035,0.0320538730786,0.293227696612,15,-0.0534253534288,0.0722235201695
rf_on_common,complete,equal,common_lowDS_minus_highDS,early_2021_2022,6,22,0.681818181818,2021-06,2022-12,0.00939908337035,0.0345569290129,0.271988386666,15,-0.0583312529112,0.0771294196519
rf_on_common,complete,equal,common_lowDS_minus_highDS,middle_2023,3,12,0.5,2023-01,2023-12,-0.0137822328231,0.0112484636421,-1.22525468914,6,-0.0358288164431,0.00826435079689
rf_on_common,complete,equal,common_lowDS_minus_highDS,middle_2023,6,12,0.5,2023-01,2023-12,-0.0137822328231,0.00874387759867,-1.57621520516,6,-0.0309199180017,0.00335545235551
rf_on_common,complete,equal,common_lowDS_minus_unconditional,full,3,34,0.617647058824,2021-06,2023-12,0.00747962793789,0.0151503080603,0.493694775587,21,-0.0222144302149,0.0371736860907
rf_on_common,complete,equal,common_lowDS_minus_unconditional,full,6,34,0.617647058824,2021-06,2023-12,0.00747962793789,0.0161963275812,0.461810117162,21,-0.0242645908031,0.0392238466789
rf_on_common,complete,equal,common_lowDS_minus_unconditional,early_2021_2022,3,22,0.681818181818,2021-06,2022-12,0.0182147031101,0.0165911123146,1.09785906844,15,-0.01430327949,0.0507326857103
rf_on_common,complete,equal,common_lowDS_minus_unconditional,early_2021_2022,6,22,0.681818181818,2021-06,2022-12,0.0182147031101,0.0174442331267,1.04416760415,15,-0.0159753655561,0.0524047717764
rf_on_common,complete,equal,common_lowDS_minus_unconditional,middle_2023,3,12,0.5,2023-01,2023-12,-0.0193580599928,0.0221594149469,-0.873581727638,6,-0.0627897152071,0.0240735952216
rf_on_common,complete,equal,common_lowDS_minus_unconditional,middle_2023,6,12,0.5,2023-01,2023-12,-0.0193580599928,0.0189828048502,-1.019768161,6,-0.0565636738247,0.0178475538392
rf_on_common,complete,equal,common_unconditional_WML,full,3,34,0.617647058824,2021-06,2023-12,-0.0116491102226,0.0156207818028,-0.745744378845,21,-0.0422652799665,0.0189670595213
rf_on_common,complete,equal,common_unconditional_WML,full,6,34,0.617647058824,2021-06,2023-12,-0.0116491102226,0.0150889242879,-0.772030530497,21,-0.0412228583923,0.0179246379471
rf_on_common,complete,equal,common_unconditional_WML,early_2021_2022,3,22,0.681818181818,2021-06,2022-12,-0.0147609245268,0.0168430108092,-0.876382773481,15,-0.0477726191041,0.0182507700506
rf_on_common,complete,equal,common_unconditional_WML,early_2021_2022,6,22,0.681818181818,2021-06,2022-12,-0.0147609245268,0.0151849349107,-0.972076904746,15,-0.0445228500594,0.0150010010058
rf_on_common,complete,equal,common_unconditional_WML,middle_2023,3,12,0.5,2023-01,2023-12,-0.00386957446222,0.0272165593685,-0.142177209463,6,-0.0572130506076,0.0494739016832
rf_on_common,complete,equal,common_unconditional_WML,middle_2023,6,12,0.5,2023-01,2023-12,-0.00386957446222,0.0252929222807,-0.152990406536,6,-0.0534427911962,0.0457036422717
rf_on_common,complete,equal,highDS_WML,full,3,34,0.705882352941,2021-04,2023-12,-0.00996067571382,0.00564837865288,-1.76345750275,24,-0.0210312944445,0.00110994301687
rf_on_common,complete,equal,highDS_WML,full,6,34,0.705882352941,2021-04,2023-12,-0.00996067571382,0.00450458117684,-2.21123237051,24,-0.0187894925859,-0.00113185884176
rf_on_common,complete,equal,highDS_WML,early_2021_2022,3,22,0.772727272727,2021-04,2022-12,-0.0125538982807,0.00677127311233,-1.85399378706,17,-0.0258253497104,0.000717553148915
rf_on_common,complete,equal,highDS_WML,early_2021_2022,6,22,0.772727272727,2021-04,2022-12,-0.0125538982807,0.00499469461266,-2.51344661772,17,-0.0223433198353,-0.00276447672614
rf_on_common,complete,equal,highDS_WML,middle_2023,3,12,0.583333333333,2023-01,2023-12,-0.00366284947987,0.00976538673972,-0.375084938006,7,-0.0228026557848,0.0154769568251
rf_on_common,complete,equal,highDS_WML,middle_2023,6,12,0.583333333333,2023-01,2023-12,-0.00366284947987,0.00838854756868,-0.436648829833,7,-0.0201041005971,0.0127784016374
rf_on_common,complete,equal,highDS_minus_unconditional,full,3,34,0.617647058824,2021-06,2023-12,0.00470377776567,0.0159786421813,0.294379066274,21,-0.0266137854316,0.0360213409629
rf_on_common,complete,equal,highDS_minus_unconditional,full,6,34,0.617647058824,2021-06,2023-12,0.00470377776567,0.0162565629415,0.28934638783,21,-0.0271585001122,0.0365660556435
rf_on_common,complete,equal,highDS_minus_unconditional,early_2021_2022,3,22,0.681818181818,2021-06,2022-12,0.00881561973979,0.0177063705206,0.497878417802,15,-0.0258882287775,0.0435194682571
rf_on_common,complete,equal,highDS_minus_unconditional,early_2021_2022,6,22,0.681818181818,2021-06,2022-12,0.00881561973979,0.0182002466831,0.484368145844,15,-0.0268562082688,0.0444874477484
rf_on_common,complete,equal,highDS_minus_unconditional,middle_2023,3,12,0.5,2023-01,2023-12,-0.00557582716964,0.0281985706422,-0.197734390172,6,-0.0608440100438,0.0496923557045
rf_on_common,complete,equal,highDS_minus_unconditional,middle_2023,6,12,0.5,2023-01,2023-12,-0.00557582716964,0.0239725880097,-0.232591790565,6,-0.0525612362848,0.0414095819455
rf_on_common,complete,equal,lowDS_WML,full,3,34,1,2021-03,2023-12,0.00331737645636,0.0129836253322,0.255504635375,34,-0.0221300615836,0.0287648144963
rf_on_common,complete,equal,lowDS_WML,full,6,34,1,2021-03,2023-12,0.00331737645636,0.0116387929672,0.285027533845,34,-0.0194942385828,0.0261289914955
rf_on_common,complete,equal,lowDS_WML,early_2021_2022,3,22,1,2021-03,2022-12,0.00715916268085,0.0187256205434,0.382319115367,22,-0.0295423791724,0.0438607045341
rf_on_common,complete,equal,lowDS_WML,early_2021_2022,6,22,1,2021-03,2022-12,0.00715916268085,0.0166217629052,0.430710191313,22,-0.0254188939729,0.0397372193346
rf_on_common,complete,equal,lowDS_WML,middle_2023,3,12,1,2023-01,2023-12,-0.00372589828855,0.00872352897012,-0.427109063466,12,-0.0208237008881,0.013371904311
rf_on_common,complete,equal,lowDS_WML,middle_2023,6,12,1,2023-01,2023-12,-0.00372589828855,0.00635440814204,-0.586348595379,12,-0.01618030939,0.00872851281291
rf_on_common,complete,equal,lowDS_minus_highDS,full,3,34,0.705882352941,2021-04,2023-12,0.00317308718664,0.0208935034178,0.151869560752,24,-0.0377774270232,0.0441236013965
rf_on_common,complete,equal,lowDS_minus_highDS,full,6,34,0.705882352941,2021-04,2023-12,0.00317308718664,0.0223018330052,0.142279210229,24,-0.0405377022928,0.0468838766661
rf_on_common,complete,equal,lowDS_minus_highDS,early_2021_2022,3,22,0.772727272727,2021-04,2022-12,0.0124180126032,0.0280294812154,0.443033979394,17,-0.0425187610844,0.0673547862908
rf_on_common,complete,equal,lowDS_minus_highDS,early_2021_2022,6,22,0.772727272727,2021-04,2022-12,0.0124180126032,0.0288372212714,0.430624451861,17,-0.044101902503,0.0689379277094
rf_on_common,complete,equal,lowDS_minus_highDS,middle_2023,3,12,0.583333333333,2023-01,2023-12,-0.0192788745393,0.012628329976,-1.52663690099,7,-0.0440299464772,0.00547219739856
rf_on_common,complete,equal,lowDS_minus_highDS,middle_2023,6,12,0.583333333333,2023-01,2023-12,-0.0192788745393,0.0109192186551,-1.76559103249,7,-0.0406801498427,0.0021224007641
rf_on_common,complete,equal,lowDS_minus_unconditional,full,3,34,0.617647058824,2021-06,2023-12,0.00747962793789,0.0151503080603,0.493694775587,21,-0.0222144302149,0.0371736860907
rf_on_common,complete,equal,lowDS_minus_unconditional,full,6,34,0.617647058824,2021-06,2023-12,0.00747962793789,0.0161963275812,0.461810117162,21,-0.0242645908031,0.0392238466789
rf_on_common,complete,equal,lowDS_minus_unconditional,early_2021_2022,3,22,0.681818181818,2021-06,2022-12,0.0182147031101,0.0165911123146,1.09785906844,15,-0.01430327949,0.0507326857103
rf_on_common,complete,equal,lowDS_minus_unconditional,early_2021_2022,6,22,0.681818181818,2021-06,2022-12,0.0182147031101,0.0174442331267,1.04416760415,15,-0.0159753655561,0.0524047717764
rf_on_common,complete,equal,lowDS_minus_unconditional,middle_2023,3,12,0.5,2023-01,2023-12,-0.0193580599928,0.0221594149469,-0.873581727638,6,-0.0627897152071,0.0240735952216
rf_on_common,complete,equal,lowDS_minus_unconditional,middle_2023,6,12,0.5,2023-01,2023-12,-0.0193580599928,0.0189828048502,-1.019768161,6,-0.0565636738247,0.0178475538392
rf_on_common,complete,equal,unconditional_WML,full,3,34,0.617647058824,2021-06,2023-12,-0.0116491102226,0.0156207818028,-0.745744378845,21,-0.0422652799665,0.0189670595213
rf_on_common,complete,equal,unconditional_WML,full,6,34,0.617647058824,2021-06,2023-12,-0.0116491102226,0.0150889242879,-0.772030530497,21,-0.0412228583923,0.0179246379471
rf_on_common,complete,equal,unconditional_WML,early_2021_2022,3,22,0.681818181818,2021-06,2022-12,-0.0147609245268,0.0168430108092,-0.876382773481,15,-0.0477726191041,0.0182507700506
rf_on_common,complete,equal,unconditional_WML,early_2021_2022,6,22,0.681818181818,2021-06,2022-12,-0.0147609245268,0.0151849349107,-0.972076904746,15,-0.0445228500594,0.0150010010058
rf_on_common,complete,equal,unconditional_WML,middle_2023,3,12,0.5,2023-01,2023-12,-0.00386957446222,0.0272165593685,-0.142177209463,6,-0.0572130506076,0.0494739016832
rf_on_common,complete,equal,unconditional_WML,middle_2023,6,12,0.5,2023-01,2023-12,-0.00386957446222,0.0252929222807,-0.152990406536,6,-0.0534427911962,0.0457036422717
rf_on_common,complete,value,WML_DS1,full,3,34,1,2021-03,2023-12,0.00554403313174,0.012904011822,0.429636395891,34,-0.0197473652955,0.0308354315589
rf_on_common,complete,value,WML_DS1,full,6,34,1,2021-03,2023-12,0.00554403313174,0.0107415598322,0.51612924178,34,-0.0155090372772,0.0265971035407
rf_on_common,complete,value,WML_DS1,early_2021_2022,3,22,1,2021-03,2022-12,0.00628389274369,0.0190517237948,0.329833290224,22,-0.0310567997376,0.043624585225
rf_on_common,complete,value,WML_DS1,early_2021_2022,6,22,1,2021-03,2022-12,0.00628389274369,0.0162481376839,0.386745414518,22,-0.0255618719326,0.0381296574199
rf_on_common,complete,value,WML_DS1,middle_2023,3,12,1,2023-01,2023-12,0.00418762384316,0.0100445295983,0.416905919004,12,-0.0154992924112,0.0238745400975
rf_on_common,complete,value,WML_DS1,middle_2023,6,12,1,2023-01,2023-12,0.00418762384316,0.00759814682802,0.551137525761,12,-0.010704470289,0.0190797179753
rf_on_common,complete,value,WML_DS2,full,3,34,0.970588235294,2021-03,2023-12,-0.0133207060379,0.014377132929,-0.926520336407,33,-0.0414993687796,0.0148579567038
rf_on_common,complete,value,WML_DS2,full,6,34,0.970588235294,2021-03,2023-12,-0.0133207060379,0.0119850358135,-1.11144482547,33,-0.0368109445857,0.0101695325099
rf_on_common,complete,value,WML_DS2,early_2021_2022,3,22,1,2021-03,2022-12,-0.0162287972267,0.0206563130463,-0.785657982156,22,-0.0567144268509,0.0242568323974
rf_on_common,complete,value,WML_DS2,early_2021_2022,6,22,1,2021-03,2022-12,-0.0162287972267,0.0172231783081,-0.942264948804,22,-0.04998560641,0.0175280119565
rf_on_common,complete,value,WML_DS2,middle_2023,3,12,0.916666666667,2023-01,2023-12,-0.00750452366026,0.00963082970266,-0.779218810005,11,-0.0263806030187,0.0113715556982
rf_on_common,complete,value,WML_DS2,middle_2023,6,12,0.916666666667,2023-01,2023-12,-0.00750452366026,0.00762036183214,-0.984798861992,11,-0.0224401584004,0.0074311110799
rf_on_common,complete,value,WML_DS3,full,3,34,0.911764705882,2021-03,2023-12,0.000492235925063,0.0180561901518,0.0272613392374,31,-0.0348972464704,0.0358817183205
rf_on_common,complete,value,WML_DS3,full,6,34,0.911764705882,2021-03,2023-12,0.000492235925063,0.0147554019992,0.0333597095551,31,-0.0284278205708,0.0294122924209
rf_on_common,complete,value,WML_DS3,early_2021_2022,3,22,0.954545454545,2021-03,2022-12,-0.00780720240497,0.0238979139248,-0.326689703107,21,-0.0546462530032,0.0390318481933
rf_on_common,complete,value,WML_DS3,early_2021_2022,6,22,0.954545454545,2021-03,2022-12,-0.00780720240497,0.0203040220482,-0.384515067331,21,-0.0476023543608,0.0319879495508
rf_on_common,complete,value,WML_DS3,middle_2023,3,12,0.833333333333,2023-01,2023-12,0.0179210564181,0.0156207180983,1.1472620084,10,-0.0126949884672,0.0485371013034
rf_on_common,complete,value,WML_DS3,middle_2023,6,12,0.833333333333,2023-01,2023-12,0.0179210564181,0.00902335211401,1.98607526246,10,0.000235611254838,0.0356065015814
rf_on_common,complete,value,WML_DS4,full,3,34,0.735294117647,2021-03,2023-12,-0.0338753507482,0.0148525505882,-2.28077666169,25,-0.0629858149796,-0.00476488651671
rf_on_common,complete,value,WML_DS4,full,6,34,0.735294117647,2021-03,2023-12,-0.0338753507482,0.0118762626328,-2.85235783307,25,-0.0571523977793,-0.010598303717
rf_on_common,complete,value,WML_DS4,early_2021_2022,3,22,0.818181818182,2021-03,2022-12,-0.0355053226858,0.0174804024118,-2.03115019033,18,-0.0697662818481,-0.00124436352346
rf_on_common,complete,value,WML_DS4,early_2021_2022,6,22,0.818181818182,2021-03,2022-12,-0.0355053226858,0.0159937782197,-2.21994591885,18,-0.0668525519731,-0.00415809339846
rf_on_common,complete,value,WML_DS4,middle_2023,3,12,0.583333333333,2023-01,2023-12,-0.0296839943371,0.0264184762473,-1.12360735946,7,-0.0814632563082,0.022095267634
rf_on_common,complete,value,WML_DS4,middle_2023,6,12,0.583333333333,2023-01,2023-12,-0.0296839943371,0.0195026245417,-1.52205126411,7,-0.0679084360428,0.00854044736858
rf_on_common,complete,value,WML_DS5,full,3,34,0.705882352941,2021-04,2023-12,-0.00939583971473,0.00733423056761,-1.28109412816,24,-0.0237706674816,0.0049789880521
rf_on_common,complete,value,WML_DS5,full,6,34,0.705882352941,2021-04,2023-12,-0.00939583971473,0.00551482011219,-1.70374364414,24,-0.0202046885158,0.00141300908637
rf_on_common,complete,value,WML_DS5,early_2021_2022,3,22,0.772727272727,2021-04,2022-12,-0.0139923153126,0.00922799194017,-1.51629036992,17,-0.0320788471649,0.00409421653978
rf_on_common,complete,value,WML_DS5,early_2021_2022,6,22,0.772727272727,2021-04,2022-12,-0.0139923153126,0.00551824950554,-2.53564383026,17,-0.0248078856011,-0.00317674502402
rf_on_common,complete,value,WML_DS5,middle_2023,3,12,0.583333333333,2023-01,2023-12,0.00176702959431,0.0086351687362,0.204631738915,7,-0.0151575901291,0.0186916493177
rf_on_common,complete,value,WML_DS5,middle_2023,6,12,0.583333333333,2023-01,2023-12,0.00176702959431,0.00724674174051,0.243837804296,7,-0.0124363232224,0.015970382411
rf_on_common,complete,value,common_highDS_WML,full,3,34,0.617647058824,2021-06,2023-12,-0.0030025949216,0.0082981511623,-0.361839024486,21,-0.019266672338,0.0132614824948
rf_on_common,complete,value,common_highDS_WML,full,6,34,0.617647058824,2021-06,2023-12,-0.0030025949216,0.00578836012753,-0.518729805238,21,-0.0143475723011,0.00834238245791
rf_on_common,complete,value,common_highDS_WML,early_2021_2022,3,22,0.681818181818,2021-06,2022-12,-0.00484298898223,0.0106912041918,-0.452988166284,15,-0.0257973641496,0.0161113861852
rf_on_common,complete,value,common_highDS_WML,early_2021_2022,6,22,0.681818181818,2021-06,2022-12,-0.00484298898223,0.00658453981884,-0.735509103973,15,-0.0177484498819,0.00806247191747
rf_on_common,complete,value,common_highDS_WML,middle_2023,3,12,0.5,2023-01,2023-12,0.00159839022995,0.0100715499619,0.158703500057,6,-0.0181414849639,0.0213382654238
rf_on_common,complete,value,common_highDS_WML,middle_2023,6,12,0.5,2023-01,2023-12,0.00159839022995,0.00843976110496,0.189388089316,6,-0.0149432375739,0.0181400180338
rf_on_common,complete,value,common_highDS_minus_unconditional,full,3,34,0.617647058824,2021-06,2023-12,0.00919139882693,0.0134461775255,0.68356964717,21,-0.0171626248529,0.0355454225067
rf_on_common,complete,value,common_highDS_minus_unconditional,full,6,34,0.617647058824,2021-06,2023-12,0.00919139882693,0.0127433765817,0.721268713048,21,-0.0157851603145,0.0341679579684
rf_on_common,complete,value,common_highDS_minus_unconditional,early_2021_2022,3,22,0.681818181818,2021-06,2022-12,0.00949510113096,0.0175998398554,0.539499291412,15,-0.0249999511193,0.0439901533812
rf_on_common,complete,value,common_highDS_minus_unconditional,early_2021_2022,6,22,0.681818181818,2021-06,2022-12,0.00949510113096,0.0168317360829,0.564118940803,15,-0.0234944953888,0.0424846976507
rf_on_common,complete,value,common_highDS_minus_unconditional,middle_2023,3,12,0.5,2023-01,2023-12,0.00843214306685,0.0133647481256,0.630924203553,6,-0.0177622819219,0.0346265680556
rf_on_common,complete,value,common_highDS_minus_unconditional,middle_2023,6,12,0.5,2023-01,2023-12,0.00843214306685,0.0105208777045,0.801467644018,6,-0.0121883983198,0.0290526844535
rf_on_common,complete,value,common_lowDS_WML,full,3,34,0.617647058824,2021-06,2023-12,0.00170825504771,0.0206847463951,0.0825852546164,21,-0.038833102916,0.0422496130114
rf_on_common,complete,value,common_lowDS_WML,full,6,34,0.617647058824,2021-06,2023-12,0.00170825504771,0.0207690549485,0.0822500133949,21,-0.0389983446442,0.0424148547396
rf_on_common,complete,value,common_lowDS_WML,early_2021_2022,3,22,0.681818181818,2021-06,2022-12,0.0064145100569,0.0284825153942,0.225208692706,15,-0.0494101943048,0.0622392144186
rf_on_common,complete,value,common_lowDS_WML,early_2021_2022,6,22,0.681818181818,2021-06,2022-12,0.0064145100569,0.0283807103403,0.226016543631,15,-0.0492106600657,0.0620396801795
rf_on_common,complete,value,common_lowDS_WML,middle_2023,3,12,0.5,2023-01,2023-12,-0.0100573824753,0.00897253952469,-1.12090701273,6,-0.0276432367935,0.007528471843
rf_on_common,complete,value,common_lowDS_WML,middle_2023,6,12,0.5,2023-01,2023-12,-0.0100573824753,0.00683050140085,-1.47242228426,6,-0.0234449192173,0.00333015426676
rf_on_common,complete,value,common_lowDS_minus_highDS,full,3,34,0.617647058824,2021-06,2023-12,0.00471084996932,0.0184264583754,0.255656831787,21,-0.0314043448091,0.0408260447477
rf_on_common,complete,value,common_lowDS_minus_highDS,full,6,34,0.617647058824,2021-06,2023-12,0.00471084996932,0.0194226019494,0.242544741513,21,-0.0333567503375,0.0427784502761
rf_on_common,complete,value,common_lowDS_minus_highDS,early_2021_2022,3,22,0.681818181818,2021-06,2022-12,0.0112574990391,0.0245825630061,0.457946514216,15,-0.0369234391004,0.0594384371787
rf_on_common,complete,value,common_lowDS_minus_highDS,early_2021_2022,6,22,0.681818181818,2021-06,2022-12,0.0112574990391,0.025804134966,0.436267251507,15,-0.0393176761465,0.0618326742247
rf_on_common,complete,value,common_lowDS_minus_highDS,middle_2023,3,12,0.5,2023-01,2023-12,-0.0116557727052,0.0149133405373,-0.781566857948,6,-0.0408853830474,0.017573837637
rf_on_common,complete,value,common_lowDS_minus_highDS,middle_2023,6,12,0.5,2023-01,2023-12,-0.0116557727052,0.0121198391651,-0.961710180014,6,-0.0354102209672,0.0120986755568
rf_on_common,complete,value,common_lowDS_minus_unconditional,full,3,34,0.617647058824,2021-06,2023-12,0.0139022487962,0.0112443877635,1.23637223196,21,-0.00813634624845,0.0359408438409
rf_on_common,complete,value,common_lowDS_minus_unconditional,full,6,34,0.617647058824,2021-06,2023-12,0.0139022487962,0.0116868421179,1.18956418304,21,-0.00900354084778,0.0368080384403
rf_on_common,complete,value,common_lowDS_minus_unconditional,early_2021_2022,3,22,0.681818181818,2021-06,2022-12,0.0207526001701,0.0129934361624,1.59716028237,15,-0.00471406674365,0.0462192670838
rf_on_common,complete,value,common_lowDS_minus_unconditional,early_2021_2022,6,22,0.681818181818,2021-06,2022-12,0.0207526001701,0.0130263464754,1.59312514904,15,-0.00477856977182,0.046283770112
rf_on_common,complete,value,common_lowDS_minus_unconditional,middle_2023,3,12,0.5,2023-01,2023-12,-0.00322362963836,0.0109359976226,-0.294772342644,6,-0.0246577911137,0.018210531837
rf_on_common,complete,value,common_lowDS_minus_unconditional,middle_2023,6,12,0.5,2023-01,2023-12,-0.00322362963836,0.0110858290843,-0.290788322086,6,-0.0249514553824,0.0185041961057
rf_on_common,complete,value,common_unconditional_WML,full,3,34,0.617647058824,2021-06,2023-12,-0.0121939937485,0.0174673362882,-0.698102649844,21,-0.0464293437793,0.0220413562822
rf_on_common,complete,value,common_unconditional_WML,full,6,34,0.617647058824,2021-06,2023-12,-0.0121939937485,0.0156477863322,-0.779279157426,21,-0.0428630913974,0.0184751039003
rf_on_common,complete,value,common_unconditional_WML,early_2021_2022,3,22,0.681818181818,2021-06,2022-12,-0.0143380901132,0.0231015249082,-0.620655570147,15,-0.0596162469212,0.0309400666949
rf_on_common,complete,value,common_unconditional_WML,early_2021_2022,6,22,0.681818181818,2021-06,2022-12,-0.0143380901132,0.0201475888733,-0.711652903152,15,-0.0538266386802,0.0251504584538
rf_on_common,complete,value,common_unconditional_WML,middle_2023,3,12,0.5,2023-01,2023-12,-0.00683375283689,0.0119791631527,-0.570469969377,6,-0.0303124811812,0.0166449755074
rf_on_common,complete,value,common_unconditional_WML,middle_2023,6,12,0.5,2023-01,2023-12,-0.00683375283689,0.0111927953473,-0.610549252879,6,-0.0287712286038,0.0151037229301
rf_on_common,complete,value,highDS_WML,full,3,34,0.705882352941,2021-04,2023-12,-0.00939583971473,0.00733423056761,-1.28109412816,24,-0.0237706674816,0.0049789880521
rf_on_common,complete,value,highDS_WML,full,6,34,0.705882352941,2021-04,2023-12,-0.00939583971473,0.00551482011219,-1.70374364414,24,-0.0202046885158,0.00141300908637
rf_on_common,complete,value,highDS_WML,early_2021_2022,3,22,0.772727272727,2021-04,2022-12,-0.0139923153126,0.00922799194017,-1.51629036992,17,-0.0320788471649,0.00409421653978
rf_on_common,complete,value,highDS_WML,early_2021_2022,6,22,0.772727272727,2021-04,2022-12,-0.0139923153126,0.00551824950554,-2.53564383026,17,-0.0248078856011,-0.00317674502402
rf_on_common,complete,value,highDS_WML,middle_2023,3,12,0.583333333333,2023-01,2023-12,0.00176702959431,0.0086351687362,0.204631738915,7,-0.0151575901291,0.0186916493177
rf_on_common,complete,value,highDS_WML,middle_2023,6,12,0.583333333333,2023-01,2023-12,0.00176702959431,0.00724674174051,0.243837804296,7,-0.0124363232224,0.015970382411
rf_on_common,complete,value,highDS_minus_unconditional,full,3,34,0.617647058824,2021-06,2023-12,0.00919139882693,0.0134461775255,0.68356964717,21,-0.0171626248529,0.0355454225067
rf_on_common,complete,value,highDS_minus_unconditional,full,6,34,0.617647058824,2021-06,2023-12,0.00919139882693,0.0127433765817,0.721268713048,21,-0.0157851603145,0.0341679579684
rf_on_common,complete,value,highDS_minus_unconditional,early_2021_2022,3,22,0.681818181818,2021-06,2022-12,0.00949510113096,0.0175998398554,0.539499291412,15,-0.0249999511193,0.0439901533812
rf_on_common,complete,value,highDS_minus_unconditional,early_2021_2022,6,22,0.681818181818,2021-06,2022-12,0.00949510113096,0.0168317360829,0.564118940803,15,-0.0234944953888,0.0424846976507
rf_on_common,complete,value,highDS_minus_unconditional,middle_2023,3,12,0.5,2023-01,2023-12,0.00843214306685,0.0133647481256,0.630924203553,6,-0.0177622819219,0.0346265680556
rf_on_common,complete,value,highDS_minus_unconditional,middle_2023,6,12,0.5,2023-01,2023-12,0.00843214306685,0.0105208777045,0.801467644018,6,-0.0121883983198,0.0290526844535
rf_on_common,complete,value,lowDS_WML,full,3,34,1,2021-03,2023-12,0.00554403313174,0.012904011822,0.429636395891,34,-0.0197473652955,0.0308354315589
rf_on_common,complete,value,lowDS_WML,full,6,34,1,2021-03,2023-12,0.00554403313174,0.0107415598322,0.51612924178,34,-0.0155090372772,0.0265971035407
rf_on_common,complete,value,lowDS_WML,early_2021_2022,3,22,1,2021-03,2022-12,0.00628389274369,0.0190517237948,0.329833290224,22,-0.0310567997376,0.043624585225
rf_on_common,complete,value,lowDS_WML,early_2021_2022,6,22,1,2021-03,2022-12,0.00628389274369,0.0162481376839,0.386745414518,22,-0.0255618719326,0.0381296574199
rf_on_common,complete,value,lowDS_WML,middle_2023,3,12,1,2023-01,2023-12,0.00418762384316,0.0100445295983,0.416905919004,12,-0.0154992924112,0.0238745400975
rf_on_common,complete,value,lowDS_WML,middle_2023,6,12,1,2023-01,2023-12,0.00418762384316,0.00759814682802,0.551137525761,12,-0.010704470289,0.0190797179753
rf_on_common,complete,value,lowDS_minus_highDS,full,3,34,0.705882352941,2021-04,2023-12,0.0102635107294,0.0158783157231,0.646385353988,24,-0.020857416223,0.0413844376818
rf_on_common,complete,value,lowDS_minus_highDS,full,6,34,0.705882352941,2021-04,2023-12,0.0102635107294,0.0157531691054,0.651520380485,24,-0.0206121333595,0.0411391548183
rf_on_common,complete,value,lowDS_minus_highDS,early_2021_2022,3,22,0.772727272727,2021-04,2022-12,0.0178853781953,0.0210198341384,0.850881033481,17,-0.023312739677,0.0590834960677
rf_on_common,complete,value,lowDS_minus_highDS,early_2021_2022,6,22,0.772727272727,2021-04,2022-12,0.0178853781953,0.0201576035488,0.887277009493,17,-0.0216227987749,0.0573935551656
rf_on_common,complete,value,lowDS_minus_highDS,middle_2023,3,12,0.583333333333,2023-01,2023-12,-0.00824673883072,0.0125674863191,-0.656196364277,7,-0.0328785593924,0.016385081731
rf_on_common,complete,value,lowDS_minus_highDS,middle_2023,6,12,0.583333333333,2023-01,2023-12,-0.00824673883072,0.0103566908656,-0.79627160236,7,-0.0285454799264,0.0120520022649
rf_on_common,complete,value,lowDS_minus_unconditional,full,3,34,0.617647058824,2021-06,2023-12,0.0139022487962,0.0112443877635,1.23637223196,21,-0.00813634624845,0.0359408438409
rf_on_common,complete,value,lowDS_minus_unconditional,full,6,34,0.617647058824,2021-06,2023-12,0.0139022487962,0.0116868421179,1.18956418304,21,-0.00900354084778,0.0368080384403
rf_on_common,complete,value,lowDS_minus_unconditional,early_2021_2022,3,22,0.681818181818,2021-06,2022-12,0.0207526001701,0.0129934361624,1.59716028237,15,-0.00471406674365,0.0462192670838
rf_on_common,complete,value,lowDS_minus_unconditional,early_2021_2022,6,22,0.681818181818,2021-06,2022-12,0.0207526001701,0.0130263464754,1.59312514904,15,-0.00477856977182,0.046283770112
rf_on_common,complete,value,lowDS_minus_unconditional,middle_2023,3,12,0.5,2023-01,2023-12,-0.00322362963836,0.0109359976226,-0.294772342644,6,-0.0246577911137,0.018210531837
rf_on_common,complete,value,lowDS_minus_unconditional,middle_2023,6,12,0.5,2023-01,2023-12,-0.00322362963836,0.0110858290843,-0.290788322086,6,-0.0249514553824,0.0185041961057
rf_on_common,complete,value,unconditional_WML,full,3,34,0.617647058824,2021-06,2023-12,-0.0121939937485,0.0174673362882,-0.698102649844,21,-0.0464293437793,0.0220413562822
rf_on_common,complete,value,unconditional_WML,full,6,34,0.617647058824,2021-06,2023-12,-0.0121939937485,0.0156477863322,-0.779279157426,21,-0.0428630913974,0.0184751039003
rf_on_common,complete,value,unconditional_WML,early_2021_2022,3,22,0.681818181818,2021-06,2022-12,-0.0143380901132,0.0231015249082,-0.620655570147,15,-0.0596162469212,0.0309400666949
rf_on_common,complete,value,unconditional_WML,early_2021_2022,6,22,0.681818181818,2021-06,2022-12,-0.0143380901132,0.0201475888733,-0.711652903152,15,-0.0538266386802,0.0251504584538
rf_on_common,complete,value,unconditional_WML,middle_2023,3,12,0.5,2023-01,2023-12,-0.00683375283689,0.0119791631527,-0.570469969377,6,-0.0303124811812,0.0166449755074
rf_on_common,complete,value,unconditional_WML,middle_2023,6,12,0.5,2023-01,2023-12,-0.00683375283689,0.0111927953473,-0.610549252879,6,-0.0287712286038,0.0151037229301
rf_on_common,observed_only_selected_sample,equal,WML_DS1,full,3,34,1,2021-03,2023-12,0.00331737645636,0.0129836253322,0.255504635375,34,-0.0221300615836,0.0287648144963
rf_on_common,observed_only_selected_sample,equal,WML_DS1,full,6,34,1,2021-03,2023-12,0.00331737645636,0.0116387929672,0.285027533845,34,-0.0194942385828,0.0261289914955
rf_on_common,observed_only_selected_sample,equal,WML_DS1,early_2021_2022,3,22,1,2021-03,2022-12,0.00715916268085,0.0187256205434,0.382319115367,22,-0.0295423791724,0.0438607045341
rf_on_common,observed_only_selected_sample,equal,WML_DS1,early_2021_2022,6,22,1,2021-03,2022-12,0.00715916268085,0.0166217629052,0.430710191313,22,-0.0254188939729,0.0397372193346
rf_on_common,observed_only_selected_sample,equal,WML_DS1,middle_2023,3,12,1,2023-01,2023-12,-0.00372589828855,0.00872352897012,-0.427109063466,12,-0.0208237008881,0.013371904311
rf_on_common,observed_only_selected_sample,equal,WML_DS1,middle_2023,6,12,1,2023-01,2023-12,-0.00372589828855,0.00635440814204,-0.586348595379,12,-0.01618030939,0.00872851281291
rf_on_common,observed_only_selected_sample,equal,WML_DS2,full,3,34,1,2021-03,2023-12,-0.00119092755266,0.0134579700183,-0.0884923618523,34,-0.0275680640936,0.0251862089883
rf_on_common,observed_only_selected_sample,equal,WML_DS2,full,6,34,1,2021-03,2023-12,-0.00119092755266,0.0114774798781,-0.103762112006,34,-0.0236863747469,0.0213045196416
rf_on_common,observed_only_selected_sample,equal,WML_DS2,early_2021_2022,3,22,1,2021-03,2022-12,-0.0027108391647,0.0185972666664,-0.145765461846,22,-0.0391608120417,0.0337391337123
rf_on_common,observed_only_selected_sample,equal,WML_DS2,early_2021_2022,6,22,1,2021-03,2022-12,-0.0027108391647,0.0168824383382,-0.160571542475,22,-0.0357998102788,0.0303781319494
rf_on_common,observed_only_selected_sample,equal,WML_DS2,middle_2023,3,12,1,2023-01,2023-12,0.00159557706941,0.0128517415398,0.124152595543,12,-0.0235933734872,0.0267845276261
rf_on_common,observed_only_selected_sample,equal,WML_DS2,middle_2023,6,12,1,2023-01,2023-12,0.00159557706941,0.00828862396961,0.192502045606,12,-0.0146498273924,0.0178409815313
rf_on_common,observed_only_selected_sample,equal,WML_DS3,full,3,34,1,2021-03,2023-12,0.000482014026137,0.0160683950334,0.0299976460085,34,-0.0310114615287,0.031975489581
rf_on_common,observed_only_selected_sample,equal,WML_DS3,full,6,34,1,2021-03,2023-12,0.000482014026137,0.0131831628305,0.0365628515959,34,-0.025356510324,0.0263205383763
rf_on_common,observed_only_selected_sample,equal,WML_DS3,early_2021_2022,3,22,1,2021-03,2022-12,-0.00715579272064,0.0199492074871,-0.358700601278,22,-0.0462555209155,0.0319439354742
rf_on_common,observed_only_selected_sample,equal,WML_DS3,early_2021_2022,6,22,1,2021-03,2022-12,-0.00715579272064,0.0165891541113,-0.431353682811,22,-0.0396699373129,0.0253583518716
rf_on_common,observed_only_selected_sample,equal,WML_DS3,middle_2023,3,12,1,2023-01,2023-12,0.0144846597286,0.024081803178,0.601477373662,12,-0.0327148071832,0.0616841266403
rf_on_common,observed_only_selected_sample,equal,WML_DS3,middle_2023,6,12,1,2023-01,2023-12,0.0144846597286,0.0184397320305,0.785513569538,12,-0.0216565509357,0.0506258703928
rf_on_common,observed_only_selected_sample,equal,WML_DS4,full,3,34,0.852941176471,2021-03,2023-12,-0.0204276907879,0.0143134308332,-1.42716942052,29,-0.0484814997162,0.00762611814044
rf_on_common,observed_only_selected_sample,equal,WML_DS4,full,6,34,0.852941176471,2021-03,2023-12,-0.0204276907879,0.0104816144937,-1.94890689789,29,-0.0409712776954,0.000115896119703
rf_on_common,observed_only_selected_sample,equal,WML_DS4,early_2021_2022,3,22,0.863636363636,2021-03,2022-12,-0.0268044220725,0.0123890979726,-2.16354912453,19,-0.0510866078998,-0.00252223624514
rf_on_common,observed_only_selected_sample,equal,WML_DS4,early_2021_2022,6,22,0.863636363636,2021-03,2022-12,-0.0268044220725,0.0119744286462,-2.23847190245,19,-0.0502738709545,-0.00333497319043
rf_on_common,observed_only_selected_sample,equal,WML_DS4,middle_2023,3,12,0.833333333333,2023-01,2023-12,-0.00831190134715,0.0304358710815,-0.273095562959,10,-0.0679651125049,0.0513413098106
rf_on_common,observed_only_selected_sample,equal,WML_DS4,middle_2023,6,12,0.833333333333,2023-01,2023-12,-0.00831190134715,0.0167185112772,-0.497167553338,10,-0.0410795813256,0.0244557786313
rf_on_common,observed_only_selected_sample,equal,WML_DS5,full,3,34,1,2021-03,2023-12,-0.0101702761944,0.00467167970038,-2.1770063118,34,-0.0193266001545,-0.00101395223436
rf_on_common,observed_only_selected_sample,equal,WML_DS5,full,6,34,1,2021-03,2023-12,-0.0101702761944,0.00316404051548,-3.2143318471,34,-0.0163716816504,-0.00396887073844
rf_on_common,observed_only_selected_sample,equal,WML_DS5,early_2021_2022,3,22,1,2021-03,2022-12,-0.0114683733294,0.00554543400099,-2.06807498337,22,-0.0223372242499,-0.000599522408773
rf_on_common,observed_only_selected_sample,equal,WML_DS5,early_2021_2022,6,22,1,2021-03,2022-12,-0.0114683733294,0.00322753164496,-3.55329539441,22,-0.0177942191124,-0.00514252754627
rf_on_common,observed_only_selected_sample,equal,WML_DS5,middle_2023,3,12,1,2023-01,2023-12,-0.00779043144701,0.00825620157069,-0.943585422462,12,-0.0239722891747,0.00839142628064
rf_on_common,observed_only_selected_sample,equal,WML_DS5,middle_2023,6,12,1,2023-01,2023-12,-0.00779043144701,0.00678982199546,-1.14736902561,12,-0.0210982380195,0.00551737512552
rf_on_common,observed_only_selected_sample,equal,common_highDS_WML,full,3,34,1,2021-03,2023-12,-0.0101702761944,0.00467167970038,-2.1770063118,34,-0.0193266001545,-0.00101395223436
rf_on_common,observed_only_selected_sample,equal,common_highDS_WML,full,6,34,1,2021-03,2023-12,-0.0101702761944,0.00316404051548,-3.2143318471,34,-0.0163716816504,-0.00396887073844
rf_on_common,observed_only_selected_sample,equal,common_highDS_WML,early_2021_2022,3,22,1,2021-03,2022-12,-0.0114683733294,0.00554543400099,-2.06807498337,22,-0.0223372242499,-0.000599522408773
rf_on_common,observed_only_selected_sample,equal,common_highDS_WML,early_2021_2022,6,22,1,2021-03,2022-12,-0.0114683733294,0.00322753164496,-3.55329539441,22,-0.0177942191124,-0.00514252754627
rf_on_common,observed_only_selected_sample,equal,common_highDS_WML,middle_2023,3,12,1,2023-01,2023-12,-0.00779043144701,0.00825620157069,-0.943585422462,12,-0.0239722891747,0.00839142628064
rf_on_common,observed_only_selected_sample,equal,common_highDS_WML,middle_2023,6,12,1,2023-01,2023-12,-0.00779043144701,0.00678982199546,-1.14736902561,12,-0.0210982380195,0.00551737512552
rf_on_common,observed_only_selected_sample,equal,common_highDS_minus_unconditional,full,3,34,1,2021-03,2023-12,-0.00504759574623,0.010177860613,-0.495938777133,34,-0.0249958359873,0.0149006444949
rf_on_common,observed_only_selected_sample,equal,common_highDS_minus_unconditional,full,6,34,1,2021-03,2023-12,-0.00504759574623,0.0093395584968,-0.5404533574,34,-0.0233527940315,0.013257602539
rf_on_common,observed_only_selected_sample,equal,common_highDS_minus_unconditional,early_2021_2022,3,22,1,2021-03,2022-12,-0.00122371310389,0.0129640227859,-0.0943930077956,22,-0.0266327308589,0.0241853046512
rf_on_common,observed_only_selected_sample,equal,common_highDS_minus_unconditional,early_2021_2022,6,22,1,2021-03,2022-12,-0.00122371310389,0.0121038876003,-0.101100831757,22,-0.0249468968734,0.0224994706656
rf_on_common,observed_only_selected_sample,equal,common_highDS_minus_unconditional,middle_2023,3,12,1,2023-01,2023-12,-0.0120580472572,0.0133123870421,-0.905776493652,12,-0.038149846408,0.0140337518937
rf_on_common,observed_only_selected_sample,equal,common_highDS_minus_unconditional,middle_2023,6,12,1,2023-01,2023-12,-0.0120580472572,0.0107171676556,-1.1251151092,12,-0.0330633098785,0.00894721536415
rf_on_common,observed_only_selected_sample,equal,common_lowDS_WML,full,3,34,1,2021-03,2023-12,0.00331737645636,0.0129836253322,0.255504635375,34,-0.0221300615836,0.0287648144963
rf_on_common,observed_only_selected_sample,equal,common_lowDS_WML,full,6,34,1,2021-03,2023-12,0.00331737645636,0.0116387929672,0.285027533845,34,-0.0194942385828,0.0261289914955
rf_on_common,observed_only_selected_sample,equal,common_lowDS_WML,early_2021_2022,3,22,1,2021-03,2022-12,0.00715916268085,0.0187256205434,0.382319115367,22,-0.0295423791724,0.0438607045341
rf_on_common,observed_only_selected_sample,equal,common_lowDS_WML,early_2021_2022,6,22,1,2021-03,2022-12,0.00715916268085,0.0166217629052,0.430710191313,22,-0.0254188939729,0.0397372193346
rf_on_common,observed_only_selected_sample,equal,common_lowDS_WML,middle_2023,3,12,1,2023-01,2023-12,-0.00372589828855,0.00872352897012,-0.427109063466,12,-0.0208237008881,0.013371904311
rf_on_common,observed_only_selected_sample,equal,common_lowDS_WML,middle_2023,6,12,1,2023-01,2023-12,-0.00372589828855,0.00635440814204,-0.586348595379,12,-0.01618030939,0.00872851281291
rf_on_common,observed_only_selected_sample,equal,common_lowDS_minus_highDS,full,3,34,1,2021-03,2023-12,0.0134876526508,0.0143247218377,0.941564716131,34,-0.0145882862397,0.0415635915412
rf_on_common,observed_only_selected_sample,equal,common_lowDS_minus_highDS,full,6,34,1,2021-03,2023-12,0.0134876526508,0.0130568600061,1.03299358685,34,-0.0121033227124,0.039078628014
rf_on_common,observed_only_selected_sample,equal,common_lowDS_minus_highDS,early_2021_2022,3,22,1,2021-03,2022-12,0.0186275360102,0.021372075991,0.871582901824,22,-0.023260963207,0.0605160352274
rf_on_common,observed_only_selected_sample,equal,common_lowDS_minus_highDS,early_2021_2022,6,22,1,2021-03,2022-12,0.0186275360102,0.0186213944588,1.00032981157,22,-0.017869726471,0.0551247984914
rf_on_common,observed_only_selected_sample,equal,common_lowDS_minus_highDS,middle_2023,3,12,1,2023-01,2023-12,0.00406453315847,0.00411618816156,0.987450767295,12,-0.00400304739179,0.0121321137087
rf_on_common,observed_only_selected_sample,equal,common_lowDS_minus_highDS,middle_2023,6,12,1,2023-01,2023-12,0.00406453315847,0.0049830056741,0.815679014694,12,-0.00570197849753,0.0138310448145
rf_on_common,observed_only_selected_sample,equal,common_lowDS_minus_unconditional,full,3,34,1,2021-03,2023-12,0.00844005690455,0.00982010102894,0.859467420923,34,-0.0108069874367,0.0276871012458
rf_on_common,observed_only_selected_sample,equal,common_lowDS_minus_unconditional,full,6,34,1,2021-03,2023-12,0.00844005690455,0.0089511174731,0.942905389177,34,-0.00910381096412,0.0259839247732
rf_on_common,observed_only_selected_sample,equal,common_lowDS_minus_unconditional,early_2021_2022,3,22,1,2021-03,2022-12,0.0174038229063,0.0120816640326,1.44051538426,22,-0.00627580347081,0.0410834492835
rf_on_common,observed_only_selected_sample,equal,common_lowDS_minus_unconditional,early_2021_2022,6,22,1,2021-03,2022-12,0.0174038229063,0.00977930276243,1.77965887028,22,-0.00176325830195,0.0365709041146
rf_on_common,observed_only_selected_sample,equal,common_lowDS_minus_unconditional,middle_2023,3,12,1,2023-01,2023-12,-0.00799351409871,0.0135023894445,-0.592007372591,12,-0.0344577111151,0.0184706829177
rf_on_common,observed_only_selected_sample,equal,common_lowDS_minus_unconditional,middle_2023,6,12,1,2023-01,2023-12,-0.00799351409871,0.0117742483205,-0.678898039276,12,-0.0310706167518,0.0150835885544
rf_on_common,observed_only_selected_sample,equal,common_unconditional_WML,full,3,34,1,2021-03,2023-12,-0.00512268044819,0.0106558202128,-0.48074013505,34,-0.0260077042911,0.0157623433947
rf_on_common,observed_only_selected_sample,equal,common_unconditional_WML,full,6,34,1,2021-03,2023-12,-0.00512268044819,0.00867339606048,-0.590619915483,34,-0.0221222243504,0.011876863454
rf_on_common,observed_only_selected_sample,equal,common_unconditional_WML,early_2021_2022,3,22,1,2021-03,2022-12,-0.0102446602255,0.0123821552885,-0.827372940072,22,-0.0345132386419,0.014023918191
rf_on_common,observed_only_selected_sample,equal,common_unconditional_WML,early_2021_2022,6,22,1,2021-03,2022-12,-0.0102446602255,0.0109818296084,-0.932873718747,22,-0.0317686507424,0.0112793302914
rf_on_common,observed_only_selected_sample,equal,common_unconditional_WML,middle_2023,3,12,1,2023-01,2023-12,0.00426761581016,0.0158605423696,0.269071240485,12,-0.0268184760096,0.0353537076299
rf_on_common,observed_only_selected_sample,equal,common_unconditional_WML,middle_2023,6,12,1,2023-01,2023-12,0.00426761581016,0.0100996540035,0.422550694181,12,-0.015527342293,0.0240625739133
rf_on_common,observed_only_selected_sample,equal,highDS_WML,full,3,34,1,2021-03,2023-12,-0.0101702761944,0.00467167970038,-2.1770063118,34,-0.0193266001545,-0.00101395223436
rf_on_common,observed_only_selected_sample,equal,highDS_WML,full,6,34,1,2021-03,2023-12,-0.0101702761944,0.00316404051548,-3.2143318471,34,-0.0163716816504,-0.00396887073844
rf_on_common,observed_only_selected_sample,equal,highDS_WML,early_2021_2022,3,22,1,2021-03,2022-12,-0.0114683733294,0.00554543400099,-2.06807498337,22,-0.0223372242499,-0.000599522408773
rf_on_common,observed_only_selected_sample,equal,highDS_WML,early_2021_2022,6,22,1,2021-03,2022-12,-0.0114683733294,0.00322753164496,-3.55329539441,22,-0.0177942191124,-0.00514252754627
rf_on_common,observed_only_selected_sample,equal,highDS_WML,middle_2023,3,12,1,2023-01,2023-12,-0.00779043144701,0.00825620157069,-0.943585422462,12,-0.0239722891747,0.00839142628064
rf_on_common,observed_only_selected_sample,equal,highDS_WML,middle_2023,6,12,1,2023-01,2023-12,-0.00779043144701,0.00678982199546,-1.14736902561,12,-0.0210982380195,0.00551737512552
rf_on_common,observed_only_selected_sample,equal,highDS_minus_unconditional,full,3,34,1,2021-03,2023-12,-0.00504759574623,0.010177860613,-0.495938777133,34,-0.0249958359873,0.0149006444949
rf_on_common,observed_only_selected_sample,equal,highDS_minus_unconditional,full,6,34,1,2021-03,2023-12,-0.00504759574623,0.0093395584968,-0.5404533574,34,-0.0233527940315,0.013257602539
rf_on_common,observed_only_selected_sample,equal,highDS_minus_unconditional,early_2021_2022,3,22,1,2021-03,2022-12,-0.00122371310389,0.0129640227859,-0.0943930077956,22,-0.0266327308589,0.0241853046512
rf_on_common,observed_only_selected_sample,equal,highDS_minus_unconditional,early_2021_2022,6,22,1,2021-03,2022-12,-0.00122371310389,0.0121038876003,-0.101100831757,22,-0.0249468968734,0.0224994706656
rf_on_common,observed_only_selected_sample,equal,highDS_minus_unconditional,middle_2023,3,12,1,2023-01,2023-12,-0.0120580472572,0.0133123870421,-0.905776493652,12,-0.038149846408,0.0140337518937
rf_on_common,observed_only_selected_sample,equal,highDS_minus_unconditional,middle_2023,6,12,1,2023-01,2023-12,-0.0120580472572,0.0107171676556,-1.1251151092,12,-0.0330633098785,0.00894721536415
rf_on_common,observed_only_selected_sample,equal,lowDS_WML,full,3,34,1,2021-03,2023-12,0.00331737645636,0.0129836253322,0.255504635375,34,-0.0221300615836,0.0287648144963
rf_on_common,observed_only_selected_sample,equal,lowDS_WML,full,6,34,1,2021-03,2023-12,0.00331737645636,0.0116387929672,0.285027533845,34,-0.0194942385828,0.0261289914955
rf_on_common,observed_only_selected_sample,equal,lowDS_WML,early_2021_2022,3,22,1,2021-03,2022-12,0.00715916268085,0.0187256205434,0.382319115367,22,-0.0295423791724,0.0438607045341
rf_on_common,observed_only_selected_sample,equal,lowDS_WML,early_2021_2022,6,22,1,2021-03,2022-12,0.00715916268085,0.0166217629052,0.430710191313,22,-0.0254188939729,0.0397372193346
rf_on_common,observed_only_selected_sample,equal,lowDS_WML,middle_2023,3,12,1,2023-01,2023-12,-0.00372589828855,0.00872352897012,-0.427109063466,12,-0.0208237008881,0.013371904311
rf_on_common,observed_only_selected_sample,equal,lowDS_WML,middle_2023,6,12,1,2023-01,2023-12,-0.00372589828855,0.00635440814204,-0.586348595379,12,-0.01618030939,0.00872851281291
rf_on_common,observed_only_selected_sample,equal,lowDS_minus_highDS,full,3,34,1,2021-03,2023-12,0.0134876526508,0.0143247218377,0.941564716131,34,-0.0145882862397,0.0415635915412
rf_on_common,observed_only_selected_sample,equal,lowDS_minus_highDS,full,6,34,1,2021-03,2023-12,0.0134876526508,0.0130568600061,1.03299358685,34,-0.0121033227124,0.039078628014
rf_on_common,observed_only_selected_sample,equal,lowDS_minus_highDS,early_2021_2022,3,22,1,2021-03,2022-12,0.0186275360102,0.021372075991,0.871582901824,22,-0.023260963207,0.0605160352274
rf_on_common,observed_only_selected_sample,equal,lowDS_minus_highDS,early_2021_2022,6,22,1,2021-03,2022-12,0.0186275360102,0.0186213944588,1.00032981157,22,-0.017869726471,0.0551247984914
rf_on_common,observed_only_selected_sample,equal,lowDS_minus_highDS,middle_2023,3,12,1,2023-01,2023-12,0.00406453315847,0.00411618816156,0.987450767295,12,-0.00400304739179,0.0121321137087
rf_on_common,observed_only_selected_sample,equal,lowDS_minus_highDS,middle_2023,6,12,1,2023-01,2023-12,0.00406453315847,0.0049830056741,0.815679014694,12,-0.00570197849753,0.0138310448145
rf_on_common,observed_only_selected_sample,equal,lowDS_minus_unconditional,full,3,34,1,2021-03,2023-12,0.00844005690455,0.00982010102894,0.859467420923,34,-0.0108069874367,0.0276871012458
rf_on_common,observed_only_selected_sample,equal,lowDS_minus_unconditional,full,6,34,1,2021-03,2023-12,0.00844005690455,0.0089511174731,0.942905389177,34,-0.00910381096412,0.0259839247732
rf_on_common,observed_only_selected_sample,equal,lowDS_minus_unconditional,early_2021_2022,3,22,1,2021-03,2022-12,0.0174038229063,0.0120816640326,1.44051538426,22,-0.00627580347081,0.0410834492835
rf_on_common,observed_only_selected_sample,equal,lowDS_minus_unconditional,early_2021_2022,6,22,1,2021-03,2022-12,0.0174038229063,0.00977930276243,1.77965887028,22,-0.00176325830195,0.0365709041146
rf_on_common,observed_only_selected_sample,equal,lowDS_minus_unconditional,middle_2023,3,12,1,2023-01,2023-12,-0.00799351409871,0.0135023894445,-0.592007372591,12,-0.0344577111151,0.0184706829177
rf_on_common,observed_only_selected_sample,equal,lowDS_minus_unconditional,middle_2023,6,12,1,2023-01,2023-12,-0.00799351409871,0.0117742483205,-0.678898039276,12,-0.0310706167518,0.0150835885544
rf_on_common,observed_only_selected_sample,equal,unconditional_WML,full,3,34,1,2021-03,2023-12,-0.00512268044819,0.0106558202128,-0.48074013505,34,-0.0260077042911,0.0157623433947
rf_on_common,observed_only_selected_sample,equal,unconditional_WML,full,6,34,1,2021-03,2023-12,-0.00512268044819,0.00867339606048,-0.590619915483,34,-0.0221222243504,0.011876863454
rf_on_common,observed_only_selected_sample,equal,unconditional_WML,early_2021_2022,3,22,1,2021-03,2022-12,-0.0102446602255,0.0123821552885,-0.827372940072,22,-0.0345132386419,0.014023918191
rf_on_common,observed_only_selected_sample,equal,unconditional_WML,early_2021_2022,6,22,1,2021-03,2022-12,-0.0102446602255,0.0109818296084,-0.932873718747,22,-0.0317686507424,0.0112793302914
rf_on_common,observed_only_selected_sample,equal,unconditional_WML,middle_2023,3,12,1,2023-01,2023-12,0.00426761581016,0.0158605423696,0.269071240485,12,-0.0268184760096,0.0353537076299
rf_on_common,observed_only_selected_sample,equal,unconditional_WML,middle_2023,6,12,1,2023-01,2023-12,0.00426761581016,0.0100996540035,0.422550694181,12,-0.015527342293,0.0240625739133
rf_on_common,observed_only_selected_sample,value,WML_DS1,full,3,34,1,2021-03,2023-12,0.00554403313174,0.012904011822,0.429636395891,34,-0.0197473652955,0.0308354315589
rf_on_common,observed_only_selected_sample,value,WML_DS1,full,6,34,1,2021-03,2023-12,0.00554403313174,0.0107415598322,0.51612924178,34,-0.0155090372772,0.0265971035407
rf_on_common,observed_only_selected_sample,value,WML_DS1,early_2021_2022,3,22,1,2021-03,2022-12,0.00628389274369,0.0190517237948,0.329833290224,22,-0.0310567997376,0.043624585225
rf_on_common,observed_only_selected_sample,value,WML_DS1,early_2021_2022,6,22,1,2021-03,2022-12,0.00628389274369,0.0162481376839,0.386745414518,22,-0.0255618719326,0.0381296574199
rf_on_common,observed_only_selected_sample,value,WML_DS1,middle_2023,3,12,1,2023-01,2023-12,0.00418762384316,0.0100445295983,0.416905919004,12,-0.0154992924112,0.0238745400975
rf_on_common,observed_only_selected_sample,value,WML_DS1,middle_2023,6,12,1,2023-01,2023-12,0.00418762384316,0.00759814682802,0.551137525761,12,-0.010704470289,0.0190797179753
rf_on_common,observed_only_selected_sample,value,WML_DS2,full,3,34,1,2021-03,2023-12,-0.0102206242793,0.0144121878777,-0.7091653513,34,-0.0384679934581,0.0180267448995
rf_on_common,observed_only_selected_sample,value,WML_DS2,full,6,34,1,2021-03,2023-12,-0.0102206242793,0.0125283257807,-0.81580128568,34,-0.0347756915961,0.0143344430375
rf_on_common,observed_only_selected_sample,value,WML_DS2,early_2021_2022,3,22,1,2021-03,2022-12,-0.0162287972267,0.0206563130463,-0.785657982156,22,-0.0567144268509,0.0242568323974
rf_on_common,observed_only_selected_sample,value,WML_DS2,early_2021_2022,6,22,1,2021-03,2022-12,-0.0162287972267,0.0172231783081,-0.942264948804,22,-0.04998560641,0.0175280119565
rf_on_common,observed_only_selected_sample,value,WML_DS2,middle_2023,3,12,1,2023-01,2023-12,0.000794359457595,0.0110484929918,0.0718975391652,12,-0.0208602888898,0.022449007805
rf_on_common,observed_only_selected_sample,value,WML_DS2,middle_2023,6,12,1,2023-01,2023-12,0.000794359457595,0.00975880899997,0.0813992217285,12,-0.0183325547144,0.0199212736295
rf_on_common,observed_only_selected_sample,value,WML_DS3,full,3,34,1,2021-03,2023-12,-0.000902436603556,0.0167254870678,-0.0539557741966,34,-0.0336837888802,0.0318789156731
rf_on_common,observed_only_selected_sample,value,WML_DS3,full,6,34,1,2021-03,2023-12,-0.000902436603556,0.0133614220346,-0.0675404609794,34,-0.0270903425736,0.0252854693664
rf_on_common,observed_only_selected_sample,value,WML_DS3,early_2021_2022,3,22,1,2021-03,2022-12,-0.00718541893512,0.0230145248368,-0.312212352246,22,-0.0522930587365,0.0379222208663
rf_on_common,observed_only_selected_sample,value,WML_DS3,early_2021_2022,6,22,1,2021-03,2022-12,-0.00718541893512,0.0197452103803,-0.363906932199,22,-0.0458853201477,0.0315144822774
rf_on_common,observed_only_selected_sample,value,WML_DS3,middle_2023,3,12,1,2023-01,2023-12,0.0106163643376,0.0173077695211,0.613387203054,12,-0.0233062405764,0.0445389692517
rf_on_common,observed_only_selected_sample,value,WML_DS3,middle_2023,6,12,1,2023-01,2023-12,0.0106163643376,0.00972581639358,1.09156536665,12,-0.00844588551402,0.0296786141893
rf_on_common,observed_only_selected_sample,value,WML_DS4,full,3,34,0.852941176471,2021-03,2023-12,-0.0354666429991,0.0128716200808,-2.75541406416,29,-0.0606945547802,-0.0102387312181
rf_on_common,observed_only_selected_sample,value,WML_DS4,full,6,34,0.852941176471,2021-03,2023-12,-0.0354666429991,0.00954645530047,-3.71516357463,29,-0.0541773515681,-0.0167559344302
rf_on_common,observed_only_selected_sample,value,WML_DS4,early_2021_2022,3,22,0.863636363636,2021-03,2022-12,-0.0387339775995,0.0153847989541,-2.51767850298,19,-0.068887629459,-0.00858032574005
rf_on_common,observed_only_selected_sample,value,WML_DS4,early_2021_2022,6,22,0.863636363636,2021-03,2022-12,-0.0387339775995,0.013269152249,-2.9190996435,19,-0.0647410381129,-0.0127269170862
rf_on_common,observed_only_selected_sample,value,WML_DS4,middle_2023,3,12,0.833333333333,2023-01,2023-12,-0.0292587072585,0.0220758471813,-1.32537188802,10,-0.0725265726621,0.0140091581452
rf_on_common,observed_only_selected_sample,value,WML_DS4,middle_2023,6,12,0.833333333333,2023-01,2023-12,-0.0292587072585,0.0162450512932,-1.80108432595,10,-0.0610984227201,0.00258100820323
rf_on_common,observed_only_selected_sample,value,WML_DS5,full,3,34,1,2021-03,2023-12,-0.0116705539522,0.00751079622736,-1.55383711645,34,-0.026391444053,0.00305033614868
rf_on_common,observed_only_selected_sample,value,WML_DS5,full,6,34,1,2021-03,2023-12,-0.0116705539522,0.00666097520493,-1.75207887631,34,-0.0247258254557,0.0013847175514
rf_on_common,observed_only_selected_sample,value,WML_DS5,early_2021_2022,3,22,1,2021-03,2022-12,-0.0162179949022,0.00958795461819,-1.69149683619,22,-0.0350100406392,0.00257405083488
rf_on_common,observed_only_selected_sample,value,WML_DS5,early_2021_2022,6,22,1,2021-03,2022-12,-0.0162179949022,0.00777218518801,-2.08667118833,22,-0.0314511979518,-0.000984791852505
rf_on_common,observed_only_selected_sample,value,WML_DS5,middle_2023,3,12,1,2023-01,2023-12,-0.00333357887716,0.0104279703551,-0.319676673756,12,-0.0237720252051,0.0171048674507
rf_on_common,observed_only_selected_sample,value,WML_DS5,middle_2023,6,12,1,2023-01,2023-12,-0.00333357887716,0.00840726296654,-0.396511788727,12,-0.0198115115001,0.0131443537458
rf_on_common,observed_only_selected_sample,value,common_highDS_WML,full,3,34,1,2021-03,2023-12,-0.0116705539522,0.00751079622736,-1.55383711645,34,-0.026391444053,0.00305033614868
rf_on_common,observed_only_selected_sample,value,common_highDS_WML,full,6,34,1,2021-03,2023-12,-0.0116705539522,0.00666097520493,-1.75207887631,34,-0.0247258254557,0.0013847175514
rf_on_common,observed_only_selected_sample,value,common_highDS_WML,early_2021_2022,3,22,1,2021-03,2022-12,-0.0162179949022,0.00958795461819,-1.69149683619,22,-0.0350100406392,0.00257405083488
rf_on_common,observed_only_selected_sample,value,common_highDS_WML,early_2021_2022,6,22,1,2021-03,2022-12,-0.0162179949022,0.00777218518801,-2.08667118833,22,-0.0314511979518,-0.000984791852505
rf_on_common,observed_only_selected_sample,value,common_highDS_WML,middle_2023,3,12,1,2023-01,2023-12,-0.00333357887716,0.0104279703551,-0.319676673756,12,-0.0237720252051,0.0171048674507
rf_on_common,observed_only_selected_sample,value,common_highDS_WML,middle_2023,6,12,1,2023-01,2023-12,-0.00333357887716,0.00840726296654,-0.396511788727,12,-0.0198115115001,0.0131443537458
rf_on_common,observed_only_selected_sample,value,common_highDS_minus_unconditional,full,3,34,1,2021-03,2023-12,-0.0071542471594,0.0102830001282,-0.695735395332,34,-0.0273085570637,0.0130000627449
rf_on_common,observed_only_selected_sample,value,common_highDS_minus_unconditional,full,6,34,1,2021-03,2023-12,-0.0071542471594,0.00855571791836,-0.83619483808,34,-0.0239231461413,0.00961465182248
rf_on_common,observed_only_selected_sample,value,common_highDS_minus_unconditional,early_2021_2022,3,22,1,2021-03,2022-12,-0.00544321210586,0.0147219533569,-0.369734367031,22,-0.0342977104674,0.0234112862557
rf_on_common,observed_only_selected_sample,value,common_highDS_minus_unconditional,early_2021_2022,6,22,1,2021-03,2022-12,-0.00544321210586,0.012978698713,-0.419395828982,22,-0.0308809941496,0.0199945699378
rf_on_common,observed_only_selected_sample,value,common_highDS_minus_unconditional,middle_2023,3,12,1,2023-01,2023-12,-0.0102911447576,0.00844042609159,-1.21926839307,12,-0.0268340759113,0.00625178639613
rf_on_common,observed_only_selected_sample,value,common_highDS_minus_unconditional,middle_2023,6,12,1,2023-01,2023-12,-0.0102911447576,0.00679879125475,-1.51367270621,12,-0.0236165307553,0.00303424124016
rf_on_common,observed_only_selected_sample,value,common_lowDS_WML,full,3,34,1,2021-03,2023-12,0.00554403313174,0.012904011822,0.429636395891,34,-0.0197473652955,0.0308354315589
rf_on_common,observed_only_selected_sample,value,common_lowDS_WML,full,6,34,1,2021-03,2023-12,0.00554403313174,0.0107415598322,0.51612924178,34,-0.0155090372772,0.0265971035407
rf_on_common,observed_only_selected_sample,value,common_lowDS_WML,early_2021_2022,3,22,1,2021-03,2022-12,0.00628389274369,0.0190517237948,0.329833290224,22,-0.0310567997376,0.043624585225
rf_on_common,observed_only_selected_sample,value,common_lowDS_WML,early_2021_2022,6,22,1,2021-03,2022-12,0.00628389274369,0.0162481376839,0.386745414518,22,-0.0255618719326,0.0381296574199
rf_on_common,observed_only_selected_sample,value,common_lowDS_WML,middle_2023,3,12,1,2023-01,2023-12,0.00418762384316,0.0100445295983,0.416905919004,12,-0.0154992924112,0.0238745400975
rf_on_common,observed_only_selected_sample,value,common_lowDS_WML,middle_2023,6,12,1,2023-01,2023-12,0.00418762384316,0.00759814682802,0.551137525761,12,-0.010704470289,0.0190797179753
rf_on_common,observed_only_selected_sample,value,common_lowDS_minus_highDS,full,3,34,1,2021-03,2023-12,0.0172145870839,0.0115731130744,1.48746382872,34,-0.00546829773101,0.0398974718988
rf_on_common,observed_only_selected_sample,value,common_lowDS_minus_highDS,full,6,34,1,2021-03,2023-12,0.0172145870839,0.0101322017563,1.69899766092,34,-0.00264416344253,0.0370733376103
rf_on_common,observed_only_selected_sample,value,common_lowDS_minus_highDS,early_2021_2022,3,22,1,2021-03,2022-12,0.0225018876459,0.0171366984794,1.31308184437,22,-0.0110854241878,0.0560891994795
rf_on_common,observed_only_selected_sample,value,common_lowDS_minus_highDS,early_2021_2022,6,22,1,2021-03,2022-12,0.0225018876459,0.013893562575,1.61959090941,22,-0.00472899461811,0.0497327699098
rf_on_common,observed_only_selected_sample,value,common_lowDS_minus_highDS,middle_2023,3,12,1,2023-01,2023-12,0.00752120272032,0.0064295834837,1.16978070809,12,-0.00508054934333,0.020122954784
rf_on_common,observed_only_selected_sample,value,common_lowDS_minus_highDS,middle_2023,6,12,1,2023-01,2023-12,0.00752120272032,0.00721009827793,1.04314843299,12,-0.00661033022942,0.0216527356701
rf_on_common,observed_only_selected_sample,value,common_lowDS_minus_unconditional,full,3,34,1,2021-03,2023-12,0.0100603399245,0.0082268599128,1.22286510663,34,-0.00606400921044,0.0261846890595
rf_on_common,observed_only_selected_sample,value,common_lowDS_minus_unconditional,full,6,34,1,2021-03,2023-12,0.0100603399245,0.00705975158766,1.42502746727,34,-0.00377651892712,0.0238971987761
rf_on_common,observed_only_selected_sample,value,common_lowDS_minus_unconditional,early_2021_2022,3,22,1,2021-03,2022-12,0.01705867554,0.0102564149864,1.66322009812,22,-0.00304352844385,0.0371608795239
rf_on_common,observed_only_selected_sample,value,common_lowDS_minus_unconditional,early_2021_2022,6,22,1,2021-03,2022-12,0.01705867554,0.00839699066858,2.03152250768,22,0.000600876251066,0.0335164748289
rf_on_common,observed_only_selected_sample,value,common_lowDS_minus_unconditional,middle_2023,3,12,1,2023-01,2023-12,-0.00276994203724,0.0102780357723,-0.26950110883,12,-0.0229145219829,0.0173746379084
rf_on_common,observed_only_selected_sample,value,common_lowDS_minus_unconditional,middle_2023,6,12,1,2023-01,2023-12,-0.00276994203724,0.00679987371299,-0.407351982427,12,-0.0160974496141,0.0105575655396
rf_on_common,observed_only_selected_sample,value,common_unconditional_WML,full,3,34,1,2021-03,2023-12,-0.00451630679277,0.0128772364002,-0.350720189676,34,-0.0297552263575,0.020722612772
rf_on_common,observed_only_selected_sample,value,common_unconditional_WML,full,6,34,1,2021-03,2023-12,-0.00451630679277,0.0098597951351,-0.458052802405,34,-0.0238411501525,0.014808536567
rf_on_common,observed_only_selected_sample,value,common_unconditional_WML,early_2021_2022,3,22,1,2021-03,2022-12,-0.0107747827963,0.0167830573539,-0.642003573552,22,-0.0436689707604,0.0221194051677
rf_on_common,observed_only_selected_sample,value,common_unconditional_WML,early_2021_2022,6,22,1,2021-03,2022-12,-0.0107747827963,0.0141529918831,-0.761307777558,22,-0.0385141371607,0.016964571568
rf_on_common,observed_only_selected_sample,value,common_unconditional_WML,middle_2023,3,12,1,2023-01,2023-12,0.0069575658804,0.0150939181456,0.460951610661,12,-0.0226259700706,0.0365411018314
rf_on_common,observed_only_selected_sample,value,common_unconditional_WML,middle_2023,6,12,1,2023-01,2023-12,0.0069575658804,0.00939811308807,0.740315190422,12,-0.0114623972948,0.0253775290556
rf_on_common,observed_only_selected_sample,value,highDS_WML,full,3,34,1,2021-03,2023-12,-0.0116705539522,0.00751079622736,-1.55383711645,34,-0.026391444053,0.00305033614868
rf_on_common,observed_only_selected_sample,value,highDS_WML,full,6,34,1,2021-03,2023-12,-0.0116705539522,0.00666097520493,-1.75207887631,34,-0.0247258254557,0.0013847175514
rf_on_common,observed_only_selected_sample,value,highDS_WML,early_2021_2022,3,22,1,2021-03,2022-12,-0.0162179949022,0.00958795461819,-1.69149683619,22,-0.0350100406392,0.00257405083488
rf_on_common,observed_only_selected_sample,value,highDS_WML,early_2021_2022,6,22,1,2021-03,2022-12,-0.0162179949022,0.00777218518801,-2.08667118833,22,-0.0314511979518,-0.000984791852505
rf_on_common,observed_only_selected_sample,value,highDS_WML,middle_2023,3,12,1,2023-01,2023-12,-0.00333357887716,0.0104279703551,-0.319676673756,12,-0.0237720252051,0.0171048674507
rf_on_common,observed_only_selected_sample,value,highDS_WML,middle_2023,6,12,1,2023-01,2023-12,-0.00333357887716,0.00840726296654,-0.396511788727,12,-0.0198115115001,0.0131443537458
rf_on_common,observed_only_selected_sample,value,highDS_minus_unconditional,full,3,34,1,2021-03,2023-12,-0.0071542471594,0.0102830001282,-0.695735395332,34,-0.0273085570637,0.0130000627449
rf_on_common,observed_only_selected_sample,value,highDS_minus_unconditional,full,6,34,1,2021-03,2023-12,-0.0071542471594,0.00855571791836,-0.83619483808,34,-0.0239231461413,0.00961465182248
rf_on_common,observed_only_selected_sample,value,highDS_minus_unconditional,early_2021_2022,3,22,1,2021-03,2022-12,-0.00544321210586,0.0147219533569,-0.369734367031,22,-0.0342977104674,0.0234112862557
rf_on_common,observed_only_selected_sample,value,highDS_minus_unconditional,early_2021_2022,6,22,1,2021-03,2022-12,-0.00544321210586,0.012978698713,-0.419395828982,22,-0.0308809941496,0.0199945699378
rf_on_common,observed_only_selected_sample,value,highDS_minus_unconditional,middle_2023,3,12,1,2023-01,2023-12,-0.0102911447576,0.00844042609159,-1.21926839307,12,-0.0268340759113,0.00625178639613
rf_on_common,observed_only_selected_sample,value,highDS_minus_unconditional,middle_2023,6,12,1,2023-01,2023-12,-0.0102911447576,0.00679879125475,-1.51367270621,12,-0.0236165307553,0.00303424124016
rf_on_common,observed_only_selected_sample,value,lowDS_WML,full,3,34,1,2021-03,2023-12,0.00554403313174,0.012904011822,0.429636395891,34,-0.0197473652955,0.0308354315589
rf_on_common,observed_only_selected_sample,value,lowDS_WML,full,6,34,1,2021-03,2023-12,0.00554403313174,0.0107415598322,0.51612924178,34,-0.0155090372772,0.0265971035407
rf_on_common,observed_only_selected_sample,value,lowDS_WML,early_2021_2022,3,22,1,2021-03,2022-12,0.00628389274369,0.0190517237948,0.329833290224,22,-0.0310567997376,0.043624585225
rf_on_common,observed_only_selected_sample,value,lowDS_WML,early_2021_2022,6,22,1,2021-03,2022-12,0.00628389274369,0.0162481376839,0.386745414518,22,-0.0255618719326,0.0381296574199
rf_on_common,observed_only_selected_sample,value,lowDS_WML,middle_2023,3,12,1,2023-01,2023-12,0.00418762384316,0.0100445295983,0.416905919004,12,-0.0154992924112,0.0238745400975
rf_on_common,observed_only_selected_sample,value,lowDS_WML,middle_2023,6,12,1,2023-01,2023-12,0.00418762384316,0.00759814682802,0.551137525761,12,-0.010704470289,0.0190797179753
rf_on_common,observed_only_selected_sample,value,lowDS_minus_highDS,full,3,34,1,2021-03,2023-12,0.0172145870839,0.0115731130744,1.48746382872,34,-0.00546829773101,0.0398974718988
rf_on_common,observed_only_selected_sample,value,lowDS_minus_highDS,full,6,34,1,2021-03,2023-12,0.0172145870839,0.0101322017563,1.69899766092,34,-0.00264416344253,0.0370733376103
rf_on_common,observed_only_selected_sample,value,lowDS_minus_highDS,early_2021_2022,3,22,1,2021-03,2022-12,0.0225018876459,0.0171366984794,1.31308184437,22,-0.0110854241878,0.0560891994795
rf_on_common,observed_only_selected_sample,value,lowDS_minus_highDS,early_2021_2022,6,22,1,2021-03,2022-12,0.0225018876459,0.013893562575,1.61959090941,22,-0.00472899461811,0.0497327699098
rf_on_common,observed_only_selected_sample,value,lowDS_minus_highDS,middle_2023,3,12,1,2023-01,2023-12,0.00752120272032,0.0064295834837,1.16978070809,12,-0.00508054934333,0.020122954784
rf_on_common,observed_only_selected_sample,value,lowDS_minus_highDS,middle_2023,6,12,1,2023-01,2023-12,0.00752120272032,0.00721009827793,1.04314843299,12,-0.00661033022942,0.0216527356701
rf_on_common,observed_only_selected_sample,value,lowDS_minus_unconditional,full,3,34,1,2021-03,2023-12,0.0100603399245,0.0082268599128,1.22286510663,34,-0.00606400921044,0.0261846890595
rf_on_common,observed_only_selected_sample,value,lowDS_minus_unconditional,full,6,34,1,2021-03,2023-12,0.0100603399245,0.00705975158766,1.42502746727,34,-0.00377651892712,0.0238971987761
rf_on_common,observed_only_selected_sample,value,lowDS_minus_unconditional,early_2021_2022,3,22,1,2021-03,2022-12,0.01705867554,0.0102564149864,1.66322009812,22,-0.00304352844385,0.0371608795239
rf_on_common,observed_only_selected_sample,value,lowDS_minus_unconditional,early_2021_2022,6,22,1,2021-03,2022-12,0.01705867554,0.00839699066858,2.03152250768,22,0.000600876251066,0.0335164748289
rf_on_common,observed_only_selected_sample,value,lowDS_minus_unconditional,middle_2023,3,12,1,2023-01,2023-12,-0.00276994203724,0.0102780357723,-0.26950110883,12,-0.0229145219829,0.0173746379084
rf_on_common,observed_only_selected_sample,value,lowDS_minus_unconditional,middle_2023,6,12,1,2023-01,2023-12,-0.00276994203724,0.00679987371299,-0.407351982427,12,-0.0160974496141,0.0105575655396
rf_on_common,observed_only_selected_sample,value,unconditional_WML,full,3,34,1,2021-03,2023-12,-0.00451630679277,0.0128772364002,-0.350720189676,34,-0.0297552263575,0.020722612772
rf_on_common,observed_only_selected_sample,value,unconditional_WML,full,6,34,1,2021-03,2023-12,-0.00451630679277,0.0098597951351,-0.458052802405,34,-0.0238411501525,0.014808536567
rf_on_common,observed_only_selected_sample,value,unconditional_WML,early_2021_2022,3,22,1,2021-03,2022-12,-0.0107747827963,0.0167830573539,-0.642003573552,22,-0.0436689707604,0.0221194051677
rf_on_common,observed_only_selected_sample,value,unconditional_WML,early_2021_2022,6,22,1,2021-03,2022-12,-0.0107747827963,0.0141529918831,-0.761307777558,22,-0.0385141371607,0.016964571568
rf_on_common,observed_only_selected_sample,value,unconditional_WML,middle_2023,3,12,1,2023-01,2023-12,0.0069575658804,0.0150939181456,0.460951610661,12,-0.0226259700706,0.0365411018314
rf_on_common,observed_only_selected_sample,value,unconditional_WML,middle_2023,6,12,1,2023-01,2023-12,0.0069575658804,0.00939811308807,0.740315190422,12,-0.0114623972948,0.0253775290556
rf_on_common,unknown_return_loss100_scenario,equal,WML_DS1,full,3,34,1,2021-03,2023-12,0.00331737645636,0.0129836253322,0.255504635375,34,-0.0221300615836,0.0287648144963
rf_on_common,unknown_return_loss100_scenario,equal,WML_DS1,full,6,34,1,2021-03,2023-12,0.00331737645636,0.0116387929672,0.285027533845,34,-0.0194942385828,0.0261289914955
rf_on_common,unknown_return_loss100_scenario,equal,WML_DS1,early_2021_2022,3,22,1,2021-03,2022-12,0.00715916268085,0.0187256205434,0.382319115367,22,-0.0295423791724,0.0438607045341
rf_on_common,unknown_return_loss100_scenario,equal,WML_DS1,early_2021_2022,6,22,1,2021-03,2022-12,0.00715916268085,0.0166217629052,0.430710191313,22,-0.0254188939729,0.0397372193346
rf_on_common,unknown_return_loss100_scenario,equal,WML_DS1,middle_2023,3,12,1,2023-01,2023-12,-0.00372589828855,0.00872352897012,-0.427109063466,12,-0.0208237008881,0.013371904311
rf_on_common,unknown_return_loss100_scenario,equal,WML_DS1,middle_2023,6,12,1,2023-01,2023-12,-0.00372589828855,0.00635440814204,-0.586348595379,12,-0.01618030939,0.00872851281291
rf_on_common,unknown_return_loss100_scenario,equal,WML_DS2,full,3,34,1,2021-03,2023-12,-0.000902824421928,0.0134727313582,-0.0670112390666,34,-0.0273088926575,0.0255032438136
rf_on_common,unknown_return_loss100_scenario,equal,WML_DS2,full,6,34,1,2021-03,2023-12,-0.000902824421928,0.0115164025713,-0.078394656347,34,-0.0234745586931,0.0216689098492
rf_on_common,unknown_return_loss100_scenario,equal,WML_DS2,early_2021_2022,3,22,1,2021-03,2022-12,-0.0027108391647,0.0185972666664,-0.145765461846,22,-0.0391608120417,0.0337391337123
rf_on_common,unknown_return_loss100_scenario,equal,WML_DS2,early_2021_2022,6,22,1,2021-03,2022-12,-0.0027108391647,0.0168824383382,-0.160571542475,22,-0.0357998102788,0.0303781319494
rf_on_common,unknown_return_loss100_scenario,equal,WML_DS2,middle_2023,3,12,1,2023-01,2023-12,0.00241186927315,0.0128636894047,0.187494364741,12,-0.0228004986683,0.0276242372146
rf_on_common,unknown_return_loss100_scenario,equal,WML_DS2,middle_2023,6,12,1,2023-01,2023-12,0.00241186927315,0.00840081267165,0.287099518513,12,-0.0140534210042,0.0188771595505
rf_on_common,unknown_return_loss100_scenario,equal,WML_DS3,full,3,34,1,2021-03,2023-12,0.00197873149069,0.0160491125182,0.123292268557,34,-0.0294769510288,0.0334344140102
rf_on_common,unknown_return_loss100_scenario,equal,WML_DS3,full,6,34,1,2021-03,2023-12,0.00197873149069,0.0134497394119,0.147120433348,34,-0.024382273358,0.0283397363394
rf_on_common,unknown_return_loss100_scenario,equal,WML_DS3,early_2021_2022,3,22,1,2021-03,2022-12,-0.00660066117626,0.0201001720576,-0.328388292266,22,-0.0459962744923,0.0327949521397
rf_on_common,unknown_return_loss100_scenario,equal,WML_DS3,early_2021_2022,6,22,1,2021-03,2022-12,-0.00660066117626,0.0169096527701,-0.390348711828,22,-0.0397429715967,0.0265416492442
rf_on_common,unknown_return_loss100_scenario,equal,WML_DS3,middle_2023,3,12,1,2023-01,2023-12,0.0177076180468,0.02295923852,0.771263299143,12,-0.027291662565,0.0627068986585
rf_on_common,unknown_return_loss100_scenario,equal,WML_DS3,middle_2023,6,12,1,2023-01,2023-12,0.0177076180468,0.0175718763424,1.00772494079,12,-0.0167326267251,0.0521478628187
rf_on_common,unknown_return_loss100_scenario,equal,WML_DS4,full,3,34,0.852941176471,2021-03,2023-12,-0.00932287433298,0.0174256655327,-0.535008221952,29,-0.0434765511838,0.0248308025178
rf_on_common,unknown_return_loss100_scenario,equal,WML_DS4,full,6,34,0.852941176471,2021-03,2023-12,-0.00932287433298,0.0151367737358,-0.615908944382,29,-0.0389904056974,0.0203446570314
rf_on_common,unknown_return_loss100_scenario,equal,WML_DS4,early_2021_2022,3,22,0.863636363636,2021-03,2022-12,-0.0256954026091,0.0130379821592,-1.9708113031,19,-0.0512493780722,-0.000141427145895
rf_on_common,unknown_return_loss100_scenario,equal,WML_DS4,early_2021_2022,6,22,0.863636363636,2021-03,2022-12,-0.0256954026091,0.0126784852393,-2.02669341993,19,-0.0505447770566,-0.000846028161578
rf_on_common,unknown_return_loss100_scenario,equal,WML_DS4,middle_2023,3,12,0.833333333333,2023-01,2023-12,0.0217849293916,0.0337134511832,0.646179154819,10,-0.044292220722,0.0878620795052
rf_on_common,unknown_return_loss100_scenario,equal,WML_DS4,middle_2023,6,12,0.833333333333,2023-01,2023-12,0.0217849293916,0.019522934681,1.11586345739,10,-0.0164793194557,0.0600491782389
rf_on_common,unknown_return_loss100_scenario,equal,WML_DS5,full,3,34,1,2021-03,2023-12,-0.00109438707016,0.00566921057546,-0.193040469319,34,-0.0122058356188,0.0100170614785
rf_on_common,unknown_return_loss100_scenario,equal,WML_DS5,full,6,34,1,2021-03,2023-12,-0.00109438707016,0.00514701863999,-0.212625433615,34,-0.0111823582323,0.00899358409199
rf_on_common,unknown_return_loss100_scenario,equal,WML_DS5,early_2021_2022,3,22,1,2021-03,2022-12,-0.00118669429046,0.0073657116843,-0.16111060836,22,-0.0156232239122,0.0132498353313
rf_on_common,unknown_return_loss100_scenario,equal,WML_DS5,early_2021_2022,6,22,1,2021-03,2022-12,-0.00118669429046,0.00706619142838,-0.167939731394,22,-0.015036174998,0.012662786417
rf_on_common,unknown_return_loss100_scenario,equal,WML_DS5,middle_2023,3,12,1,2023-01,2023-12,-0.000925157166264,0.00838571822038,-0.11032533433,12,-0.0173608628627,0.0155105485302
rf_on_common,unknown_return_loss100_scenario,equal,WML_DS5,middle_2023,6,12,1,2023-01,2023-12,-0.000925157166264,0.0073503251944,-0.125866154462,12,-0.0153315298219,0.0134812154894
rf_on_common,unknown_return_loss100_scenario,equal,common_highDS_WML,full,3,34,1,2021-03,2023-12,-0.00109438707016,0.00566921057546,-0.193040469319,34,-0.0122058356188,0.0100170614785
rf_on_common,unknown_return_loss100_scenario,equal,common_highDS_WML,full,6,34,1,2021-03,2023-12,-0.00109438707016,0.00514701863999,-0.212625433615,34,-0.0111823582323,0.00899358409199
rf_on_common,unknown_return_loss100_scenario,equal,common_highDS_WML,early_2021_2022,3,22,1,2021-03,2022-12,-0.00118669429046,0.0073657116843,-0.16111060836,22,-0.0156232239122,0.0132498353313
rf_on_common,unknown_return_loss100_scenario,equal,common_highDS_WML,early_2021_2022,6,22,1,2021-03,2022-12,-0.00118669429046,0.00706619142838,-0.167939731394,22,-0.015036174998,0.012662786417
rf_on_common,unknown_return_loss100_scenario,equal,common_highDS_WML,middle_2023,3,12,1,2023-01,2023-12,-0.000925157166264,0.00838571822038,-0.11032533433,12,-0.0173608628627,0.0155105485302
rf_on_common,unknown_return_loss100_scenario,equal,common_highDS_WML,middle_2023,6,12,1,2023-01,2023-12,-0.000925157166264,0.0073503251944,-0.125866154462,12,-0.0153315298219,0.0134812154894
rf_on_common,unknown_return_loss100_scenario,equal,common_highDS_minus_unconditional,full,3,34,1,2021-03,2023-12,0.000449592371072,0.0103415325674,0.043474443284,34,-0.019819439006,0.0207186237482
rf_on_common,unknown_return_loss100_scenario,equal,common_highDS_minus_unconditional,full,6,34,1,2021-03,2023-12,0.000449592371072,0.0102093622044,0.044037263256,34,-0.0195603898547,0.0204595745969
rf_on_common,unknown_return_loss100_scenario,equal,common_highDS_minus_unconditional,early_2021_2022,3,22,1,2021-03,2022-12,0.00616772739162,0.0129603192616,0.475893167993,22,-0.0192340315893,0.0315694863725
rf_on_common,unknown_return_loss100_scenario,equal,common_highDS_minus_unconditional,early_2021_2022,6,22,1,2021-03,2022-12,0.00616772739162,0.0134616258096,0.458171061866,22,-0.0202165743685,0.0325520291518
rf_on_common,unknown_return_loss100_scenario,equal,common_highDS_minus_unconditional,middle_2023,3,12,1,2023-01,2023-12,-0.0100336551666,0.0139429731072,-0.719620922269,12,-0.0373613802942,0.017294069961
rf_on_common,unknown_return_loss100_scenario,equal,common_highDS_minus_unconditional,middle_2023,6,12,1,2023-01,2023-12,-0.0100336551666,0.0110785813672,-0.905680504936,12,-0.0317472756461,0.0116799653129
rf_on_common,unknown_return_loss100_scenario,equal,common_lowDS_WML,full,3,34,1,2021-03,2023-12,0.00331737645636,0.0129836253322,0.255504635375,34,-0.0221300615836,0.0287648144963
rf_on_common,unknown_return_loss100_scenario,equal,common_lowDS_WML,full,6,34,1,2021-03,2023-12,0.00331737645636,0.0116387929672,0.285027533845,34,-0.0194942385828,0.0261289914955
rf_on_common,unknown_return_loss100_scenario,equal,common_lowDS_WML,early_2021_2022,3,22,1,2021-03,2022-12,0.00715916268085,0.0187256205434,0.382319115367,22,-0.0295423791724,0.0438607045341
rf_on_common,unknown_return_loss100_scenario,equal,common_lowDS_WML,early_2021_2022,6,22,1,2021-03,2022-12,0.00715916268085,0.0166217629052,0.430710191313,22,-0.0254188939729,0.0397372193346
rf_on_common,unknown_return_loss100_scenario,equal,common_lowDS_WML,middle_2023,3,12,1,2023-01,2023-12,-0.00372589828855,0.00872352897012,-0.427109063466,12,-0.0208237008881,0.013371904311
rf_on_common,unknown_return_loss100_scenario,equal,common_lowDS_WML,middle_2023,6,12,1,2023-01,2023-12,-0.00372589828855,0.00635440814204,-0.586348595379,12,-0.01618030939,0.00872851281291
rf_on_common,unknown_return_loss100_scenario,equal,common_lowDS_minus_highDS,full,3,34,1,2021-03,2023-12,0.00441176352651,0.0140398693677,0.314231095103,34,-0.0231058747818,0.0319294018348
rf_on_common,unknown_return_loss100_scenario,equal,common_lowDS_minus_highDS,full,6,34,1,2021-03,2023-12,0.00441176352651,0.0140474757458,0.314060946347,34,-0.023120783009,0.031944310062
rf_on_common,unknown_return_loss100_scenario,equal,common_lowDS_minus_highDS,early_2021_2022,3,22,1,2021-03,2022-12,0.00834585697131,0.02109986239,0.395540824725,22,-0.0330091133918,0.0497008273344
rf_on_common,unknown_return_loss100_scenario,equal,common_lowDS_minus_highDS,early_2021_2022,6,22,1,2021-03,2022-12,0.00834585697131,0.0208341411869,0.400585601127,22,-0.0324883094038,0.0491800233464
rf_on_common,unknown_return_loss100_scenario,equal,common_lowDS_minus_highDS,middle_2023,3,12,1,2023-01,2023-12,-0.00280074112228,0.00461620941832,-0.606718818078,12,-0.0118483453273,0.00624686308272
rf_on_common,unknown_return_loss100_scenario,equal,common_lowDS_minus_highDS,middle_2023,6,12,1,2023-01,2023-12,-0.00280074112228,0.00442131031705,-0.63346404605,12,-0.0114663501082,0.00586486786361
rf_on_common,unknown_return_loss100_scenario,equal,common_lowDS_minus_unconditional,full,3,34,1,2021-03,2023-12,0.00486135589759,0.00979125879437,0.49649958189,34,-0.0143291587027,0.0240518704979
rf_on_common,unknown_return_loss100_scenario,equal,common_lowDS_minus_unconditional,full,6,34,1,2021-03,2023-12,0.00486135589759,0.00936353107537,0.519179768664,34,-0.0134908277783,0.0232135395734
rf_on_common,unknown_return_loss100_scenario,equal,common_lowDS_minus_unconditional,early_2021_2022,3,22,1,2021-03,2022-12,0.0145135843629,0.0120131050578,1.20814596168,22,-0.00903166889294,0.0380588376188
rf_on_common,unknown_return_loss100_scenario,equal,common_lowDS_minus_unconditional,early_2021_2022,6,22,1,2021-03,2022-12,0.0145135843629,0.0103721177461,1.3992884306,22,-0.0058153928628,0.0348425615887
rf_on_common,unknown_return_loss100_scenario,equal,common_lowDS_minus_unconditional,middle_2023,3,12,1,2023-01,2023-12,-0.0128343962889,0.0125220644382,-1.02494252064,12,-0.0373771915998,0.0117083990221
rf_on_common,unknown_return_loss100_scenario,equal,common_lowDS_minus_unconditional,middle_2023,6,12,1,2023-01,2023-12,-0.0128343962889,0.010800047262,-1.18836482633,12,-0.0340020999538,0.00833330737601
rf_on_common,unknown_return_loss100_scenario,equal,common_unconditional_WML,full,3,34,1,2021-03,2023-12,-0.00154397944123,0.0107699015358,-0.143360590261,34,-0.0226525985685,0.0195646396861
rf_on_common,unknown_return_loss100_scenario,equal,common_unconditional_WML,full,6,34,1,2021-03,2023-12,-0.00154397944123,0.00881843279709,-0.175085468898,34,-0.0188277901236,0.0157398312412
rf_on_common,unknown_return_loss100_scenario,equal,common_unconditional_WML,early_2021_2022,3,22,1,2021-03,2022-12,-0.00735442168208,0.0126314298338,-0.582231922976,22,-0.0321115692296,0.0174027258655
rf_on_common,unknown_return_loss100_scenario,equal,common_unconditional_WML,early_2021_2022,6,22,1,2021-03,2022-12,-0.00735442168208,0.0109250234632,-0.673172163599,22,-0.0287670742002,0.014058230836
rf_on_common,unknown_return_loss100_scenario,equal,common_unconditional_WML,middle_2023,3,12,1,2023-01,2023-12,0.00910849800034,0.0149874266334,0.607742624742,12,-0.0202663184222,0.0384833144228
rf_on_common,unknown_return_loss100_scenario,equal,common_unconditional_WML,middle_2023,6,12,1,2023-01,2023-12,0.00910849800034,0.00946566216587,0.962267387186,12,-0.00944385893459,0.0276608549353
rf_on_common,unknown_return_loss100_scenario,equal,highDS_WML,full,3,34,1,2021-03,2023-12,-0.00109438707016,0.00566921057546,-0.193040469319,34,-0.0122058356188,0.0100170614785
rf_on_common,unknown_return_loss100_scenario,equal,highDS_WML,full,6,34,1,2021-03,2023-12,-0.00109438707016,0.00514701863999,-0.212625433615,34,-0.0111823582323,0.00899358409199
rf_on_common,unknown_return_loss100_scenario,equal,highDS_WML,early_2021_2022,3,22,1,2021-03,2022-12,-0.00118669429046,0.0073657116843,-0.16111060836,22,-0.0156232239122,0.0132498353313
rf_on_common,unknown_return_loss100_scenario,equal,highDS_WML,early_2021_2022,6,22,1,2021-03,2022-12,-0.00118669429046,0.00706619142838,-0.167939731394,22,-0.015036174998,0.012662786417
rf_on_common,unknown_return_loss100_scenario,equal,highDS_WML,middle_2023,3,12,1,2023-01,2023-12,-0.000925157166264,0.00838571822038,-0.11032533433,12,-0.0173608628627,0.0155105485302
rf_on_common,unknown_return_loss100_scenario,equal,highDS_WML,middle_2023,6,12,1,2023-01,2023-12,-0.000925157166264,0.0073503251944,-0.125866154462,12,-0.0153315298219,0.0134812154894
rf_on_common,unknown_return_loss100_scenario,equal,highDS_minus_unconditional,full,3,34,1,2021-03,2023-12,0.000449592371072,0.0103415325674,0.043474443284,34,-0.019819439006,0.0207186237482
rf_on_common,unknown_return_loss100_scenario,equal,highDS_minus_unconditional,full,6,34,1,2021-03,2023-12,0.000449592371072,0.0102093622044,0.044037263256,34,-0.0195603898547,0.0204595745969
rf_on_common,unknown_return_loss100_scenario,equal,highDS_minus_unconditional,early_2021_2022,3,22,1,2021-03,2022-12,0.00616772739162,0.0129603192616,0.475893167993,22,-0.0192340315893,0.0315694863725
rf_on_common,unknown_return_loss100_scenario,equal,highDS_minus_unconditional,early_2021_2022,6,22,1,2021-03,2022-12,0.00616772739162,0.0134616258096,0.458171061866,22,-0.0202165743685,0.0325520291518
rf_on_common,unknown_return_loss100_scenario,equal,highDS_minus_unconditional,middle_2023,3,12,1,2023-01,2023-12,-0.0100336551666,0.0139429731072,-0.719620922269,12,-0.0373613802942,0.017294069961
rf_on_common,unknown_return_loss100_scenario,equal,highDS_minus_unconditional,middle_2023,6,12,1,2023-01,2023-12,-0.0100336551666,0.0110785813672,-0.905680504936,12,-0.0317472756461,0.0116799653129
rf_on_common,unknown_return_loss100_scenario,equal,lowDS_WML,full,3,34,1,2021-03,2023-12,0.00331737645636,0.0129836253322,0.255504635375,34,-0.0221300615836,0.0287648144963
rf_on_common,unknown_return_loss100_scenario,equal,lowDS_WML,full,6,34,1,2021-03,2023-12,0.00331737645636,0.0116387929672,0.285027533845,34,-0.0194942385828,0.0261289914955
rf_on_common,unknown_return_loss100_scenario,equal,lowDS_WML,early_2021_2022,3,22,1,2021-03,2022-12,0.00715916268085,0.0187256205434,0.382319115367,22,-0.0295423791724,0.0438607045341
rf_on_common,unknown_return_loss100_scenario,equal,lowDS_WML,early_2021_2022,6,22,1,2021-03,2022-12,0.00715916268085,0.0166217629052,0.430710191313,22,-0.0254188939729,0.0397372193346
rf_on_common,unknown_return_loss100_scenario,equal,lowDS_WML,middle_2023,3,12,1,2023-01,2023-12,-0.00372589828855,0.00872352897012,-0.427109063466,12,-0.0208237008881,0.013371904311
rf_on_common,unknown_return_loss100_scenario,equal,lowDS_WML,middle_2023,6,12,1,2023-01,2023-12,-0.00372589828855,0.00635440814204,-0.586348595379,12,-0.01618030939,0.00872851281291
rf_on_common,unknown_return_loss100_scenario,equal,lowDS_minus_highDS,full,3,34,1,2021-03,2023-12,0.00441176352651,0.0140398693677,0.314231095103,34,-0.0231058747818,0.0319294018348
rf_on_common,unknown_return_loss100_scenario,equal,lowDS_minus_highDS,full,6,34,1,2021-03,2023-12,0.00441176352651,0.0140474757458,0.314060946347,34,-0.023120783009,0.031944310062
rf_on_common,unknown_return_loss100_scenario,equal,lowDS_minus_highDS,early_2021_2022,3,22,1,2021-03,2022-12,0.00834585697131,0.02109986239,0.395540824725,22,-0.0330091133918,0.0497008273344
rf_on_common,unknown_return_loss100_scenario,equal,lowDS_minus_highDS,early_2021_2022,6,22,1,2021-03,2022-12,0.00834585697131,0.0208341411869,0.400585601127,22,-0.0324883094038,0.0491800233464
rf_on_common,unknown_return_loss100_scenario,equal,lowDS_minus_highDS,middle_2023,3,12,1,2023-01,2023-12,-0.00280074112228,0.00461620941832,-0.606718818078,12,-0.0118483453273,0.00624686308272
rf_on_common,unknown_return_loss100_scenario,equal,lowDS_minus_highDS,middle_2023,6,12,1,2023-01,2023-12,-0.00280074112228,0.00442131031705,-0.63346404605,12,-0.0114663501082,0.00586486786361
rf_on_common,unknown_return_loss100_scenario,equal,lowDS_minus_unconditional,full,3,34,1,2021-03,2023-12,0.00486135589759,0.00979125879437,0.49649958189,34,-0.0143291587027,0.0240518704979
rf_on_common,unknown_return_loss100_scenario,equal,lowDS_minus_unconditional,full,6,34,1,2021-03,2023-12,0.00486135589759,0.00936353107537,0.519179768664,34,-0.0134908277783,0.0232135395734
rf_on_common,unknown_return_loss100_scenario,equal,lowDS_minus_unconditional,early_2021_2022,3,22,1,2021-03,2022-12,0.0145135843629,0.0120131050578,1.20814596168,22,-0.00903166889294,0.0380588376188
rf_on_common,unknown_return_loss100_scenario,equal,lowDS_minus_unconditional,early_2021_2022,6,22,1,2021-03,2022-12,0.0145135843629,0.0103721177461,1.3992884306,22,-0.0058153928628,0.0348425615887
rf_on_common,unknown_return_loss100_scenario,equal,lowDS_minus_unconditional,middle_2023,3,12,1,2023-01,2023-12,-0.0128343962889,0.0125220644382,-1.02494252064,12,-0.0373771915998,0.0117083990221
rf_on_common,unknown_return_loss100_scenario,equal,lowDS_minus_unconditional,middle_2023,6,12,1,2023-01,2023-12,-0.0128343962889,0.010800047262,-1.18836482633,12,-0.0340020999538,0.00833330737601
rf_on_common,unknown_return_loss100_scenario,equal,unconditional_WML,full,3,34,1,2021-03,2023-12,-0.00154397944123,0.0107699015358,-0.143360590261,34,-0.0226525985685,0.0195646396861
rf_on_common,unknown_return_loss100_scenario,equal,unconditional_WML,full,6,34,1,2021-03,2023-12,-0.00154397944123,0.00881843279709,-0.175085468898,34,-0.0188277901236,0.0157398312412
rf_on_common,unknown_return_loss100_scenario,equal,unconditional_WML,early_2021_2022,3,22,1,2021-03,2022-12,-0.00735442168208,0.0126314298338,-0.582231922976,22,-0.0321115692296,0.0174027258655
rf_on_common,unknown_return_loss100_scenario,equal,unconditional_WML,early_2021_2022,6,22,1,2021-03,2022-12,-0.00735442168208,0.0109250234632,-0.673172163599,22,-0.0287670742002,0.014058230836
rf_on_common,unknown_return_loss100_scenario,equal,unconditional_WML,middle_2023,3,12,1,2023-01,2023-12,0.00910849800034,0.0149874266334,0.607742624742,12,-0.0202663184222,0.0384833144228
rf_on_common,unknown_return_loss100_scenario,equal,unconditional_WML,middle_2023,6,12,1,2023-01,2023-12,0.00910849800034,0.00946566216587,0.962267387186,12,-0.00944385893459,0.0276608549353
rf_on_common,unknown_return_loss100_scenario,value,WML_DS1,full,3,34,1,2021-03,2023-12,0.00554403313174,0.012904011822,0.429636395891,34,-0.0197473652955,0.0308354315589
rf_on_common,unknown_return_loss100_scenario,value,WML_DS1,full,6,34,1,2021-03,2023-12,0.00554403313174,0.0107415598322,0.51612924178,34,-0.0155090372772,0.0265971035407
rf_on_common,unknown_return_loss100_scenario,value,WML_DS1,early_2021_2022,3,22,1,2021-03,2022-12,0.00628389274369,0.0190517237948,0.329833290224,22,-0.0310567997376,0.043624585225
rf_on_common,unknown_return_loss100_scenario,value,WML_DS1,early_2021_2022,6,22,1,2021-03,2022-12,0.00628389274369,0.0162481376839,0.386745414518,22,-0.0255618719326,0.0381296574199
rf_on_common,unknown_return_loss100_scenario,value,WML_DS1,middle_2023,3,12,1,2023-01,2023-12,0.00418762384316,0.0100445295983,0.416905919004,12,-0.0154992924112,0.0238745400975
rf_on_common,unknown_return_loss100_scenario,value,WML_DS1,middle_2023,6,12,1,2023-01,2023-12,0.00418762384316,0.00759814682802,0.551137525761,12,-0.010704470289,0.0190797179753
rf_on_common,unknown_return_loss100_scenario,value,WML_DS2,full,3,34,1,2021-03,2023-12,-0.0102064227816,0.0144155990732,-0.70801239198,34,-0.0384604777806,0.0180476322174
rf_on_common,unknown_return_loss100_scenario,value,WML_DS2,full,6,34,1,2021-03,2023-12,-0.0102064227816,0.0125336588301,-0.814321094895,34,-0.0347719426832,0.01435909712
rf_on_common,unknown_return_loss100_scenario,value,WML_DS2,early_2021_2022,3,22,1,2021-03,2022-12,-0.0162287972267,0.0206563130463,-0.785657982156,22,-0.0567144268509,0.0242568323974
rf_on_common,unknown_return_loss100_scenario,value,WML_DS2,early_2021_2022,6,22,1,2021-03,2022-12,-0.0162287972267,0.0172231783081,-0.942264948804,22,-0.04998560641,0.0175280119565
rf_on_common,unknown_return_loss100_scenario,value,WML_DS2,middle_2023,3,12,1,2023-01,2023-12,0.000834597034476,0.011067755662,0.0754079742961,12,-0.0208578054527,0.0225269995217
rf_on_common,unknown_return_loss100_scenario,value,WML_DS2,middle_2023,6,12,1,2023-01,2023-12,0.000834597034476,0.00977599276793,0.0853721002345,12,-0.0183259967038,0.0199951907728
rf_on_common,unknown_return_loss100_scenario,value,WML_DS3,full,3,34,1,2021-03,2023-12,-0.000842269523355,0.0167211019918,-0.0503716515674,34,-0.0336150272091,0.0319304881624
rf_on_common,unknown_return_loss100_scenario,value,WML_DS3,full,6,34,1,2021-03,2023-12,-0.000842269523355,0.0133692471215,-0.0630005202012,34,-0.027045512382,0.0253609733353
rf_on_common,unknown_return_loss100_scenario,value,WML_DS3,early_2021_2022,3,22,1,2021-03,2022-12,-0.00718184074118,0.0230157297643,-0.312040539872,22,-0.0522918421571,0.0379281606747
rf_on_common,unknown_return_loss100_scenario,value,WML_DS3,early_2021_2022,6,22,1,2021-03,2022-12,-0.00718184074118,0.019747334034,-0.363686598343,22,-0.0458859042386,0.0315222227562
rf_on_common,unknown_return_loss100_scenario,value,WML_DS3,middle_2023,3,12,1,2023-01,2023-12,0.0107802777093,0.0172290953523,0.625701900704,12,-0.0229881286673,0.044548684086
rf_on_common,unknown_return_loss100_scenario,value,WML_DS3,middle_2023,6,12,1,2023-01,2023-12,0.0107802777093,0.00967545155225,1.11418858863,12,-0.00818325886724,0.0297438142859
rf_on_common,unknown_return_loss100_scenario,value,WML_DS4,full,3,34,0.852941176471,2021-03,2023-12,-0.0350465718973,0.0129501610712,-2.70626532787,29,-0.0604284211909,-0.00966472260381
rf_on_common,unknown_return_loss100_scenario,value,WML_DS4,full,6,34,0.852941176471,2021-03,2023-12,-0.0350465718973,0.00963314200666,-3.63812470252,29,-0.0539271832884,-0.0161659605063
rf_on_common,unknown_return_loss100_scenario,value,WML_DS4,early_2021_2022,3,22,0.863636363636,2021-03,2022-12,-0.038682900112,0.0154000669053,-2.51186571785,19,-0.0688664766058,-0.00849932361815
rf_on_common,unknown_return_loss100_scenario,value,WML_DS4,early_2021_2022,6,22,0.863636363636,2021-03,2022-12,-0.038682900112,0.0132975272492,-2.90902958025,19,-0.0647455746038,-0.0126202256202
rf_on_common,unknown_return_loss100_scenario,value,WML_DS4,middle_2023,3,12,0.833333333333,2023-01,2023-12,-0.0281375482895,0.0222968227954,-1.26195326337,10,-0.0718385179381,0.0155634213592
rf_on_common,unknown_return_loss100_scenario,value,WML_DS4,middle_2023,6,12,0.833333333333,2023-01,2023-12,-0.0281375482895,0.0163977901438,-1.7159353817,10,-0.0602766263974,0.00400152981847
rf_on_common,unknown_return_loss100_scenario,value,WML_DS5,full,3,34,1,2021-03,2023-12,-0.011448288233,0.00745985976623,-1.53465193607,34,-0.0260693447045,0.0031727682385
rf_on_common,unknown_return_loss100_scenario,value,WML_DS5,full,6,34,1,2021-03,2023-12,-0.011448288233,0.00662037506707,-1.72925070212,34,-0.0244239849286,0.00152740846259
rf_on_common,unknown_return_loss100_scenario,value,WML_DS5,early_2021_2022,3,22,1,2021-03,2022-12,-0.0160305647076,0.009495383469,-1.68824826927,22,-0.0346411743262,0.00258004491102
rf_on_common,unknown_return_loss100_scenario,value,WML_DS5,early_2021_2022,6,22,1,2021-03,2022-12,-0.0160305647076,0.00767521564718,-2.08861424154,22,-0.0310737109497,-0.000987418465562
rf_on_common,unknown_return_loss100_scenario,value,WML_DS5,middle_2023,3,12,1,2023-01,2023-12,-0.0030474480296,0.0103794833865,-0.293603054808,12,-0.0233908616452,0.017295965586
rf_on_common,unknown_return_loss100_scenario,value,WML_DS5,middle_2023,6,12,1,2023-01,2023-12,-0.0030474480296,0.0083893938199,-0.363250086362,12,-0.0194903577687,0.0133954617095
rf_on_common,unknown_return_loss100_scenario,value,common_highDS_WML,full,3,34,1,2021-03,2023-12,-0.011448288233,0.00745985976623,-1.53465193607,34,-0.0260693447045,0.0031727682385
rf_on_common,unknown_return_loss100_scenario,value,common_highDS_WML,full,6,34,1,2021-03,2023-12,-0.011448288233,0.00662037506707,-1.72925070212,34,-0.0244239849286,0.00152740846259
rf_on_common,unknown_return_loss100_scenario,value,common_highDS_WML,early_2021_2022,3,22,1,2021-03,2022-12,-0.0160305647076,0.009495383469,-1.68824826927,22,-0.0346411743262,0.00258004491102
rf_on_common,unknown_return_loss100_scenario,value,common_highDS_WML,early_2021_2022,6,22,1,2021-03,2022-12,-0.0160305647076,0.00767521564718,-2.08861424154,22,-0.0310737109497,-0.000987418465562
rf_on_common,unknown_return_loss100_scenario,value,common_highDS_WML,middle_2023,3,12,1,2023-01,2023-12,-0.0030474480296,0.0103794833865,-0.293603054808,12,-0.0233908616452,0.017295965586
rf_on_common,unknown_return_loss100_scenario,value,common_highDS_WML,middle_2023,6,12,1,2023-01,2023-12,-0.0030474480296,0.0083893938199,-0.363250086362,12,-0.0194903577687,0.0133954617095
rf_on_common,unknown_return_loss100_scenario,value,common_highDS_minus_unconditional,full,3,34,1,2021-03,2023-12,-0.00701905285622,0.0102514239796,-0.684690523988,34,-0.0271114746465,0.0130733689341
rf_on_common,unknown_return_loss100_scenario,value,common_highDS_minus_unconditional,full,6,34,1,2021-03,2023-12,-0.00701905285622,0.00853163753434,-0.822708750574,34,-0.0237407551527,0.00970264944023
rf_on_common,unknown_return_loss100_scenario,value,common_highDS_minus_unconditional,early_2021_2022,3,22,1,2021-03,2022-12,-0.00530917327045,0.0146670234735,-0.36198028046,22,-0.0340560110389,0.023437664498
rf_on_common,unknown_return_loss100_scenario,value,common_highDS_minus_unconditional,early_2021_2022,6,22,1,2021-03,2022-12,-0.00530917327045,0.0129398933818,-0.410294978002,22,-0.0306708982626,0.0200525517217
rf_on_common,unknown_return_loss100_scenario,value,common_highDS_minus_unconditional,middle_2023,3,12,1,2023-01,2023-12,-0.0101538320968,0.00844064190804,-1.20296918261,12,-0.026697186243,0.00638952204937
rf_on_common,unknown_return_loss100_scenario,value,common_highDS_minus_unconditional,middle_2023,6,12,1,2023-01,2023-12,-0.0101538320968,0.00677147127499,-1.49950161264,12,-0.0234256719181,0.00311800772452
rf_on_common,unknown_return_loss100_scenario,value,common_lowDS_WML,full,3,34,1,2021-03,2023-12,0.00554403313174,0.012904011822,0.429636395891,34,-0.0197473652955,0.0308354315589
rf_on_common,unknown_return_loss100_scenario,value,common_lowDS_WML,full,6,34,1,2021-03,2023-12,0.00554403313174,0.0107415598322,0.51612924178,34,-0.0155090372772,0.0265971035407
rf_on_common,unknown_return_loss100_scenario,value,common_lowDS_WML,early_2021_2022,3,22,1,2021-03,2022-12,0.00628389274369,0.0190517237948,0.329833290224,22,-0.0310567997376,0.043624585225
rf_on_common,unknown_return_loss100_scenario,value,common_lowDS_WML,early_2021_2022,6,22,1,2021-03,2022-12,0.00628389274369,0.0162481376839,0.386745414518,22,-0.0255618719326,0.0381296574199
rf_on_common,unknown_return_loss100_scenario,value,common_lowDS_WML,middle_2023,3,12,1,2023-01,2023-12,0.00418762384316,0.0100445295983,0.416905919004,12,-0.0154992924112,0.0238745400975
rf_on_common,unknown_return_loss100_scenario,value,common_lowDS_WML,middle_2023,6,12,1,2023-01,2023-12,0.00418762384316,0.00759814682802,0.551137525761,12,-0.010704470289,0.0190797179753
rf_on_common,unknown_return_loss100_scenario,value,common_lowDS_minus_highDS,full,3,34,1,2021-03,2023-12,0.0169923213648,0.0115373165994,1.47281399607,34,-0.00562040364832,0.0396050463778
rf_on_common,unknown_return_loss100_scenario,value,common_lowDS_minus_highDS,full,6,34,1,2021-03,2023-12,0.0169923213648,0.0101240344215,1.67841402521,34,-0.00285042147958,0.0368350642091
rf_on_common,unknown_return_loss100_scenario,value,common_lowDS_minus_highDS,early_2021_2022,3,22,1,2021-03,2022-12,0.0223144574513,0.0170806195059,1.30641967895,22,-0.011162941614,0.0557918565166
rf_on_common,unknown_return_loss100_scenario,value,common_lowDS_minus_highDS,early_2021_2022,6,22,1,2021-03,2022-12,0.0223144574513,0.0138741889398,1.60834320104,22,-0.00487845318548,0.0495073680881
rf_on_common,unknown_return_loss100_scenario,value,common_lowDS_minus_highDS,middle_2023,3,12,1,2023-01,2023-12,0.00723507187276,0.00634955730101,1.13946083637,12,-0.00520983175499,0.0196799755005
rf_on_common,unknown_return_loss100_scenario,value,common_lowDS_minus_highDS,middle_2023,6,12,1,2023-01,2023-12,0.00723507187276,0.00714646310865,1.01239896754,12,-0.00677173843704,0.0212418821826
rf_on_common,unknown_return_loss100_scenario,value,common_lowDS_minus_unconditional,full,3,34,1,2021-03,2023-12,0.00997326850854,0.00823142403802,1.21160912893,34,-0.00616002614746,0.0261065631645
rf_on_common,unknown_return_loss100_scenario,value,common_lowDS_minus_unconditional,full,6,34,1,2021-03,2023-12,0.00997326850854,0.00707735851965,1.40917949555,34,-0.00389809929566,0.0238446363127
rf_on_common,unknown_return_loss100_scenario,value,common_lowDS_minus_unconditional,early_2021_2022,3,22,1,2021-03,2022-12,0.0170052841809,0.0102605742953,1.65734233693,22,-0.00310507189871,0.0371156402604
rf_on_common,unknown_return_loss100_scenario,value,common_lowDS_minus_unconditional,early_2021_2022,6,22,1,2021-03,2022-12,0.0170052841809,0.00841046763844,2.02191898381,22,0.000521070516377,0.0334894978453
rf_on_common,unknown_return_loss100_scenario,value,common_lowDS_minus_unconditional,middle_2023,3,12,1,2023-01,2023-12,-0.00291876022403,0.0102469103909,-0.284842953895,12,-0.023002335543,0.0171648150949
rf_on_common,unknown_return_loss100_scenario,value,common_lowDS_minus_unconditional,middle_2023,6,12,1,2023-01,2023-12,-0.00291876022403,0.00678233103835,-0.430347650024,12,-0.0162118847904,0.0103743643424
rf_on_common,unknown_return_loss100_scenario,value,common_unconditional_WML,full,3,34,1,2021-03,2023-12,-0.0044292353768,0.0128801321489,-0.343881206001,34,-0.0296738305047,0.0208153597511
rf_on_common,unknown_return_loss100_scenario,value,common_unconditional_WML,full,6,34,1,2021-03,2023-12,-0.0044292353768,0.00986784816765,-0.448855241949,34,-0.0237698623903,0.0149113916367
rf_on_common,unknown_return_loss100_scenario,value,common_unconditional_WML,early_2021_2022,3,22,1,2021-03,2022-12,-0.0107213914372,0.0167857972605,-0.638718034704,22,-0.0436209495195,0.0221781666452
rf_on_common,unknown_return_loss100_scenario,value,common_unconditional_WML,early_2021_2022,6,22,1,2021-03,2022-12,-0.0107213914372,0.014150589294,-0.757663954087,22,-0.0384560368135,0.0170132539391
rf_on_common,unknown_return_loss100_scenario,value,common_unconditional_WML,middle_2023,3,12,1,2023-01,2023-12,0.00710638406719,0.015069957481,0.471559662738,12,-0.022430189844,0.0366429579784
rf_on_common,unknown_return_loss100_scenario,value,common_unconditional_WML,middle_2023,6,12,1,2023-01,2023-12,0.00710638406719,0.00939868827927,0.756103815345,12,-0.0113147064621,0.0255274745965
rf_on_common,unknown_return_loss100_scenario,value,highDS_WML,full,3,34,1,2021-03,2023-12,-0.011448288233,0.00745985976623,-1.53465193607,34,-0.0260693447045,0.0031727682385
rf_on_common,unknown_return_loss100_scenario,value,highDS_WML,full,6,34,1,2021-03,2023-12,-0.011448288233,0.00662037506707,-1.72925070212,34,-0.0244239849286,0.00152740846259
rf_on_common,unknown_return_loss100_scenario,value,highDS_WML,early_2021_2022,3,22,1,2021-03,2022-12,-0.0160305647076,0.009495383469,-1.68824826927,22,-0.0346411743262,0.00258004491102
rf_on_common,unknown_return_loss100_scenario,value,highDS_WML,early_2021_2022,6,22,1,2021-03,2022-12,-0.0160305647076,0.00767521564718,-2.08861424154,22,-0.0310737109497,-0.000987418465562
rf_on_common,unknown_return_loss100_scenario,value,highDS_WML,middle_2023,3,12,1,2023-01,2023-12,-0.0030474480296,0.0103794833865,-0.293603054808,12,-0.0233908616452,0.017295965586
rf_on_common,unknown_return_loss100_scenario,value,highDS_WML,middle_2023,6,12,1,2023-01,2023-12,-0.0030474480296,0.0083893938199,-0.363250086362,12,-0.0194903577687,0.0133954617095
rf_on_common,unknown_return_loss100_scenario,value,highDS_minus_unconditional,full,3,34,1,2021-03,2023-12,-0.00701905285622,0.0102514239796,-0.684690523988,34,-0.0271114746465,0.0130733689341
rf_on_common,unknown_return_loss100_scenario,value,highDS_minus_unconditional,full,6,34,1,2021-03,2023-12,-0.00701905285622,0.00853163753434,-0.822708750574,34,-0.0237407551527,0.00970264944023
rf_on_common,unknown_return_loss100_scenario,value,highDS_minus_unconditional,early_2021_2022,3,22,1,2021-03,2022-12,-0.00530917327045,0.0146670234735,-0.36198028046,22,-0.0340560110389,0.023437664498
rf_on_common,unknown_return_loss100_scenario,value,highDS_minus_unconditional,early_2021_2022,6,22,1,2021-03,2022-12,-0.00530917327045,0.0129398933818,-0.410294978002,22,-0.0306708982626,0.0200525517217
rf_on_common,unknown_return_loss100_scenario,value,highDS_minus_unconditional,middle_2023,3,12,1,2023-01,2023-12,-0.0101538320968,0.00844064190804,-1.20296918261,12,-0.026697186243,0.00638952204937
rf_on_common,unknown_return_loss100_scenario,value,highDS_minus_unconditional,middle_2023,6,12,1,2023-01,2023-12,-0.0101538320968,0.00677147127499,-1.49950161264,12,-0.0234256719181,0.00311800772452
rf_on_common,unknown_return_loss100_scenario,value,lowDS_WML,full,3,34,1,2021-03,2023-12,0.00554403313174,0.012904011822,0.429636395891,34,-0.0197473652955,0.0308354315589
rf_on_common,unknown_return_loss100_scenario,value,lowDS_WML,full,6,34,1,2021-03,2023-12,0.00554403313174,0.0107415598322,0.51612924178,34,-0.0155090372772,0.0265971035407
rf_on_common,unknown_return_loss100_scenario,value,lowDS_WML,early_2021_2022,3,22,1,2021-03,2022-12,0.00628389274369,0.0190517237948,0.329833290224,22,-0.0310567997376,0.043624585225
rf_on_common,unknown_return_loss100_scenario,value,lowDS_WML,early_2021_2022,6,22,1,2021-03,2022-12,0.00628389274369,0.0162481376839,0.386745414518,22,-0.0255618719326,0.0381296574199
rf_on_common,unknown_return_loss100_scenario,value,lowDS_WML,middle_2023,3,12,1,2023-01,2023-12,0.00418762384316,0.0100445295983,0.416905919004,12,-0.0154992924112,0.0238745400975
rf_on_common,unknown_return_loss100_scenario,value,lowDS_WML,middle_2023,6,12,1,2023-01,2023-12,0.00418762384316,0.00759814682802,0.551137525761,12,-0.010704470289,0.0190797179753
rf_on_common,unknown_return_loss100_scenario,value,lowDS_minus_highDS,full,3,34,1,2021-03,2023-12,0.0169923213648,0.0115373165994,1.47281399607,34,-0.00562040364832,0.0396050463778
rf_on_common,unknown_return_loss100_scenario,value,lowDS_minus_highDS,full,6,34,1,2021-03,2023-12,0.0169923213648,0.0101240344215,1.67841402521,34,-0.00285042147958,0.0368350642091
rf_on_common,unknown_return_loss100_scenario,value,lowDS_minus_highDS,early_2021_2022,3,22,1,2021-03,2022-12,0.0223144574513,0.0170806195059,1.30641967895,22,-0.011162941614,0.0557918565166
rf_on_common,unknown_return_loss100_scenario,value,lowDS_minus_highDS,early_2021_2022,6,22,1,2021-03,2022-12,0.0223144574513,0.0138741889398,1.60834320104,22,-0.00487845318548,0.0495073680881
rf_on_common,unknown_return_loss100_scenario,value,lowDS_minus_highDS,middle_2023,3,12,1,2023-01,2023-12,0.00723507187276,0.00634955730101,1.13946083637,12,-0.00520983175499,0.0196799755005
rf_on_common,unknown_return_loss100_scenario,value,lowDS_minus_highDS,middle_2023,6,12,1,2023-01,2023-12,0.00723507187276,0.00714646310865,1.01239896754,12,-0.00677173843704,0.0212418821826
rf_on_common,unknown_return_loss100_scenario,value,lowDS_minus_unconditional,full,3,34,1,2021-03,2023-12,0.00997326850854,0.00823142403802,1.21160912893,34,-0.00616002614746,0.0261065631645
rf_on_common,unknown_return_loss100_scenario,value,lowDS_minus_unconditional,full,6,34,1,2021-03,2023-12,0.00997326850854,0.00707735851965,1.40917949555,34,-0.00389809929566,0.0238446363127
rf_on_common,unknown_return_loss100_scenario,value,lowDS_minus_unconditional,early_2021_2022,3,22,1,2021-03,2022-12,0.0170052841809,0.0102605742953,1.65734233693,22,-0.00310507189871,0.0371156402604
rf_on_common,unknown_return_loss100_scenario,value,lowDS_minus_unconditional,early_2021_2022,6,22,1,2021-03,2022-12,0.0170052841809,0.00841046763844,2.02191898381,22,0.000521070516377,0.0334894978453
rf_on_common,unknown_return_loss100_scenario,value,lowDS_minus_unconditional,middle_2023,3,12,1,2023-01,2023-12,-0.00291876022403,0.0102469103909,-0.284842953895,12,-0.023002335543,0.0171648150949
rf_on_common,unknown_return_loss100_scenario,value,lowDS_minus_unconditional,middle_2023,6,12,1,2023-01,2023-12,-0.00291876022403,0.00678233103835,-0.430347650024,12,-0.0162118847904,0.0103743643424
rf_on_common,unknown_return_loss100_scenario,value,unconditional_WML,full,3,34,1,2021-03,2023-12,-0.0044292353768,0.0128801321489,-0.343881206001,34,-0.0296738305047,0.0208153597511
rf_on_common,unknown_return_loss100_scenario,value,unconditional_WML,full,6,34,1,2021-03,2023-12,-0.0044292353768,0.00986784816765,-0.448855241949,34,-0.0237698623903,0.0149113916367
rf_on_common,unknown_return_loss100_scenario,value,unconditional_WML,early_2021_2022,3,22,1,2021-03,2022-12,-0.0107213914372,0.0167857972605,-0.638718034704,22,-0.0436209495195,0.0221781666452
rf_on_common,unknown_return_loss100_scenario,value,unconditional_WML,early_2021_2022,6,22,1,2021-03,2022-12,-0.0107213914372,0.014150589294,-0.757663954087,22,-0.0384560368135,0.0170132539391
rf_on_common,unknown_return_loss100_scenario,value,unconditional_WML,middle_2023,3,12,1,2023-01,2023-12,0.00710638406719,0.015069957481,0.471559662738,12,-0.022430189844,0.0366429579784
rf_on_common,unknown_return_loss100_scenario,value,unconditional_WML,middle_2023,6,12,1,2023-01,2023-12,0.00710638406719,0.00939868827927,0.756103815345,12,-0.0113147064621,0.0255274745965
rf_on_common,unknown_return_zero_scenario,equal,WML_DS1,full,3,34,1,2021-03,2023-12,0.00331737645636,0.0129836253322,0.255504635375,34,-0.0221300615836,0.0287648144963
rf_on_common,unknown_return_zero_scenario,equal,WML_DS1,full,6,34,1,2021-03,2023-12,0.00331737645636,0.0116387929672,0.285027533845,34,-0.0194942385828,0.0261289914955
rf_on_common,unknown_return_zero_scenario,equal,WML_DS1,early_2021_2022,3,22,1,2021-03,2022-12,0.00715916268085,0.0187256205434,0.382319115367,22,-0.0295423791724,0.0438607045341
rf_on_common,unknown_return_zero_scenario,equal,WML_DS1,early_2021_2022,6,22,1,2021-03,2022-12,0.00715916268085,0.0166217629052,0.430710191313,22,-0.0254188939729,0.0397372193346
rf_on_common,unknown_return_zero_scenario,equal,WML_DS1,middle_2023,3,12,1,2023-01,2023-12,-0.00372589828855,0.00872352897012,-0.427109063466,12,-0.0208237008881,0.013371904311
rf_on_common,unknown_return_zero_scenario,equal,WML_DS1,middle_2023,6,12,1,2023-01,2023-12,-0.00372589828855,0.00635440814204,-0.586348595379,12,-0.01618030939,0.00872851281291
rf_on_common,unknown_return_zero_scenario,equal,WML_DS2,full,3,34,1,2021-03,2023-12,-0.00118837553558,0.0134580770735,-0.0883020307497,34,-0.0275657219008,0.0251889708297
rf_on_common,unknown_return_zero_scenario,equal,WML_DS2,full,6,34,1,2021-03,2023-12,-0.00118837553558,0.0114778004646,-0.103536870086,34,-0.0236844510679,0.0213076999967
rf_on_common,unknown_return_zero_scenario,equal,WML_DS2,early_2021_2022,3,22,1,2021-03,2022-12,-0.0027108391647,0.0185972666664,-0.145765461846,22,-0.0391608120417,0.0337391337123
rf_on_common,unknown_return_zero_scenario,equal,WML_DS2,early_2021_2022,6,22,1,2021-03,2022-12,-0.0027108391647,0.0168824383382,-0.160571542475,22,-0.0357998102788,0.0303781319494
rf_on_common,unknown_return_zero_scenario,equal,WML_DS2,middle_2023,3,12,1,2023-01,2023-12,0.00160280778448,0.012851703593,0.124715589095,12,-0.0235860683979,0.0267916839668
rf_on_common,unknown_return_zero_scenario,equal,WML_DS2,middle_2023,6,12,1,2023-01,2023-12,0.00160280778448,0.00828950818267,0.19335378519,12,-0.0146443297031,0.0178499452721
rf_on_common,unknown_return_zero_scenario,equal,WML_DS3,full,3,34,1,2021-03,2023-12,0.000486386980075,0.0160727467313,0.0302615967394,34,-0.0310156177458,0.031988391706
rf_on_common,unknown_return_zero_scenario,equal,WML_DS3,full,6,34,1,2021-03,2023-12,0.000486386980075,0.0131868350374,0.0368842848717,34,-0.0253593347633,0.0263321087234
rf_on_common,unknown_return_zero_scenario,equal,WML_DS3,early_2021_2022,3,22,1,2021-03,2022-12,-0.00714178671739,0.019952864,-0.357932912158,22,-0.0462486815457,0.031965108111
rf_on_common,unknown_return_zero_scenario,equal,WML_DS3,early_2021_2022,6,22,1,2021-03,2022-12,-0.00714178671739,0.0165971238119,-0.430302671615,22,-0.0396715516357,0.0253879782009
rf_on_common,unknown_return_zero_scenario,equal,WML_DS3,middle_2023,3,12,1,2023-01,2023-12,0.0144713720921,0.0240984281927,0.600511036502,12,-0.0327606792497,0.0617034234339
rf_on_common,unknown_return_zero_scenario,equal,WML_DS3,middle_2023,6,12,1,2023-01,2023-12,0.0144713720921,0.0184417311632,0.784707897757,12,-0.0216737568004,0.0506165009846
rf_on_common,unknown_return_zero_scenario,equal,WML_DS4,full,3,34,0.852941176471,2021-03,2023-12,-0.0204347386476,0.0142394686443,-1.43507733035,29,-0.0483435843494,0.00747410705422
rf_on_common,unknown_return_zero_scenario,equal,WML_DS4,full,6,34,0.852941176471,2021-03,2023-12,-0.0204347386476,0.0104436647636,-1.9566635956,29,-0.0409039454509,3.44681557118e-05
rf_on_common,unknown_return_zero_scenario,equal,WML_DS4,early_2021_2022,3,22,0.863636363636,2021-03,2022-12,-0.0270278476457,0.0122634979705,-2.20392645808,19,-0.0510638619923,-0.00299183329914
rf_on_common,unknown_return_zero_scenario,equal,WML_DS4,early_2021_2022,6,22,0.863636363636,2021-03,2022-12,-0.0270278476457,0.0118347060413,-2.28377853674,19,-0.0502234452543,-0.00383225003713
rf_on_common,unknown_return_zero_scenario,equal,WML_DS4,middle_2023,3,12,0.833333333333,2023-01,2023-12,-0.00790783155118,0.0302445317686,-0.261463183219,10,-0.0671860245469,0.0513703614445
rf_on_common,unknown_return_zero_scenario,equal,WML_DS4,middle_2023,6,12,0.833333333333,2023-01,2023-12,-0.00790783155118,0.0166182900564,-0.475851096854,10,-0.0404790815464,0.0246634184441
rf_on_common,unknown_return_zero_scenario,equal,WML_DS5,full,3,34,1,2021-03,2023-12,-0.00991808862021,0.0046073016276,-2.15268923588,34,-0.0189482338762,-0.000887943364197
rf_on_common,unknown_return_zero_scenario,equal,WML_DS5,full,6,34,1,2021-03,2023-12,-0.00991808862021,0.00312185793936,-3.17698268559,34,-0.0160368177462,-0.00379935949422
rf_on_common,unknown_return_zero_scenario,equal,WML_DS5,early_2021_2022,3,22,1,2021-03,2022-12,-0.0111006301324,0.00545466343211,-2.03507150727,22,-0.0217915740072,-0.000409686257719
rf_on_common,unknown_return_zero_scenario,equal,WML_DS5,early_2021_2022,6,22,1,2021-03,2022-12,-0.0111006301324,0.00321062899864,-3.45746273927,22,-0.0173933473375,-0.00480791292738
rf_on_common,unknown_return_zero_scenario,equal,WML_DS5,middle_2023,3,12,1,2023-01,2023-12,-0.00775009584778,0.00820343629192,-0.944737738186,12,-0.0238285355294,0.00832834383385
rf_on_common,unknown_return_zero_scenario,equal,WML_DS5,middle_2023,6,12,1,2023-01,2023-12,-0.00775009584778,0.0067560631225,-1.14713194759,12,-0.0209917362452,0.0054915445496
rf_on_common,unknown_return_zero_scenario,equal,common_highDS_WML,full,3,34,1,2021-03,2023-12,-0.00991808862021,0.0046073016276,-2.15268923588,34,-0.0189482338762,-0.000887943364197
rf_on_common,unknown_return_zero_scenario,equal,common_highDS_WML,full,6,34,1,2021-03,2023-12,-0.00991808862021,0.00312185793936,-3.17698268559,34,-0.0160368177462,-0.00379935949422
rf_on_common,unknown_return_zero_scenario,equal,common_highDS_WML,early_2021_2022,3,22,1,2021-03,2022-12,-0.0111006301324,0.00545466343211,-2.03507150727,22,-0.0217915740072,-0.000409686257719
rf_on_common,unknown_return_zero_scenario,equal,common_highDS_WML,early_2021_2022,6,22,1,2021-03,2022-12,-0.0111006301324,0.00321062899864,-3.45746273927,22,-0.0173933473375,-0.00480791292738
rf_on_common,unknown_return_zero_scenario,equal,common_highDS_WML,middle_2023,3,12,1,2023-01,2023-12,-0.00775009584778,0.00820343629192,-0.944737738186,12,-0.0238285355294,0.00832834383385
rf_on_common,unknown_return_zero_scenario,equal,common_highDS_WML,middle_2023,6,12,1,2023-01,2023-12,-0.00775009584778,0.0067560631225,-1.14713194759,12,-0.0209917362452,0.0054915445496
rf_on_common,unknown_return_zero_scenario,equal,common_highDS_minus_unconditional,full,3,34,1,2021-03,2023-12,-0.00484841270494,0.0101575091384,-0.477322997095,34,-0.0247567647887,0.0150599393789
rf_on_common,unknown_return_zero_scenario,equal,common_highDS_minus_unconditional,full,6,34,1,2021-03,2023-12,-0.00484841270494,0.0093412021743,-0.519035196377,34,-0.0231568325389,0.013460007129
rf_on_common,unknown_return_zero_scenario,equal,common_highDS_minus_unconditional,early_2021_2022,3,22,1,2021-03,2022-12,-0.000939032769762,0.0129173861537,-0.0726952619197,22,-0.0262566444054,0.0243785788659
rf_on_common,unknown_return_zero_scenario,equal,common_highDS_minus_unconditional,early_2021_2022,6,22,1,2021-03,2022-12,-0.000939032769762,0.0121106571474,-0.0775377222173,22,-0.0246754846077,0.0227974190682
rf_on_common,unknown_return_zero_scenario,equal,common_highDS_minus_unconditional,middle_2023,3,12,1,2023-01,2023-12,-0.0120156092528,0.0133313930172,-0.901301854746,12,-0.0381446594302,0.0141134409247
rf_on_common,unknown_return_zero_scenario,equal,common_highDS_minus_unconditional,middle_2023,6,12,1,2023-01,2023-12,-0.0120156092528,0.0107164744831,-1.12122781347,12,-0.0330195132808,0.00898829477533
rf_on_common,unknown_return_zero_scenario,equal,common_lowDS_WML,full,3,34,1,2021-03,2023-12,0.00331737645636,0.0129836253322,0.255504635375,34,-0.0221300615836,0.0287648144963
rf_on_common,unknown_return_zero_scenario,equal,common_lowDS_WML,full,6,34,1,2021-03,2023-12,0.00331737645636,0.0116387929672,0.285027533845,34,-0.0194942385828,0.0261289914955
rf_on_common,unknown_return_zero_scenario,equal,common_lowDS_WML,early_2021_2022,3,22,1,2021-03,2022-12,0.00715916268085,0.0187256205434,0.382319115367,22,-0.0295423791724,0.0438607045341
rf_on_common,unknown_return_zero_scenario,equal,common_lowDS_WML,early_2021_2022,6,22,1,2021-03,2022-12,0.00715916268085,0.0166217629052,0.430710191313,22,-0.0254188939729,0.0397372193346
rf_on_common,unknown_return_zero_scenario,equal,common_lowDS_WML,middle_2023,3,12,1,2023-01,2023-12,-0.00372589828855,0.00872352897012,-0.427109063466,12,-0.0208237008881,0.013371904311
rf_on_common,unknown_return_zero_scenario,equal,common_lowDS_WML,middle_2023,6,12,1,2023-01,2023-12,-0.00372589828855,0.00635440814204,-0.586348595379,12,-0.01618030939,0.00872851281291
rf_on_common,unknown_return_zero_scenario,equal,common_lowDS_minus_highDS,full,3,34,1,2021-03,2023-12,0.0132354650766,0.014277621907,0.927007674163,34,-0.014748159646,0.0412190897991
rf_on_common,unknown_return_zero_scenario,equal,common_lowDS_minus_highDS,full,6,34,1,2021-03,2023-12,0.0132354650766,0.0130494438673,1.01425510628,34,-0.0123409749216,0.0388119050747
rf_on_common,unknown_return_zero_scenario,equal,common_lowDS_minus_highDS,early_2021_2022,3,22,1,2021-03,2022-12,0.0182597928133,0.0213151655878,0.856657328703,22,-0.0235171640633,0.0600367496899
rf_on_common,unknown_return_zero_scenario,equal,common_lowDS_minus_highDS,early_2021_2022,6,22,1,2021-03,2022-12,0.0182597928133,0.0186598338233,0.978561384106,22,-0.0183128094378,0.0548323950644
rf_on_common,unknown_return_zero_scenario,equal,common_lowDS_minus_highDS,middle_2023,3,12,1,2023-01,2023-12,0.00402419755924,0.00410716921819,0.979798334438,12,-0.00402570618682,0.0120741013053
rf_on_common,unknown_return_zero_scenario,equal,common_lowDS_minus_highDS,middle_2023,6,12,1,2023-01,2023-12,0.00402419755924,0.00496116048302,0.811140371896,12,-0.00569949830902,0.0137478934275
rf_on_common,unknown_return_zero_scenario,equal,common_lowDS_minus_unconditional,full,3,34,1,2021-03,2023-12,0.00838705237163,0.00980708035308,0.855203798651,34,-0.0108344719139,0.0276085766572
rf_on_common,unknown_return_zero_scenario,equal,common_lowDS_minus_unconditional,full,6,34,1,2021-03,2023-12,0.00838705237163,0.00894705805365,0.937408958492,34,-0.0091488591811,0.0259229639244
rf_on_common,unknown_return_zero_scenario,equal,common_lowDS_minus_unconditional,early_2021_2022,3,22,1,2021-03,2022-12,0.0173207600435,0.0120660766246,1.4354922965,22,-0.0063283155753,0.0409698356624
rf_on_common,unknown_return_zero_scenario,equal,common_lowDS_minus_unconditional,early_2021_2022,6,22,1,2021-03,2022-12,0.0173207600435,0.00979412942651,1.76848388348,22,-0.00187538089235,0.0365169009794
rf_on_common,unknown_return_zero_scenario,equal,common_lowDS_minus_unconditional,middle_2023,3,12,1,2023-01,2023-12,-0.00799141169352,0.0135012418818,-0.591901971941,12,-0.0344533595285,0.0184705361415
rf_on_common,unknown_return_zero_scenario,equal,common_lowDS_minus_unconditional,middle_2023,6,12,1,2023-01,2023-12,-0.00799141169352,0.0117739532998,-0.678736486382,12,-0.0310679361168,0.0150851127297
rf_on_common,unknown_return_zero_scenario,equal,common_unconditional_WML,full,3,34,1,2021-03,2023-12,-0.00506967591527,0.0106521880359,-0.475928128397,34,-0.0259475808222,0.0158082289917
rf_on_common,unknown_return_zero_scenario,equal,common_unconditional_WML,full,6,34,1,2021-03,2023-12,-0.00506967591527,0.00866272363322,-0.585228864491,34,-0.0220483022444,0.0119089504139
rf_on_common,unknown_return_zero_scenario,equal,common_unconditional_WML,early_2021_2022,3,22,1,2021-03,2022-12,-0.0101615973627,0.0123808748784,-0.820749540115,22,-0.0344276662215,0.0141044714961
rf_on_common,unknown_return_zero_scenario,equal,common_unconditional_WML,early_2021_2022,6,22,1,2021-03,2022-12,-0.0101615973627,0.0109656024085,-0.926679354601,22,-0.031653783152,0.0113305884267
rf_on_common,unknown_return_zero_scenario,equal,common_unconditional_WML,middle_2023,3,12,1,2023-01,2023-12,0.00426551340497,0.0158535512803,0.269057281209,12,-0.0268068761314,0.0353379029414
rf_on_common,unknown_return_zero_scenario,equal,common_unconditional_WML,middle_2023,6,12,1,2023-01,2023-12,0.00426551340497,0.0100960824275,0.422491935424,12,-0.0155224445378,0.0240534713477
rf_on_common,unknown_return_zero_scenario,equal,highDS_WML,full,3,34,1,2021-03,2023-12,-0.00991808862021,0.0046073016276,-2.15268923588,34,-0.0189482338762,-0.000887943364197
rf_on_common,unknown_return_zero_scenario,equal,highDS_WML,full,6,34,1,2021-03,2023-12,-0.00991808862021,0.00312185793936,-3.17698268559,34,-0.0160368177462,-0.00379935949422
rf_on_common,unknown_return_zero_scenario,equal,highDS_WML,early_2021_2022,3,22,1,2021-03,2022-12,-0.0111006301324,0.00545466343211,-2.03507150727,22,-0.0217915740072,-0.000409686257719
rf_on_common,unknown_return_zero_scenario,equal,highDS_WML,early_2021_2022,6,22,1,2021-03,2022-12,-0.0111006301324,0.00321062899864,-3.45746273927,22,-0.0173933473375,-0.00480791292738
rf_on_common,unknown_return_zero_scenario,equal,highDS_WML,middle_2023,3,12,1,2023-01,2023-12,-0.00775009584778,0.00820343629192,-0.944737738186,12,-0.0238285355294,0.00832834383385
rf_on_common,unknown_return_zero_scenario,equal,highDS_WML,middle_2023,6,12,1,2023-01,2023-12,-0.00775009584778,0.0067560631225,-1.14713194759,12,-0.0209917362452,0.0054915445496
rf_on_common,unknown_return_zero_scenario,equal,highDS_minus_unconditional,full,3,34,1,2021-03,2023-12,-0.00484841270494,0.0101575091384,-0.477322997095,34,-0.0247567647887,0.0150599393789
rf_on_common,unknown_return_zero_scenario,equal,highDS_minus_unconditional,full,6,34,1,2021-03,2023-12,-0.00484841270494,0.0093412021743,-0.519035196377,34,-0.0231568325389,0.013460007129
rf_on_common,unknown_return_zero_scenario,equal,highDS_minus_unconditional,early_2021_2022,3,22,1,2021-03,2022-12,-0.000939032769762,0.0129173861537,-0.0726952619197,22,-0.0262566444054,0.0243785788659
rf_on_common,unknown_return_zero_scenario,equal,highDS_minus_unconditional,early_2021_2022,6,22,1,2021-03,2022-12,-0.000939032769762,0.0121106571474,-0.0775377222173,22,-0.0246754846077,0.0227974190682
rf_on_common,unknown_return_zero_scenario,equal,highDS_minus_unconditional,middle_2023,3,12,1,2023-01,2023-12,-0.0120156092528,0.0133313930172,-0.901301854746,12,-0.0381446594302,0.0141134409247
rf_on_common,unknown_return_zero_scenario,equal,highDS_minus_unconditional,middle_2023,6,12,1,2023-01,2023-12,-0.0120156092528,0.0107164744831,-1.12122781347,12,-0.0330195132808,0.00898829477533
rf_on_common,unknown_return_zero_scenario,equal,lowDS_WML,full,3,34,1,2021-03,2023-12,0.00331737645636,0.0129836253322,0.255504635375,34,-0.0221300615836,0.0287648144963
rf_on_common,unknown_return_zero_scenario,equal,lowDS_WML,full,6,34,1,2021-03,2023-12,0.00331737645636,0.0116387929672,0.285027533845,34,-0.0194942385828,0.0261289914955
rf_on_common,unknown_return_zero_scenario,equal,lowDS_WML,early_2021_2022,3,22,1,2021-03,2022-12,0.00715916268085,0.0187256205434,0.382319115367,22,-0.0295423791724,0.0438607045341
rf_on_common,unknown_return_zero_scenario,equal,lowDS_WML,early_2021_2022,6,22,1,2021-03,2022-12,0.00715916268085,0.0166217629052,0.430710191313,22,-0.0254188939729,0.0397372193346
rf_on_common,unknown_return_zero_scenario,equal,lowDS_WML,middle_2023,3,12,1,2023-01,2023-12,-0.00372589828855,0.00872352897012,-0.427109063466,12,-0.0208237008881,0.013371904311
rf_on_common,unknown_return_zero_scenario,equal,lowDS_WML,middle_2023,6,12,1,2023-01,2023-12,-0.00372589828855,0.00635440814204,-0.586348595379,12,-0.01618030939,0.00872851281291
rf_on_common,unknown_return_zero_scenario,equal,lowDS_minus_highDS,full,3,34,1,2021-03,2023-12,0.0132354650766,0.014277621907,0.927007674163,34,-0.014748159646,0.0412190897991
rf_on_common,unknown_return_zero_scenario,equal,lowDS_minus_highDS,full,6,34,1,2021-03,2023-12,0.0132354650766,0.0130494438673,1.01425510628,34,-0.0123409749216,0.0388119050747
rf_on_common,unknown_return_zero_scenario,equal,lowDS_minus_highDS,early_2021_2022,3,22,1,2021-03,2022-12,0.0182597928133,0.0213151655878,0.856657328703,22,-0.0235171640633,0.0600367496899
rf_on_common,unknown_return_zero_scenario,equal,lowDS_minus_highDS,early_2021_2022,6,22,1,2021-03,2022-12,0.0182597928133,0.0186598338233,0.978561384106,22,-0.0183128094378,0.0548323950644
rf_on_common,unknown_return_zero_scenario,equal,lowDS_minus_highDS,middle_2023,3,12,1,2023-01,2023-12,0.00402419755924,0.00410716921819,0.979798334438,12,-0.00402570618682,0.0120741013053
rf_on_common,unknown_return_zero_scenario,equal,lowDS_minus_highDS,middle_2023,6,12,1,2023-01,2023-12,0.00402419755924,0.00496116048302,0.811140371896,12,-0.00569949830902,0.0137478934275
rf_on_common,unknown_return_zero_scenario,equal,lowDS_minus_unconditional,full,3,34,1,2021-03,2023-12,0.00838705237163,0.00980708035308,0.855203798651,34,-0.0108344719139,0.0276085766572
rf_on_common,unknown_return_zero_scenario,equal,lowDS_minus_unconditional,full,6,34,1,2021-03,2023-12,0.00838705237163,0.00894705805365,0.937408958492,34,-0.0091488591811,0.0259229639244
rf_on_common,unknown_return_zero_scenario,equal,lowDS_minus_unconditional,early_2021_2022,3,22,1,2021-03,2022-12,0.0173207600435,0.0120660766246,1.4354922965,22,-0.0063283155753,0.0409698356624
rf_on_common,unknown_return_zero_scenario,equal,lowDS_minus_unconditional,early_2021_2022,6,22,1,2021-03,2022-12,0.0173207600435,0.00979412942651,1.76848388348,22,-0.00187538089235,0.0365169009794
rf_on_common,unknown_return_zero_scenario,equal,lowDS_minus_unconditional,middle_2023,3,12,1,2023-01,2023-12,-0.00799141169352,0.0135012418818,-0.591901971941,12,-0.0344533595285,0.0184705361415
rf_on_common,unknown_return_zero_scenario,equal,lowDS_minus_unconditional,middle_2023,6,12,1,2023-01,2023-12,-0.00799141169352,0.0117739532998,-0.678736486382,12,-0.0310679361168,0.0150851127297
rf_on_common,unknown_return_zero_scenario,equal,unconditional_WML,full,3,34,1,2021-03,2023-12,-0.00506967591527,0.0106521880359,-0.475928128397,34,-0.0259475808222,0.0158082289917
rf_on_common,unknown_return_zero_scenario,equal,unconditional_WML,full,6,34,1,2021-03,2023-12,-0.00506967591527,0.00866272363322,-0.585228864491,34,-0.0220483022444,0.0119089504139
rf_on_common,unknown_return_zero_scenario,equal,unconditional_WML,early_2021_2022,3,22,1,2021-03,2022-12,-0.0101615973627,0.0123808748784,-0.820749540115,22,-0.0344276662215,0.0141044714961
rf_on_common,unknown_return_zero_scenario,equal,unconditional_WML,early_2021_2022,6,22,1,2021-03,2022-12,-0.0101615973627,0.0109656024085,-0.926679354601,22,-0.031653783152,0.0113305884267
rf_on_common,unknown_return_zero_scenario,equal,unconditional_WML,middle_2023,3,12,1,2023-01,2023-12,0.00426551340497,0.0158535512803,0.269057281209,12,-0.0268068761314,0.0353379029414
rf_on_common,unknown_return_zero_scenario,equal,unconditional_WML,middle_2023,6,12,1,2023-01,2023-12,0.00426551340497,0.0100960824275,0.422491935424,12,-0.0155224445378,0.0240534713477
rf_on_common,unknown_return_zero_scenario,value,WML_DS1,full,3,34,1,2021-03,2023-12,0.00554403313174,0.012904011822,0.429636395891,34,-0.0197473652955,0.0308354315589
rf_on_common,unknown_return_zero_scenario,value,WML_DS1,full,6,34,1,2021-03,2023-12,0.00554403313174,0.0107415598322,0.51612924178,34,-0.0155090372772,0.0265971035407
rf_on_common,unknown_return_zero_scenario,value,WML_DS1,early_2021_2022,3,22,1,2021-03,2022-12,0.00628389274369,0.0190517237948,0.329833290224,22,-0.0310567997376,0.043624585225
rf_on_common,unknown_return_zero_scenario,value,WML_DS1,early_2021_2022,6,22,1,2021-03,2022-12,0.00628389274369,0.0162481376839,0.386745414518,22,-0.0255618719326,0.0381296574199
rf_on_common,unknown_return_zero_scenario,value,WML_DS1,middle_2023,3,12,1,2023-01,2023-12,0.00418762384316,0.0100445295983,0.416905919004,12,-0.0154992924112,0.0238745400975
rf_on_common,unknown_return_zero_scenario,value,WML_DS1,middle_2023,6,12,1,2023-01,2023-12,0.00418762384316,0.00759814682802,0.551137525761,12,-0.010704470289,0.0190797179753
rf_on_common,unknown_return_zero_scenario,value,WML_DS2,full,3,34,1,2021-03,2023-12,-0.0102208183304,0.0144121413462,-0.709181105353,34,-0.0384680963091,0.0180264596483
rf_on_common,unknown_return_zero_scenario,value,WML_DS2,full,6,34,1,2021-03,2023-12,-0.0102208183304,0.0125282529805,-0.815821515284,34,-0.0347757429614,0.0143341063006
rf_on_common,unknown_return_zero_scenario,value,WML_DS2,early_2021_2022,3,22,1,2021-03,2022-12,-0.0162287972267,0.0206563130463,-0.785657982156,22,-0.0567144268509,0.0242568323974
rf_on_common,unknown_return_zero_scenario,value,WML_DS2,early_2021_2022,6,22,1,2021-03,2022-12,-0.0162287972267,0.0172231783081,-0.942264948804,22,-0.04998560641,0.0175280119565
rf_on_common,unknown_return_zero_scenario,value,WML_DS2,middle_2023,3,12,1,2023-01,2023-12,0.000793809646167,0.011048230193,0.071849484696,12,-0.020860323625,0.0224479429173
rf_on_common,unknown_return_zero_scenario,value,WML_DS2,middle_2023,6,12,1,2023-01,2023-12,0.000793809646167,0.00975857436764,0.0813448375,12,-0.0183326446549,0.0199202639472
rf_on_common,unknown_return_zero_scenario,value,WML_DS3,full,3,34,1,2021-03,2023-12,-0.000902150054998,0.0167255278145,-0.053938510342,34,-0.0336835821938,0.0318792820838
rf_on_common,unknown_return_zero_scenario,value,WML_DS3,full,6,34,1,2021-03,2023-12,-0.000902150054998,0.013361507886,-0.0675185811884,34,-0.0270902242907,0.0252859241807
rf_on_common,unknown_return_zero_scenario,value,WML_DS3,early_2021_2022,3,22,1,2021-03,2022-12,-0.00718529304855,0.0230145672209,-0.312206307405,22,-0.0522930159212,0.0379224298241
rf_on_common,unknown_return_zero_scenario,value,WML_DS3,early_2021_2022,6,22,1,2021-03,2022-12,-0.00718529304855,0.0197452850884,-0.363899179798,22,-0.0458853406863,0.0315147545892
rf_on_common,unknown_return_zero_scenario,value,WML_DS3,middle_2023,3,12,1,2023-01,2023-12,0.0106169454332,0.0173077727941,0.61342066131,12,-0.0233056658959,0.0445395567623
rf_on_common,unknown_return_zero_scenario,value,WML_DS3,middle_2023,6,12,1,2023-01,2023-12,0.0106169454332,0.00972578342327,1.09162881499,12,-0.00844523979787,0.0296791306642
rf_on_common,unknown_return_zero_scenario,value,WML_DS4,full,3,34,0.852941176471,2021-03,2023-12,-0.0354792680877,0.0128682387096,-2.75711920554,29,-0.060700552503,-0.0102579836724
rf_on_common,unknown_return_zero_scenario,value,WML_DS4,full,6,34,0.852941176471,2021-03,2023-12,-0.0354792680877,0.00954292605665,-3.71786052591,29,-0.0541830594659,-0.0167754767095
rf_on_common,unknown_return_zero_scenario,value,WML_DS4,early_2021_2022,3,22,0.863636363636,2021-03,2022-12,-0.0387375461695,0.0153837365258,-2.51808434866,19,-0.0688891157077,-0.00858597663128
rf_on_common,unknown_return_zero_scenario,value,WML_DS4,early_2021_2022,6,22,0.863636363636,2021-03,2022-12,-0.0387375461695,0.0132671717381,-2.91980438138,19,-0.0647407249529,-0.0127343673861
rf_on_common,unknown_return_zero_scenario,value,WML_DS4,middle_2023,3,12,0.833333333333,2023-01,2023-12,-0.0292885397323,0.0220649931015,-1.3273758844,10,-0.0725351315302,0.0139580520657
rf_on_common,unknown_return_zero_scenario,value,WML_DS4,middle_2023,6,12,0.833333333333,2023-01,2023-12,-0.0292885397323,0.0162374703453,-1.80376247713,10,-0.061113396809,0.00253631734451
rf_on_common,unknown_return_zero_scenario,value,WML_DS5,full,3,34,1,2021-03,2023-12,-0.0116571431385,0.00750519612371,-1.55320966253,34,-0.0263670572379,0.00305277096085
rf_on_common,unknown_return_zero_scenario,value,WML_DS5,full,6,34,1,2021-03,2023-12,-0.0116571431385,0.00665492454865,-1.75165669472,34,-0.0247005555737,0.00138626929666
rf_on_common,unknown_return_zero_scenario,value,WML_DS5,early_2021_2022,3,22,1,2021-03,2022-12,-0.0162017612631,0.00957884038117,-1.69141155071,22,-0.0349759434239,0.00257242089766
rf_on_common,unknown_return_zero_scenario,value,WML_DS5,early_2021_2022,6,22,1,2021-03,2022-12,-0.0162017612631,0.00776186271501,-2.08735478299,22,-0.0314147326375,-0.000988789888726
rf_on_common,unknown_return_zero_scenario,value,WML_DS5,middle_2023,3,12,1,2023-01,2023-12,-0.00332534324346,0.0104259975481,-0.318947249713,12,-0.0237599229406,0.0171092364536
rf_on_common,unknown_return_zero_scenario,value,WML_DS5,middle_2023,6,12,1,2023-01,2023-12,-0.00332534324346,0.00840635673299,-0.395574842835,12,-0.0198014996813,0.0131508131944
rf_on_common,unknown_return_zero_scenario,value,common_highDS_WML,full,3,34,1,2021-03,2023-12,-0.0116571431385,0.00750519612371,-1.55320966253,34,-0.0263670572379,0.00305277096085
rf_on_common,unknown_return_zero_scenario,value,common_highDS_WML,full,6,34,1,2021-03,2023-12,-0.0116571431385,0.00665492454865,-1.75165669472,34,-0.0247005555737,0.00138626929666
rf_on_common,unknown_return_zero_scenario,value,common_highDS_WML,early_2021_2022,3,22,1,2021-03,2022-12,-0.0162017612631,0.00957884038117,-1.69141155071,22,-0.0349759434239,0.00257242089766
rf_on_common,unknown_return_zero_scenario,value,common_highDS_WML,early_2021_2022,6,22,1,2021-03,2022-12,-0.0162017612631,0.00776186271501,-2.08735478299,22,-0.0314147326375,-0.000988789888726
rf_on_common,unknown_return_zero_scenario,value,common_highDS_WML,middle_2023,3,12,1,2023-01,2023-12,-0.00332534324346,0.0104259975481,-0.318947249713,12,-0.0237599229406,0.0171092364536
rf_on_common,unknown_return_zero_scenario,value,common_highDS_WML,middle_2023,6,12,1,2023-01,2023-12,-0.00332534324346,0.00840635673299,-0.395574842835,12,-0.0198014996813,0.0131508131944
rf_on_common,unknown_return_zero_scenario,value,common_highDS_minus_unconditional,full,3,34,1,2021-03,2023-12,-0.0071415269607,0.0102792558436,-0.694751358404,34,-0.027288498202,0.0130054442806
rf_on_common,unknown_return_zero_scenario,value,common_highDS_minus_unconditional,full,6,34,1,2021-03,2023-12,-0.0071415269607,0.0085528994324,-0.834983155963,34,-0.0239049018116,0.00962184789019
rf_on_common,unknown_return_zero_scenario,value,common_highDS_minus_unconditional,early_2021_2022,3,22,1,2021-03,2022-12,-0.00542763364638,0.0147158408481,-0.368829324972,22,-0.0342701517108,0.023414884418
rf_on_common,unknown_return_zero_scenario,value,common_highDS_minus_unconditional,early_2021_2022,6,22,1,2021-03,2022-12,-0.00542763364638,0.0129746904541,-0.418324711913,22,-0.030857559647,0.0200022923543
rf_on_common,unknown_return_zero_scenario,value,common_highDS_minus_unconditional,middle_2023,3,12,1,2023-01,2023-12,-0.0102836647036,0.00844001259062,-1.21844186762,12,-0.0268257854103,0.00625845600305
rf_on_common,unknown_return_zero_scenario,value,common_highDS_minus_unconditional,middle_2023,6,12,1,2023-01,2023-12,-0.0102836647036,0.00679736221454,-1.51289049767,12,-0.023606249834,0.00303892042675
rf_on_common,unknown_return_zero_scenario,value,common_lowDS_WML,full,3,34,1,2021-03,2023-12,0.00554403313174,0.012904011822,0.429636395891,34,-0.0197473652955,0.0308354315589
rf_on_common,unknown_return_zero_scenario,value,common_lowDS_WML,full,6,34,1,2021-03,2023-12,0.00554403313174,0.0107415598322,0.51612924178,34,-0.0155090372772,0.0265971035407
rf_on_common,unknown_return_zero_scenario,value,common_lowDS_WML,early_2021_2022,3,22,1,2021-03,2022-12,0.00628389274369,0.0190517237948,0.329833290224,22,-0.0310567997376,0.043624585225
rf_on_common,unknown_return_zero_scenario,value,common_lowDS_WML,early_2021_2022,6,22,1,2021-03,2022-12,0.00628389274369,0.0162481376839,0.386745414518,22,-0.0255618719326,0.0381296574199
rf_on_common,unknown_return_zero_scenario,value,common_lowDS_WML,middle_2023,3,12,1,2023-01,2023-12,0.00418762384316,0.0100445295983,0.416905919004,12,-0.0154992924112,0.0238745400975
rf_on_common,unknown_return_zero_scenario,value,common_lowDS_WML,middle_2023,6,12,1,2023-01,2023-12,0.00418762384316,0.00759814682802,0.551137525761,12,-0.010704470289,0.0190797179753
rf_on_common,unknown_return_zero_scenario,value,common_lowDS_minus_highDS,full,3,34,1,2021-03,2023-12,0.0172011762703,0.0115692033758,1.4868073204,34,-0.00547404567608,0.0398763982166
rf_on_common,unknown_return_zero_scenario,value,common_lowDS_minus_highDS,full,6,34,1,2021-03,2023-12,0.0172011762703,0.0101301187347,1.69802316446,34,-0.00265349160886,0.0370558441494
rf_on_common,unknown_return_zero_scenario,value,common_lowDS_minus_highDS,early_2021_2022,3,22,1,2021-03,2022-12,0.0224856540068,0.0171312422002,1.31255245498,22,-0.0110909637161,0.0560622717297
rf_on_common,unknown_return_zero_scenario,value,common_lowDS_minus_highDS,early_2021_2022,6,22,1,2021-03,2022-12,0.0224856540068,0.0138918475781,1.61862228046,22,-0.00474186692507,0.0497131749386
rf_on_common,unknown_return_zero_scenario,value,common_lowDS_minus_highDS,middle_2023,3,12,1,2023-01,2023-12,0.00751296708662,0.00642716155235,1.16894013406,12,-0.00508403807881,0.0201099722521
rf_on_common,unknown_return_zero_scenario,value,common_lowDS_minus_highDS,middle_2023,6,12,1,2023-01,2023-12,0.00751296708662,0.00720816529516,1.04228562734,12,-0.0066147772865,0.0216407114597
rf_on_common,unknown_return_zero_scenario,value,common_lowDS_minus_unconditional,full,3,34,1,2021-03,2023-12,0.0100596493096,0.00822673945266,1.22279906486,34,-0.00606446372786,0.026183762347
rf_on_common,unknown_return_zero_scenario,value,common_lowDS_minus_unconditional,full,6,34,1,2021-03,2023-12,0.0100596493096,0.00705981527772,1.42491678802,34,-0.00377733437229,0.0238966329914
rf_on_common,unknown_return_zero_scenario,value,common_lowDS_minus_unconditional,early_2021_2022,3,22,1,2021-03,2022-12,0.0170580203604,0.0102563440355,1.66316772345,22,-0.00304404456219,0.037160085283
rf_on_common,unknown_return_zero_scenario,value,common_lowDS_minus_unconditional,early_2021_2022,6,22,1,2021-03,2022-12,0.0170580203604,0.00839714107547,2.03140809558,22,0.000599926279385,0.0335161144414
rf_on_common,unknown_return_zero_scenario,value,common_lowDS_minus_unconditional,middle_2023,3,12,1,2023-01,2023-12,-0.00277069761699,0.010277429526,-0.269590524556,12,-0.0229140893415,0.0173726941075
rf_on_common,unknown_return_zero_scenario,value,common_lowDS_minus_unconditional,middle_2023,6,12,1,2023-01,2023-12,-0.00277069761699,0.00679955438287,-0.407482235008,12,-0.0160975793183,0.0105561840844
rf_on_common,unknown_return_zero_scenario,value,common_unconditional_WML,full,3,34,1,2021-03,2023-12,-0.00451561617782,0.0128771467407,-0.350669000576,34,-0.0297543600132,0.0207231276575
rf_on_common,unknown_return_zero_scenario,value,common_unconditional_WML,full,6,34,1,2021-03,2023-12,-0.00451561617782,0.00985973734437,-0.457985443233,34,-0.0238403462698,0.0148091139142
rf_on_common,unknown_return_zero_scenario,value,common_unconditional_WML,early_2021_2022,3,22,1,2021-03,2022-12,-0.0107741276167,0.016783044477,-0.641965027945,22,-0.0436682903427,0.0221200351092
rf_on_common,unknown_return_zero_scenario,value,common_unconditional_WML,early_2021_2022,6,22,1,2021-03,2022-12,-0.0107741276167,0.0141528747396,-0.761267785872,22,-0.038513252384,0.0169649971505
rf_on_common,unknown_return_zero_scenario,value,common_unconditional_WML,middle_2023,3,12,1,2023-01,2023-12,0.00695832146015,0.0150933017516,0.461020496023,12,-0.0226240063808,0.0365406493011
rf_on_common,unknown_return_zero_scenario,value,common_unconditional_WML,middle_2023,6,12,1,2023-01,2023-12,0.00695832146015,0.00939778317831,0.740421579018,12,-0.0114609951039,0.0253776380242
rf_on_common,unknown_return_zero_scenario,value,highDS_WML,full,3,34,1,2021-03,2023-12,-0.0116571431385,0.00750519612371,-1.55320966253,34,-0.0263670572379,0.00305277096085
rf_on_common,unknown_return_zero_scenario,value,highDS_WML,full,6,34,1,2021-03,2023-12,-0.0116571431385,0.00665492454865,-1.75165669472,34,-0.0247005555737,0.00138626929666
rf_on_common,unknown_return_zero_scenario,value,highDS_WML,early_2021_2022,3,22,1,2021-03,2022-12,-0.0162017612631,0.00957884038117,-1.69141155071,22,-0.0349759434239,0.00257242089766
rf_on_common,unknown_return_zero_scenario,value,highDS_WML,early_2021_2022,6,22,1,2021-03,2022-12,-0.0162017612631,0.00776186271501,-2.08735478299,22,-0.0314147326375,-0.000988789888726
rf_on_common,unknown_return_zero_scenario,value,highDS_WML,middle_2023,3,12,1,2023-01,2023-12,-0.00332534324346,0.0104259975481,-0.318947249713,12,-0.0237599229406,0.0171092364536
rf_on_common,unknown_return_zero_scenario,value,highDS_WML,middle_2023,6,12,1,2023-01,2023-12,-0.00332534324346,0.00840635673299,-0.395574842835,12,-0.0198014996813,0.0131508131944
rf_on_common,unknown_return_zero_scenario,value,highDS_minus_unconditional,full,3,34,1,2021-03,2023-12,-0.0071415269607,0.0102792558436,-0.694751358404,34,-0.027288498202,0.0130054442806
rf_on_common,unknown_return_zero_scenario,value,highDS_minus_unconditional,full,6,34,1,2021-03,2023-12,-0.0071415269607,0.0085528994324,-0.834983155963,34,-0.0239049018116,0.00962184789019
rf_on_common,unknown_return_zero_scenario,value,highDS_minus_unconditional,early_2021_2022,3,22,1,2021-03,2022-12,-0.00542763364638,0.0147158408481,-0.368829324972,22,-0.0342701517108,0.023414884418
rf_on_common,unknown_return_zero_scenario,value,highDS_minus_unconditional,early_2021_2022,6,22,1,2021-03,2022-12,-0.00542763364638,0.0129746904541,-0.418324711913,22,-0.030857559647,0.0200022923543
rf_on_common,unknown_return_zero_scenario,value,highDS_minus_unconditional,middle_2023,3,12,1,2023-01,2023-12,-0.0102836647036,0.00844001259062,-1.21844186762,12,-0.0268257854103,0.00625845600305
rf_on_common,unknown_return_zero_scenario,value,highDS_minus_unconditional,middle_2023,6,12,1,2023-01,2023-12,-0.0102836647036,0.00679736221454,-1.51289049767,12,-0.023606249834,0.00303892042675
rf_on_common,unknown_return_zero_scenario,value,lowDS_WML,full,3,34,1,2021-03,2023-12,0.00554403313174,0.012904011822,0.429636395891,34,-0.0197473652955,0.0308354315589
rf_on_common,unknown_return_zero_scenario,value,lowDS_WML,full,6,34,1,2021-03,2023-12,0.00554403313174,0.0107415598322,0.51612924178,34,-0.0155090372772,0.0265971035407
rf_on_common,unknown_return_zero_scenario,value,lowDS_WML,early_2021_2022,3,22,1,2021-03,2022-12,0.00628389274369,0.0190517237948,0.329833290224,22,-0.0310567997376,0.043624585225
rf_on_common,unknown_return_zero_scenario,value,lowDS_WML,early_2021_2022,6,22,1,2021-03,2022-12,0.00628389274369,0.0162481376839,0.386745414518,22,-0.0255618719326,0.0381296574199
rf_on_common,unknown_return_zero_scenario,value,lowDS_WML,middle_2023,3,12,1,2023-01,2023-12,0.00418762384316,0.0100445295983,0.416905919004,12,-0.0154992924112,0.0238745400975
rf_on_common,unknown_return_zero_scenario,value,lowDS_WML,middle_2023,6,12,1,2023-01,2023-12,0.00418762384316,0.00759814682802,0.551137525761,12,-0.010704470289,0.0190797179753
rf_on_common,unknown_return_zero_scenario,value,lowDS_minus_highDS,full,3,34,1,2021-03,2023-12,0.0172011762703,0.0115692033758,1.4868073204,34,-0.00547404567608,0.0398763982166
rf_on_common,unknown_return_zero_scenario,value,lowDS_minus_highDS,full,6,34,1,2021-03,2023-12,0.0172011762703,0.0101301187347,1.69802316446,34,-0.00265349160886,0.0370558441494
rf_on_common,unknown_return_zero_scenario,value,lowDS_minus_highDS,early_2021_2022,3,22,1,2021-03,2022-12,0.0224856540068,0.0171312422002,1.31255245498,22,-0.0110909637161,0.0560622717297
rf_on_common,unknown_return_zero_scenario,value,lowDS_minus_highDS,early_2021_2022,6,22,1,2021-03,2022-12,0.0224856540068,0.0138918475781,1.61862228046,22,-0.00474186692507,0.0497131749386
rf_on_common,unknown_return_zero_scenario,value,lowDS_minus_highDS,middle_2023,3,12,1,2023-01,2023-12,0.00751296708662,0.00642716155235,1.16894013406,12,-0.00508403807881,0.0201099722521
rf_on_common,unknown_return_zero_scenario,value,lowDS_minus_highDS,middle_2023,6,12,1,2023-01,2023-12,0.00751296708662,0.00720816529516,1.04228562734,12,-0.0066147772865,0.0216407114597
rf_on_common,unknown_return_zero_scenario,value,lowDS_minus_unconditional,full,3,34,1,2021-03,2023-12,0.0100596493096,0.00822673945266,1.22279906486,34,-0.00606446372786,0.026183762347
rf_on_common,unknown_return_zero_scenario,value,lowDS_minus_unconditional,full,6,34,1,2021-03,2023-12,0.0100596493096,0.00705981527772,1.42491678802,34,-0.00377733437229,0.0238966329914
rf_on_common,unknown_return_zero_scenario,value,lowDS_minus_unconditional,early_2021_2022,3,22,1,2021-03,2022-12,0.0170580203604,0.0102563440355,1.66316772345,22,-0.00304404456219,0.037160085283
rf_on_common,unknown_return_zero_scenario,value,lowDS_minus_unconditional,early_2021_2022,6,22,1,2021-03,2022-12,0.0170580203604,0.00839714107547,2.03140809558,22,0.000599926279385,0.0335161144414
rf_on_common,unknown_return_zero_scenario,value,lowDS_minus_unconditional,middle_2023,3,12,1,2023-01,2023-12,-0.00277069761699,0.010277429526,-0.269590524556,12,-0.0229140893415,0.0173726941075
rf_on_common,unknown_return_zero_scenario,value,lowDS_minus_unconditional,middle_2023,6,12,1,2023-01,2023-12,-0.00277069761699,0.00679955438287,-0.407482235008,12,-0.0160975793183,0.0105561840844
rf_on_common,unknown_return_zero_scenario,value,unconditional_WML,full,3,34,1,2021-03,2023-12,-0.00451561617782,0.0128771467407,-0.350669000576,34,-0.0297543600132,0.0207231276575
rf_on_common,unknown_return_zero_scenario,value,unconditional_WML,full,6,34,1,2021-03,2023-12,-0.00451561617782,0.00985973734437,-0.457985443233,34,-0.0238403462698,0.0148091139142
rf_on_common,unknown_return_zero_scenario,value,unconditional_WML,early_2021_2022,3,22,1,2021-03,2022-12,-0.0107741276167,0.016783044477,-0.641965027945,22,-0.0436682903427,0.0221200351092
rf_on_common,unknown_return_zero_scenario,value,unconditional_WML,early_2021_2022,6,22,1,2021-03,2022-12,-0.0107741276167,0.0141528747396,-0.761267785872,22,-0.038513252384,0.0169649971505
rf_on_common,unknown_return_zero_scenario,value,unconditional_WML,middle_2023,3,12,1,2023-01,2023-12,0.00695832146015,0.0150933017516,0.461020496023,12,-0.0226240063808,0.0365406493011
rf_on_common,unknown_return_zero_scenario,value,unconditional_WML,middle_2023,6,12,1,2023-01,2023-12,0.00695832146015,0.00939778317831,0.740421579018,12,-0.0114609951039,0.0253776380242
rf_proxy_matched,complete,equal,WML_DS1,full,3,34,1,2021-03,2023-12,0.00331737645636,0.0129836253322,0.255504635375,34,-0.0221300615836,0.0287648144963
rf_proxy_matched,complete,equal,WML_DS1,full,6,34,1,2021-03,2023-12,0.00331737645636,0.0116387929672,0.285027533845,34,-0.0194942385828,0.0261289914955
rf_proxy_matched,complete,equal,WML_DS1,early_2021_2022,3,22,1,2021-03,2022-12,0.00715916268085,0.0187256205434,0.382319115367,22,-0.0295423791724,0.0438607045341
rf_proxy_matched,complete,equal,WML_DS1,early_2021_2022,6,22,1,2021-03,2022-12,0.00715916268085,0.0166217629052,0.430710191313,22,-0.0254188939729,0.0397372193346
rf_proxy_matched,complete,equal,WML_DS1,middle_2023,3,12,1,2023-01,2023-12,-0.00372589828855,0.00872352897012,-0.427109063466,12,-0.0208237008881,0.013371904311
rf_proxy_matched,complete,equal,WML_DS1,middle_2023,6,12,1,2023-01,2023-12,-0.00372589828855,0.00635440814204,-0.586348595379,12,-0.01618030939,0.00872851281291
rf_proxy_matched,complete,equal,WML_DS2,full,3,34,0.970588235294,2021-03,2023-12,-0.0017508654165,0.0138521654126,-0.126396513783,33,-0.028900610733,0.0253988799
rf_proxy_matched,complete,equal,WML_DS2,full,6,34,0.970588235294,2021-03,2023-12,-0.0017508654165,0.0117636798705,-0.148836540587,33,-0.0248072542884,0.0213055234554
rf_proxy_matched,complete,equal,WML_DS2,early_2021_2022,3,22,1,2021-03,2022-12,-0.0027108391647,0.0185972666664,-0.145765461846,22,-0.0391608120417,0.0337391337123
rf_proxy_matched,complete,equal,WML_DS2,early_2021_2022,6,22,1,2021-03,2022-12,-0.0027108391647,0.0168824383382,-0.160571542475,22,-0.0357998102788,0.0303781319494
rf_proxy_matched,complete,equal,WML_DS2,middle_2023,3,12,0.916666666667,2023-01,2023-12,0.000169082079896,0.0140829619083,0.0120061448008,11,-0.0274330160561,0.0277711802159
rf_proxy_matched,complete,equal,WML_DS2,middle_2023,6,12,0.916666666667,2023-01,2023-12,0.000169082079896,0.0088949584039,0.0190087544222,11,-0.0172647160357,0.0176028801955
rf_proxy_matched,complete,equal,WML_DS3,full,3,34,0.911764705882,2021-03,2023-12,0.00356265171244,0.0176474040613,0.201879647571,31,-0.0310256246683,0.0381509280932
rf_proxy_matched,complete,equal,WML_DS3,full,6,34,0.911764705882,2021-03,2023-12,0.00356265171244,0.01534141304,0.232224483048,31,-0.0265059653179,0.0336312687428
rf_proxy_matched,complete,equal,WML_DS3,early_2021_2022,3,22,0.954545454545,2021-03,2022-12,-0.00558015852245,0.0213811836353,-0.260984546863,21,-0.0474865083945,0.0363261913496
rf_proxy_matched,complete,equal,WML_DS3,early_2021_2022,6,22,0.954545454545,2021-03,2022-12,-0.00558015852245,0.0183566482194,-0.303985698029,21,-0.0415585279094,0.0303982108645
rf_proxy_matched,complete,equal,WML_DS3,middle_2023,3,12,0.833333333333,2023-01,2023-12,0.0227625532057,0.0248410832369,0.916326916528,10,-0.0259250752756,0.071450181687
rf_proxy_matched,complete,equal,WML_DS3,middle_2023,6,12,0.833333333333,2023-01,2023-12,0.0227625532057,0.0201346618754,1.13051579145,10,-0.0167006589109,0.0622257653223
rf_proxy_matched,complete,equal,WML_DS4,full,3,34,0.735294117647,2021-03,2023-12,-0.0227269891095,0.0150927498728,-1.50582162304,25,-0.0523082352878,0.00685425706876
rf_proxy_matched,complete,equal,WML_DS4,full,6,34,0.735294117647,2021-03,2023-12,-0.0227269891095,0.0118379770079,-1.9198372403,25,-0.0459289976948,0.000475019475704
rf_proxy_matched,complete,equal,WML_DS4,early_2021_2022,3,22,0.818181818182,2021-03,2022-12,-0.0270881541819,0.0129093495133,-2.09833610547,18,-0.0523900142919,-0.00178629407194
rf_proxy_matched,complete,equal,WML_DS4,early_2021_2022,6,22,0.818181818182,2021-03,2022-12,-0.0270881541819,0.0124525189502,-2.17531523463,18,-0.0514946428411,-0.00268166552272
rf_proxy_matched,complete,equal,WML_DS4,middle_2023,3,12,0.583333333333,2023-01,2023-12,-0.0115125646377,0.0374622191911,-0.307311336228,7,-0.0849371650332,0.0619120357578
rf_proxy_matched,complete,equal,WML_DS4,middle_2023,6,12,0.583333333333,2023-01,2023-12,-0.0115125646377,0.0227442632034,-0.506174437691,7,-0.0560905013714,0.033065372096
rf_proxy_matched,complete,equal,WML_DS5,full,3,34,0.735294117647,2021-04,2023-12,-0.0100108314355,0.00541927026933,-1.84726557968,25,-0.0206324059859,0.000610743114857
rf_proxy_matched,complete,equal,WML_DS5,full,6,34,0.735294117647,2021-04,2023-12,-0.0100108314355,0.0043109051646,-2.32221100982,25,-0.0184600502989,-0.00156161257212
rf_proxy_matched,complete,equal,WML_DS5,early_2021_2022,3,22,0.772727272727,2021-04,2022-12,-0.0125538982807,0.00677127311233,-1.85399378706,17,-0.0258253497104,0.000717553148915
rf_proxy_matched,complete,equal,WML_DS5,early_2021_2022,6,22,0.772727272727,2021-04,2022-12,-0.0125538982807,0.00499469461266,-2.51344661772,17,-0.0223433198353,-0.00276447672614
rf_proxy_matched,complete,equal,WML_DS5,middle_2023,3,12,0.666666666667,2023-01,2023-12,-0.00460681438941,0.0085642097638,-0.537914707424,8,-0.0213923570825,0.0121787283037
rf_proxy_matched,complete,equal,WML_DS5,middle_2023,6,12,0.666666666667,2023-01,2023-12,-0.00460681438941,0.00738531787967,-0.623780108653,8,-0.0190817714479,0.00986814266911
rf_proxy_matched,complete,equal,common_highDS_WML,full,3,34,0.617647058824,2021-06,2023-12,-0.00694533245695,0.00590080234676,-1.17701492929,21,-0.0185106925365,0.00462002762259
rf_proxy_matched,complete,equal,common_highDS_WML,full,6,34,0.617647058824,2021-06,2023-12,-0.00694533245695,0.00469716648332,-1.47862173538,21,-0.0161516095936,0.00226094467975
rf_proxy_matched,complete,equal,common_highDS_WML,early_2021_2022,3,22,0.681818181818,2021-06,2022-12,-0.00594530478699,0.00737989871928,-0.805607910507,15,-0.0204096404863,0.00851903091235
rf_proxy_matched,complete,equal,common_highDS_WML,early_2021_2022,6,22,0.681818181818,2021-06,2022-12,-0.00594530478699,0.00618817553475,-0.96075244692,15,-0.0180739059651,0.00618329639114
rf_proxy_matched,complete,equal,common_highDS_WML,middle_2023,3,12,0.5,2023-01,2023-12,-0.00944540163186,0.00974398917745,-0.969356744948,6,-0.0285432694854,0.00965246622168
rf_proxy_matched,complete,equal,common_highDS_WML,middle_2023,6,12,0.5,2023-01,2023-12,-0.00944540163186,0.00826258562778,-1.14315325219,6,-0.0256397718815,0.00674896861777
rf_proxy_matched,complete,equal,common_highDS_minus_unconditional,full,3,34,0.617647058824,2021-06,2023-12,0.00470377776567,0.0159786421813,0.294379066274,21,-0.0266137854316,0.0360213409629
rf_proxy_matched,complete,equal,common_highDS_minus_unconditional,full,6,34,0.617647058824,2021-06,2023-12,0.00470377776567,0.0162565629415,0.28934638783,21,-0.0271585001122,0.0365660556435
rf_proxy_matched,complete,equal,common_highDS_minus_unconditional,early_2021_2022,3,22,0.681818181818,2021-06,2022-12,0.00881561973979,0.0177063705206,0.497878417802,15,-0.0258882287775,0.0435194682571
rf_proxy_matched,complete,equal,common_highDS_minus_unconditional,early_2021_2022,6,22,0.681818181818,2021-06,2022-12,0.00881561973979,0.0182002466831,0.484368145844,15,-0.0268562082688,0.0444874477484
rf_proxy_matched,complete,equal,common_highDS_minus_unconditional,middle_2023,3,12,0.5,2023-01,2023-12,-0.00557582716964,0.0281985706422,-0.197734390172,6,-0.0608440100438,0.0496923557045
rf_proxy_matched,complete,equal,common_highDS_minus_unconditional,middle_2023,6,12,0.5,2023-01,2023-12,-0.00557582716964,0.0239725880097,-0.232591790565,6,-0.0525612362848,0.0414095819455
rf_proxy_matched,complete,equal,common_lowDS_WML,full,3,34,0.617647058824,2021-06,2023-12,-0.00416948228473,0.021212112513,-0.196561388319,21,-0.0457444588462,0.0374054942767
rf_proxy_matched,complete,equal,common_lowDS_WML,full,6,34,0.617647058824,2021-06,2023-12,-0.00416948228473,0.0231530314874,-0.180083644209,21,-0.0495485901329,0.0412096255635
rf_proxy_matched,complete,equal,common_lowDS_WML,early_2021_2022,3,22,0.681818181818,2021-06,2022-12,0.00345377858336,0.0282328441902,0.122331939357,15,-0.0518815792106,0.0587891363773
rf_proxy_matched,complete,equal,common_lowDS_WML,early_2021_2022,6,22,0.681818181818,2021-06,2022-12,0.00345377858336,0.0300594854848,0.114898127086,15,-0.0554617303606,0.0623692875273
rf_proxy_matched,complete,equal,common_lowDS_WML,middle_2023,3,12,0.5,2023-01,2023-12,-0.023227634455,0.0121299323045,-1.91490223292,6,-0.0470018649066,0.000546595996672
rf_proxy_matched,complete,equal,common_lowDS_WML,middle_2023,6,12,0.5,2023-01,2023-12,-0.023227634455,0.0108400640838,-2.14275803863,6,-0.0444737696494,-0.00198149926053
rf_proxy_matched,complete,equal,common_lowDS_minus_highDS,full,3,34,0.617647058824,2021-06,2023-12,0.00277585017222,0.0236505241615,0.117369499013,21,-0.0435783253998,0.0491300257442
rf_proxy_matched,complete,equal,common_lowDS_minus_highDS,full,6,34,0.617647058824,2021-06,2023-12,0.00277585017222,0.0258561614519,0.107357396316,21,-0.047901295052,0.0534529953965
rf_proxy_matched,complete,equal,common_lowDS_minus_highDS,early_2021_2022,3,22,0.681818181818,2021-06,2022-12,0.00939908337035,0.0320538730786,0.293227696612,15,-0.0534253534288,0.0722235201695
rf_proxy_matched,complete,equal,common_lowDS_minus_highDS,early_2021_2022,6,22,0.681818181818,2021-06,2022-12,0.00939908337035,0.0345569290129,0.271988386666,15,-0.0583312529112,0.0771294196519
rf_proxy_matched,complete,equal,common_lowDS_minus_highDS,middle_2023,3,12,0.5,2023-01,2023-12,-0.0137822328231,0.0112484636421,-1.22525468914,6,-0.0358288164431,0.00826435079689
rf_proxy_matched,complete,equal,common_lowDS_minus_highDS,middle_2023,6,12,0.5,2023-01,2023-12,-0.0137822328231,0.00874387759867,-1.57621520516,6,-0.0309199180017,0.00335545235551
rf_proxy_matched,complete,equal,common_lowDS_minus_unconditional,full,3,34,0.617647058824,2021-06,2023-12,0.00747962793789,0.0151503080603,0.493694775587,21,-0.0222144302149,0.0371736860907
rf_proxy_matched,complete,equal,common_lowDS_minus_unconditional,full,6,34,0.617647058824,2021-06,2023-12,0.00747962793789,0.0161963275812,0.461810117162,21,-0.0242645908031,0.0392238466789
rf_proxy_matched,complete,equal,common_lowDS_minus_unconditional,early_2021_2022,3,22,0.681818181818,2021-06,2022-12,0.0182147031101,0.0165911123146,1.09785906844,15,-0.01430327949,0.0507326857103
rf_proxy_matched,complete,equal,common_lowDS_minus_unconditional,early_2021_2022,6,22,0.681818181818,2021-06,2022-12,0.0182147031101,0.0174442331267,1.04416760415,15,-0.0159753655561,0.0524047717764
rf_proxy_matched,complete,equal,common_lowDS_minus_unconditional,middle_2023,3,12,0.5,2023-01,2023-12,-0.0193580599928,0.0221594149469,-0.873581727638,6,-0.0627897152071,0.0240735952216
rf_proxy_matched,complete,equal,common_lowDS_minus_unconditional,middle_2023,6,12,0.5,2023-01,2023-12,-0.0193580599928,0.0189828048502,-1.019768161,6,-0.0565636738247,0.0178475538392
rf_proxy_matched,complete,equal,common_unconditional_WML,full,3,34,0.617647058824,2021-06,2023-12,-0.0116491102226,0.0156207818028,-0.745744378845,21,-0.0422652799665,0.0189670595213
rf_proxy_matched,complete,equal,common_unconditional_WML,full,6,34,0.617647058824,2021-06,2023-12,-0.0116491102226,0.0150889242879,-0.772030530497,21,-0.0412228583923,0.0179246379471
rf_proxy_matched,complete,equal,common_unconditional_WML,early_2021_2022,3,22,0.681818181818,2021-06,2022-12,-0.0147609245268,0.0168430108092,-0.876382773481,15,-0.0477726191041,0.0182507700506
rf_proxy_matched,complete,equal,common_unconditional_WML,early_2021_2022,6,22,0.681818181818,2021-06,2022-12,-0.0147609245268,0.0151849349107,-0.972076904746,15,-0.0445228500594,0.0150010010058
rf_proxy_matched,complete,equal,common_unconditional_WML,middle_2023,3,12,0.5,2023-01,2023-12,-0.00386957446222,0.0272165593685,-0.142177209463,6,-0.0572130506076,0.0494739016832
rf_proxy_matched,complete,equal,common_unconditional_WML,middle_2023,6,12,0.5,2023-01,2023-12,-0.00386957446222,0.0252929222807,-0.152990406536,6,-0.0534427911962,0.0457036422717
rf_proxy_matched,complete,equal,highDS_WML,full,3,34,0.735294117647,2021-04,2023-12,-0.0100108314355,0.00541927026933,-1.84726557968,25,-0.0206324059859,0.000610743114857
rf_proxy_matched,complete,equal,highDS_WML,full,6,34,0.735294117647,2021-04,2023-12,-0.0100108314355,0.0043109051646,-2.32221100982,25,-0.0184600502989,-0.00156161257212
rf_proxy_matched,complete,equal,highDS_WML,early_2021_2022,3,22,0.772727272727,2021-04,2022-12,-0.0125538982807,0.00677127311233,-1.85399378706,17,-0.0258253497104,0.000717553148915
rf_proxy_matched,complete,equal,highDS_WML,early_2021_2022,6,22,0.772727272727,2021-04,2022-12,-0.0125538982807,0.00499469461266,-2.51344661772,17,-0.0223433198353,-0.00276447672614
rf_proxy_matched,complete,equal,highDS_WML,middle_2023,3,12,0.666666666667,2023-01,2023-12,-0.00460681438941,0.0085642097638,-0.537914707424,8,-0.0213923570825,0.0121787283037
rf_proxy_matched,complete,equal,highDS_WML,middle_2023,6,12,0.666666666667,2023-01,2023-12,-0.00460681438941,0.00738531787967,-0.623780108653,8,-0.0190817714479,0.00986814266911
rf_proxy_matched,complete,equal,highDS_minus_unconditional,full,3,34,0.617647058824,2021-06,2023-12,0.00470377776567,0.0159786421813,0.294379066274,21,-0.0266137854316,0.0360213409629
rf_proxy_matched,complete,equal,highDS_minus_unconditional,full,6,34,0.617647058824,2021-06,2023-12,0.00470377776567,0.0162565629415,0.28934638783,21,-0.0271585001122,0.0365660556435
rf_proxy_matched,complete,equal,highDS_minus_unconditional,early_2021_2022,3,22,0.681818181818,2021-06,2022-12,0.00881561973979,0.0177063705206,0.497878417802,15,-0.0258882287775,0.0435194682571
rf_proxy_matched,complete,equal,highDS_minus_unconditional,early_2021_2022,6,22,0.681818181818,2021-06,2022-12,0.00881561973979,0.0182002466831,0.484368145844,15,-0.0268562082688,0.0444874477484
rf_proxy_matched,complete,equal,highDS_minus_unconditional,middle_2023,3,12,0.5,2023-01,2023-12,-0.00557582716964,0.0281985706422,-0.197734390172,6,-0.0608440100438,0.0496923557045
rf_proxy_matched,complete,equal,highDS_minus_unconditional,middle_2023,6,12,0.5,2023-01,2023-12,-0.00557582716964,0.0239725880097,-0.232591790565,6,-0.0525612362848,0.0414095819455
rf_proxy_matched,complete,equal,lowDS_WML,full,3,34,1,2021-03,2023-12,0.00331737645636,0.0129836253322,0.255504635375,34,-0.0221300615836,0.0287648144963
rf_proxy_matched,complete,equal,lowDS_WML,full,6,34,1,2021-03,2023-12,0.00331737645636,0.0116387929672,0.285027533845,34,-0.0194942385828,0.0261289914955
rf_proxy_matched,complete,equal,lowDS_WML,early_2021_2022,3,22,1,2021-03,2022-12,0.00715916268085,0.0187256205434,0.382319115367,22,-0.0295423791724,0.0438607045341
rf_proxy_matched,complete,equal,lowDS_WML,early_2021_2022,6,22,1,2021-03,2022-12,0.00715916268085,0.0166217629052,0.430710191313,22,-0.0254188939729,0.0397372193346
rf_proxy_matched,complete,equal,lowDS_WML,middle_2023,3,12,1,2023-01,2023-12,-0.00372589828855,0.00872352897012,-0.427109063466,12,-0.0208237008881,0.013371904311
rf_proxy_matched,complete,equal,lowDS_WML,middle_2023,6,12,1,2023-01,2023-12,-0.00372589828855,0.00635440814204,-0.586348595379,12,-0.01618030939,0.00872851281291
rf_proxy_matched,complete,equal,lowDS_minus_highDS,full,3,34,0.735294117647,2021-04,2023-12,0.00469987118125,0.019980375187,0.235224370777,25,-0.0344609445829,0.0438606869454
rf_proxy_matched,complete,equal,lowDS_minus_highDS,full,6,34,0.735294117647,2021-04,2023-12,0.00469987118125,0.0209443532425,0.22439800966,25,-0.0363503068536,0.0457500492161
rf_proxy_matched,complete,equal,lowDS_minus_highDS,early_2021_2022,3,22,0.772727272727,2021-04,2022-12,0.0124180126032,0.0280294812154,0.443033979394,17,-0.0425187610844,0.0673547862908
rf_proxy_matched,complete,equal,lowDS_minus_highDS,early_2021_2022,6,22,0.772727272727,2021-04,2022-12,0.0124180126032,0.0288372212714,0.430624451861,17,-0.044101902503,0.0689379277094
rf_proxy_matched,complete,equal,lowDS_minus_highDS,middle_2023,3,12,0.666666666667,2023-01,2023-12,-0.0117011793404,0.010296804101,-1.13638942973,8,-0.0318825445343,0.00848018585343
rf_proxy_matched,complete,equal,lowDS_minus_highDS,middle_2023,6,12,0.666666666667,2023-01,2023-12,-0.0117011793404,0.00687179228829,-1.70278420091,8,-0.0251696447347,0.00176728605385
rf_proxy_matched,complete,equal,lowDS_minus_unconditional,full,3,34,0.617647058824,2021-06,2023-12,0.00747962793789,0.0151503080603,0.493694775587,21,-0.0222144302149,0.0371736860907
rf_proxy_matched,complete,equal,lowDS_minus_unconditional,full,6,34,0.617647058824,2021-06,2023-12,0.00747962793789,0.0161963275812,0.461810117162,21,-0.0242645908031,0.0392238466789
rf_proxy_matched,complete,equal,lowDS_minus_unconditional,early_2021_2022,3,22,0.681818181818,2021-06,2022-12,0.0182147031101,0.0165911123146,1.09785906844,15,-0.01430327949,0.0507326857103
rf_proxy_matched,complete,equal,lowDS_minus_unconditional,early_2021_2022,6,22,0.681818181818,2021-06,2022-12,0.0182147031101,0.0174442331267,1.04416760415,15,-0.0159753655561,0.0524047717764
rf_proxy_matched,complete,equal,lowDS_minus_unconditional,middle_2023,3,12,0.5,2023-01,2023-12,-0.0193580599928,0.0221594149469,-0.873581727638,6,-0.0627897152071,0.0240735952216
rf_proxy_matched,complete,equal,lowDS_minus_unconditional,middle_2023,6,12,0.5,2023-01,2023-12,-0.0193580599928,0.0189828048502,-1.019768161,6,-0.0565636738247,0.0178475538392
rf_proxy_matched,complete,equal,unconditional_WML,full,3,34,0.617647058824,2021-06,2023-12,-0.0116491102226,0.0156207818028,-0.745744378845,21,-0.0422652799665,0.0189670595213
rf_proxy_matched,complete,equal,unconditional_WML,full,6,34,0.617647058824,2021-06,2023-12,-0.0116491102226,0.0150889242879,-0.772030530497,21,-0.0412228583923,0.0179246379471
rf_proxy_matched,complete,equal,unconditional_WML,early_2021_2022,3,22,0.681818181818,2021-06,2022-12,-0.0147609245268,0.0168430108092,-0.876382773481,15,-0.0477726191041,0.0182507700506
rf_proxy_matched,complete,equal,unconditional_WML,early_2021_2022,6,22,0.681818181818,2021-06,2022-12,-0.0147609245268,0.0151849349107,-0.972076904746,15,-0.0445228500594,0.0150010010058
rf_proxy_matched,complete,equal,unconditional_WML,middle_2023,3,12,0.5,2023-01,2023-12,-0.00386957446222,0.0272165593685,-0.142177209463,6,-0.0572130506076,0.0494739016832
rf_proxy_matched,complete,equal,unconditional_WML,middle_2023,6,12,0.5,2023-01,2023-12,-0.00386957446222,0.0252929222807,-0.152990406536,6,-0.0534427911962,0.0457036422717
rf_proxy_matched,complete,value,WML_DS1,full,3,34,1,2021-03,2023-12,0.00554403313174,0.012904011822,0.429636395891,34,-0.0197473652955,0.0308354315589
rf_proxy_matched,complete,value,WML_DS1,full,6,34,1,2021-03,2023-12,0.00554403313174,0.0107415598322,0.51612924178,34,-0.0155090372772,0.0265971035407
rf_proxy_matched,complete,value,WML_DS1,early_2021_2022,3,22,1,2021-03,2022-12,0.00628389274369,0.0190517237948,0.329833290224,22,-0.0310567997376,0.043624585225
rf_proxy_matched,complete,value,WML_DS1,early_2021_2022,6,22,1,2021-03,2022-12,0.00628389274369,0.0162481376839,0.386745414518,22,-0.0255618719326,0.0381296574199
rf_proxy_matched,complete,value,WML_DS1,middle_2023,3,12,1,2023-01,2023-12,0.00418762384316,0.0100445295983,0.416905919004,12,-0.0154992924112,0.0238745400975
rf_proxy_matched,complete,value,WML_DS1,middle_2023,6,12,1,2023-01,2023-12,0.00418762384316,0.00759814682802,0.551137525761,12,-0.010704470289,0.0190797179753
rf_proxy_matched,complete,value,WML_DS2,full,3,34,0.970588235294,2021-03,2023-12,-0.0133207060379,0.014377132929,-0.926520336407,33,-0.0414993687796,0.0148579567038
rf_proxy_matched,complete,value,WML_DS2,full,6,34,0.970588235294,2021-03,2023-12,-0.0133207060379,0.0119850358135,-1.11144482547,33,-0.0368109445857,0.0101695325099
rf_proxy_matched,complete,value,WML_DS2,early_2021_2022,3,22,1,2021-03,2022-12,-0.0162287972267,0.0206563130463,-0.785657982156,22,-0.0567144268509,0.0242568323974
rf_proxy_matched,complete,value,WML_DS2,early_2021_2022,6,22,1,2021-03,2022-12,-0.0162287972267,0.0172231783081,-0.942264948804,22,-0.04998560641,0.0175280119565
rf_proxy_matched,complete,value,WML_DS2,middle_2023,3,12,0.916666666667,2023-01,2023-12,-0.00750452366026,0.00963082970266,-0.779218810005,11,-0.0263806030187,0.0113715556982
rf_proxy_matched,complete,value,WML_DS2,middle_2023,6,12,0.916666666667,2023-01,2023-12,-0.00750452366026,0.00762036183214,-0.984798861992,11,-0.0224401584004,0.0074311110799
rf_proxy_matched,complete,value,WML_DS3,full,3,34,0.911764705882,2021-03,2023-12,0.000492235925063,0.0180561901518,0.0272613392374,31,-0.0348972464704,0.0358817183205
rf_proxy_matched,complete,value,WML_DS3,full,6,34,0.911764705882,2021-03,2023-12,0.000492235925063,0.0147554019992,0.0333597095551,31,-0.0284278205708,0.0294122924209
rf_proxy_matched,complete,value,WML_DS3,early_2021_2022,3,22,0.954545454545,2021-03,2022-12,-0.00780720240497,0.0238979139248,-0.326689703107,21,-0.0546462530032,0.0390318481933
rf_proxy_matched,complete,value,WML_DS3,early_2021_2022,6,22,0.954545454545,2021-03,2022-12,-0.00780720240497,0.0203040220482,-0.384515067331,21,-0.0476023543608,0.0319879495508
rf_proxy_matched,complete,value,WML_DS3,middle_2023,3,12,0.833333333333,2023-01,2023-12,0.0179210564181,0.0156207180983,1.1472620084,10,-0.0126949884672,0.0485371013034
rf_proxy_matched,complete,value,WML_DS3,middle_2023,6,12,0.833333333333,2023-01,2023-12,0.0179210564181,0.00902335211401,1.98607526246,10,0.000235611254838,0.0356065015814
rf_proxy_matched,complete,value,WML_DS4,full,3,34,0.735294117647,2021-03,2023-12,-0.0338753507482,0.0148525505882,-2.28077666169,25,-0.0629858149796,-0.00476488651671
rf_proxy_matched,complete,value,WML_DS4,full,6,34,0.735294117647,2021-03,2023-12,-0.0338753507482,0.0118762626328,-2.85235783307,25,-0.0571523977793,-0.010598303717
rf_proxy_matched,complete,value,WML_DS4,early_2021_2022,3,22,0.818181818182,2021-03,2022-12,-0.0355053226858,0.0174804024118,-2.03115019033,18,-0.0697662818481,-0.00124436352346
rf_proxy_matched,complete,value,WML_DS4,early_2021_2022,6,22,0.818181818182,2021-03,2022-12,-0.0355053226858,0.0159937782197,-2.21994591885,18,-0.0668525519731,-0.00415809339846
rf_proxy_matched,complete,value,WML_DS4,middle_2023,3,12,0.583333333333,2023-01,2023-12,-0.0296839943371,0.0264184762473,-1.12360735946,7,-0.0814632563082,0.022095267634
rf_proxy_matched,complete,value,WML_DS4,middle_2023,6,12,0.583333333333,2023-01,2023-12,-0.0296839943371,0.0195026245417,-1.52205126411,7,-0.0679084360428,0.00854044736858
rf_proxy_matched,complete,value,WML_DS5,full,3,34,0.735294117647,2021-04,2023-12,-0.0096346214127,0.00704009895449,-1.36853494177,25,-0.0234329618111,0.0041637189857
rf_proxy_matched,complete,value,WML_DS5,full,6,34,0.735294117647,2021-04,2023-12,-0.0096346214127,0.00525932840918,-1.83191097097,25,-0.0199427156776,0.000673472852156
rf_proxy_matched,complete,value,WML_DS5,early_2021_2022,3,22,0.772727272727,2021-04,2022-12,-0.0139923153126,0.00922799194017,-1.51629036992,17,-0.0320788471649,0.00409421653978
rf_proxy_matched,complete,value,WML_DS5,early_2021_2022,6,22,0.772727272727,2021-04,2022-12,-0.0139923153126,0.00551824950554,-2.53564383026,17,-0.0248078856011,-0.00317674502402
rf_proxy_matched,complete,value,WML_DS5,middle_2023,3,12,0.666666666667,2023-01,2023-12,-0.000374521875476,0.00832395382924,-0.0449932668007,8,-0.0166891715898,0.0159401278388
rf_proxy_matched,complete,value,WML_DS5,middle_2023,6,12,0.666666666667,2023-01,2023-12,-0.000374521875476,0.00718863426997,-0.0520991695238,8,-0.0144639861427,0.0137149423917
rf_proxy_matched,complete,value,common_highDS_WML,full,3,34,0.617647058824,2021-06,2023-12,-0.0030025949216,0.0082981511623,-0.361839024486,21,-0.019266672338,0.0132614824948
rf_proxy_matched,complete,value,common_highDS_WML,full,6,34,0.617647058824,2021-06,2023-12,-0.0030025949216,0.00578836012753,-0.518729805238,21,-0.0143475723011,0.00834238245791
rf_proxy_matched,complete,value,common_highDS_WML,early_2021_2022,3,22,0.681818181818,2021-06,2022-12,-0.00484298898223,0.0106912041918,-0.452988166284,15,-0.0257973641496,0.0161113861852
rf_proxy_matched,complete,value,common_highDS_WML,early_2021_2022,6,22,0.681818181818,2021-06,2022-12,-0.00484298898223,0.00658453981884,-0.735509103973,15,-0.0177484498819,0.00806247191747
rf_proxy_matched,complete,value,common_highDS_WML,middle_2023,3,12,0.5,2023-01,2023-12,0.00159839022995,0.0100715499619,0.158703500057,6,-0.0181414849639,0.0213382654238
rf_proxy_matched,complete,value,common_highDS_WML,middle_2023,6,12,0.5,2023-01,2023-12,0.00159839022995,0.00843976110496,0.189388089316,6,-0.0149432375739,0.0181400180338
rf_proxy_matched,complete,value,common_highDS_minus_unconditional,full,3,34,0.617647058824,2021-06,2023-12,0.00919139882693,0.0134461775255,0.68356964717,21,-0.0171626248529,0.0355454225067
rf_proxy_matched,complete,value,common_highDS_minus_unconditional,full,6,34,0.617647058824,2021-06,2023-12,0.00919139882693,0.0127433765817,0.721268713048,21,-0.0157851603145,0.0341679579684
rf_proxy_matched,complete,value,common_highDS_minus_unconditional,early_2021_2022,3,22,0.681818181818,2021-06,2022-12,0.00949510113096,0.0175998398554,0.539499291412,15,-0.0249999511193,0.0439901533812
rf_proxy_matched,complete,value,common_highDS_minus_unconditional,early_2021_2022,6,22,0.681818181818,2021-06,2022-12,0.00949510113096,0.0168317360829,0.564118940803,15,-0.0234944953888,0.0424846976507
rf_proxy_matched,complete,value,common_highDS_minus_unconditional,middle_2023,3,12,0.5,2023-01,2023-12,0.00843214306685,0.0133647481256,0.630924203553,6,-0.0177622819219,0.0346265680556
rf_proxy_matched,complete,value,common_highDS_minus_unconditional,middle_2023,6,12,0.5,2023-01,2023-12,0.00843214306685,0.0105208777045,0.801467644018,6,-0.0121883983198,0.0290526844535
rf_proxy_matched,complete,value,common_lowDS_WML,full,3,34,0.617647058824,2021-06,2023-12,0.00170825504771,0.0206847463951,0.0825852546164,21,-0.038833102916,0.0422496130114
rf_proxy_matched,complete,value,common_lowDS_WML,full,6,34,0.617647058824,2021-06,2023-12,0.00170825504771,0.0207690549485,0.0822500133949,21,-0.0389983446442,0.0424148547396
rf_proxy_matched,complete,value,common_lowDS_WML,early_2021_2022,3,22,0.681818181818,2021-06,2022-12,0.0064145100569,0.0284825153942,0.225208692706,15,-0.0494101943048,0.0622392144186
rf_proxy_matched,complete,value,common_lowDS_WML,early_2021_2022,6,22,0.681818181818,2021-06,2022-12,0.0064145100569,0.0283807103403,0.226016543631,15,-0.0492106600657,0.0620396801795
rf_proxy_matched,complete,value,common_lowDS_WML,middle_2023,3,12,0.5,2023-01,2023-12,-0.0100573824753,0.00897253952469,-1.12090701273,6,-0.0276432367935,0.007528471843
rf_proxy_matched,complete,value,common_lowDS_WML,middle_2023,6,12,0.5,2023-01,2023-12,-0.0100573824753,0.00683050140085,-1.47242228426,6,-0.0234449192173,0.00333015426676
rf_proxy_matched,complete,value,common_lowDS_minus_highDS,full,3,34,0.617647058824,2021-06,2023-12,0.00471084996932,0.0184264583754,0.255656831787,21,-0.0314043448091,0.0408260447477
rf_proxy_matched,complete,value,common_lowDS_minus_highDS,full,6,34,0.617647058824,2021-06,2023-12,0.00471084996932,0.0194226019494,0.242544741513,21,-0.0333567503375,0.0427784502761
rf_proxy_matched,complete,value,common_lowDS_minus_highDS,early_2021_2022,3,22,0.681818181818,2021-06,2022-12,0.0112574990391,0.0245825630061,0.457946514216,15,-0.0369234391004,0.0594384371787
rf_proxy_matched,complete,value,common_lowDS_minus_highDS,early_2021_2022,6,22,0.681818181818,2021-06,2022-12,0.0112574990391,0.025804134966,0.436267251507,15,-0.0393176761465,0.0618326742247
rf_proxy_matched,complete,value,common_lowDS_minus_highDS,middle_2023,3,12,0.5,2023-01,2023-12,-0.0116557727052,0.0149133405373,-0.781566857948,6,-0.0408853830474,0.017573837637
rf_proxy_matched,complete,value,common_lowDS_minus_highDS,middle_2023,6,12,0.5,2023-01,2023-12,-0.0116557727052,0.0121198391651,-0.961710180014,6,-0.0354102209672,0.0120986755568
rf_proxy_matched,complete,value,common_lowDS_minus_unconditional,full,3,34,0.617647058824,2021-06,2023-12,0.0139022487962,0.0112443877635,1.23637223196,21,-0.00813634624845,0.0359408438409
rf_proxy_matched,complete,value,common_lowDS_minus_unconditional,full,6,34,0.617647058824,2021-06,2023-12,0.0139022487962,0.0116868421179,1.18956418304,21,-0.00900354084778,0.0368080384403
rf_proxy_matched,complete,value,common_lowDS_minus_unconditional,early_2021_2022,3,22,0.681818181818,2021-06,2022-12,0.0207526001701,0.0129934361624,1.59716028237,15,-0.00471406674365,0.0462192670838
rf_proxy_matched,complete,value,common_lowDS_minus_unconditional,early_2021_2022,6,22,0.681818181818,2021-06,2022-12,0.0207526001701,0.0130263464754,1.59312514904,15,-0.00477856977182,0.046283770112
rf_proxy_matched,complete,value,common_lowDS_minus_unconditional,middle_2023,3,12,0.5,2023-01,2023-12,-0.00322362963836,0.0109359976226,-0.294772342644,6,-0.0246577911137,0.018210531837
rf_proxy_matched,complete,value,common_lowDS_minus_unconditional,middle_2023,6,12,0.5,2023-01,2023-12,-0.00322362963836,0.0110858290843,-0.290788322086,6,-0.0249514553824,0.0185041961057
rf_proxy_matched,complete,value,common_unconditional_WML,full,3,34,0.617647058824,2021-06,2023-12,-0.0121939937485,0.0174673362882,-0.698102649844,21,-0.0464293437793,0.0220413562822
rf_proxy_matched,complete,value,common_unconditional_WML,full,6,34,0.617647058824,2021-06,2023-12,-0.0121939937485,0.0156477863322,-0.779279157426,21,-0.0428630913974,0.0184751039003
rf_proxy_matched,complete,value,common_unconditional_WML,early_2021_2022,3,22,0.681818181818,2021-06,2022-12,-0.0143380901132,0.0231015249082,-0.620655570147,15,-0.0596162469212,0.0309400666949
rf_proxy_matched,complete,value,common_unconditional_WML,early_2021_2022,6,22,0.681818181818,2021-06,2022-12,-0.0143380901132,0.0201475888733,-0.711652903152,15,-0.0538266386802,0.0251504584538
rf_proxy_matched,complete,value,common_unconditional_WML,middle_2023,3,12,0.5,2023-01,2023-12,-0.00683375283689,0.0119791631527,-0.570469969377,6,-0.0303124811812,0.0166449755074
rf_proxy_matched,complete,value,common_unconditional_WML,middle_2023,6,12,0.5,2023-01,2023-12,-0.00683375283689,0.0111927953473,-0.610549252879,6,-0.0287712286038,0.0151037229301
rf_proxy_matched,complete,value,highDS_WML,full,3,34,0.735294117647,2021-04,2023-12,-0.0096346214127,0.00704009895449,-1.36853494177,25,-0.0234329618111,0.0041637189857
rf_proxy_matched,complete,value,highDS_WML,full,6,34,0.735294117647,2021-04,2023-12,-0.0096346214127,0.00525932840918,-1.83191097097,25,-0.0199427156776,0.000673472852156
rf_proxy_matched,complete,value,highDS_WML,early_2021_2022,3,22,0.772727272727,2021-04,2022-12,-0.0139923153126,0.00922799194017,-1.51629036992,17,-0.0320788471649,0.00409421653978
rf_proxy_matched,complete,value,highDS_WML,early_2021_2022,6,22,0.772727272727,2021-04,2022-12,-0.0139923153126,0.00551824950554,-2.53564383026,17,-0.0248078856011,-0.00317674502402
rf_proxy_matched,complete,value,highDS_WML,middle_2023,3,12,0.666666666667,2023-01,2023-12,-0.000374521875476,0.00832395382924,-0.0449932668007,8,-0.0166891715898,0.0159401278388
rf_proxy_matched,complete,value,highDS_WML,middle_2023,6,12,0.666666666667,2023-01,2023-12,-0.000374521875476,0.00718863426997,-0.0520991695238,8,-0.0144639861427,0.0137149423917
rf_proxy_matched,complete,value,highDS_minus_unconditional,full,3,34,0.617647058824,2021-06,2023-12,0.00919139882693,0.0134461775255,0.68356964717,21,-0.0171626248529,0.0355454225067
rf_proxy_matched,complete,value,highDS_minus_unconditional,full,6,34,0.617647058824,2021-06,2023-12,0.00919139882693,0.0127433765817,0.721268713048,21,-0.0157851603145,0.0341679579684
rf_proxy_matched,complete,value,highDS_minus_unconditional,early_2021_2022,3,22,0.681818181818,2021-06,2022-12,0.00949510113096,0.0175998398554,0.539499291412,15,-0.0249999511193,0.0439901533812
rf_proxy_matched,complete,value,highDS_minus_unconditional,early_2021_2022,6,22,0.681818181818,2021-06,2022-12,0.00949510113096,0.0168317360829,0.564118940803,15,-0.0234944953888,0.0424846976507
rf_proxy_matched,complete,value,highDS_minus_unconditional,middle_2023,3,12,0.5,2023-01,2023-12,0.00843214306685,0.0133647481256,0.630924203553,6,-0.0177622819219,0.0346265680556
rf_proxy_matched,complete,value,highDS_minus_unconditional,middle_2023,6,12,0.5,2023-01,2023-12,0.00843214306685,0.0105208777045,0.801467644018,6,-0.0121883983198,0.0290526844535
rf_proxy_matched,complete,value,lowDS_WML,full,3,34,1,2021-03,2023-12,0.00554403313174,0.012904011822,0.429636395891,34,-0.0197473652955,0.0308354315589
rf_proxy_matched,complete,value,lowDS_WML,full,6,34,1,2021-03,2023-12,0.00554403313174,0.0107415598322,0.51612924178,34,-0.0155090372772,0.0265971035407
rf_proxy_matched,complete,value,lowDS_WML,early_2021_2022,3,22,1,2021-03,2022-12,0.00628389274369,0.0190517237948,0.329833290224,22,-0.0310567997376,0.043624585225
rf_proxy_matched,complete,value,lowDS_WML,early_2021_2022,6,22,1,2021-03,2022-12,0.00628389274369,0.0162481376839,0.386745414518,22,-0.0255618719326,0.0381296574199
rf_proxy_matched,complete,value,lowDS_WML,middle_2023,3,12,1,2023-01,2023-12,0.00418762384316,0.0100445295983,0.416905919004,12,-0.0154992924112,0.0238745400975
rf_proxy_matched,complete,value,lowDS_WML,middle_2023,6,12,1,2023-01,2023-12,0.00418762384316,0.00759814682802,0.551137525761,12,-0.010704470289,0.0190797179753
rf_proxy_matched,complete,value,lowDS_minus_highDS,full,3,34,0.735294117647,2021-04,2023-12,0.0101381419428,0.0152423214151,0.665131095634,25,-0.0197362590715,0.0400125429572
rf_proxy_matched,complete,value,lowDS_minus_highDS,full,6,34,0.735294117647,2021-04,2023-12,0.0101381419428,0.0151574915631,0.668853543517,25,-0.0195699956169,0.0398462795025
rf_proxy_matched,complete,value,lowDS_minus_highDS,early_2021_2022,3,22,0.772727272727,2021-04,2022-12,0.0178853781953,0.0210198341384,0.850881033481,17,-0.023312739677,0.0590834960677
rf_proxy_matched,complete,value,lowDS_minus_highDS,early_2021_2022,6,22,0.772727272727,2021-04,2022-12,0.0178853781953,0.0201576035488,0.887277009493,17,-0.0216227987749,0.0573935551656
rf_proxy_matched,complete,value,lowDS_minus_highDS,middle_2023,3,12,0.666666666667,2023-01,2023-12,-0.00632473509372,0.0116059321413,-0.544957097519,8,-0.0290719440977,0.0164224739102
rf_proxy_matched,complete,value,lowDS_minus_highDS,middle_2023,6,12,0.666666666667,2023-01,2023-12,-0.00632473509372,0.00965220947438,-0.655262933374,8,-0.0252427180348,0.0125932478473
rf_proxy_matched,complete,value,lowDS_minus_unconditional,full,3,34,0.617647058824,2021-06,2023-12,0.0139022487962,0.0112443877635,1.23637223196,21,-0.00813634624845,0.0359408438409
rf_proxy_matched,complete,value,lowDS_minus_unconditional,full,6,34,0.617647058824,2021-06,2023-12,0.0139022487962,0.0116868421179,1.18956418304,21,-0.00900354084778,0.0368080384403
rf_proxy_matched,complete,value,lowDS_minus_unconditional,early_2021_2022,3,22,0.681818181818,2021-06,2022-12,0.0207526001701,0.0129934361624,1.59716028237,15,-0.00471406674365,0.0462192670838
rf_proxy_matched,complete,value,lowDS_minus_unconditional,early_2021_2022,6,22,0.681818181818,2021-06,2022-12,0.0207526001701,0.0130263464754,1.59312514904,15,-0.00477856977182,0.046283770112
rf_proxy_matched,complete,value,lowDS_minus_unconditional,middle_2023,3,12,0.5,2023-01,2023-12,-0.00322362963836,0.0109359976226,-0.294772342644,6,-0.0246577911137,0.018210531837
rf_proxy_matched,complete,value,lowDS_minus_unconditional,middle_2023,6,12,0.5,2023-01,2023-12,-0.00322362963836,0.0110858290843,-0.290788322086,6,-0.0249514553824,0.0185041961057
rf_proxy_matched,complete,value,unconditional_WML,full,3,34,0.617647058824,2021-06,2023-12,-0.0121939937485,0.0174673362882,-0.698102649844,21,-0.0464293437793,0.0220413562822
rf_proxy_matched,complete,value,unconditional_WML,full,6,34,0.617647058824,2021-06,2023-12,-0.0121939937485,0.0156477863322,-0.779279157426,21,-0.0428630913974,0.0184751039003
rf_proxy_matched,complete,value,unconditional_WML,early_2021_2022,3,22,0.681818181818,2021-06,2022-12,-0.0143380901132,0.0231015249082,-0.620655570147,15,-0.0596162469212,0.0309400666949
rf_proxy_matched,complete,value,unconditional_WML,early_2021_2022,6,22,0.681818181818,2021-06,2022-12,-0.0143380901132,0.0201475888733,-0.711652903152,15,-0.0538266386802,0.0251504584538
rf_proxy_matched,complete,value,unconditional_WML,middle_2023,3,12,0.5,2023-01,2023-12,-0.00683375283689,0.0119791631527,-0.570469969377,6,-0.0303124811812,0.0166449755074
rf_proxy_matched,complete,value,unconditional_WML,middle_2023,6,12,0.5,2023-01,2023-12,-0.00683375283689,0.0111927953473,-0.610549252879,6,-0.0287712286038,0.0151037229301
rf_proxy_matched,observed_only_selected_sample,equal,WML_DS1,full,3,34,1,2021-03,2023-12,0.00331737645636,0.0129836253322,0.255504635375,34,-0.0221300615836,0.0287648144963
rf_proxy_matched,observed_only_selected_sample,equal,WML_DS1,full,6,34,1,2021-03,2023-12,0.00331737645636,0.0116387929672,0.285027533845,34,-0.0194942385828,0.0261289914955
rf_proxy_matched,observed_only_selected_sample,equal,WML_DS1,early_2021_2022,3,22,1,2021-03,2022-12,0.00715916268085,0.0187256205434,0.382319115367,22,-0.0295423791724,0.0438607045341
rf_proxy_matched,observed_only_selected_sample,equal,WML_DS1,early_2021_2022,6,22,1,2021-03,2022-12,0.00715916268085,0.0166217629052,0.430710191313,22,-0.0254188939729,0.0397372193346
rf_proxy_matched,observed_only_selected_sample,equal,WML_DS1,middle_2023,3,12,1,2023-01,2023-12,-0.00372589828855,0.00872352897012,-0.427109063466,12,-0.0208237008881,0.013371904311
rf_proxy_matched,observed_only_selected_sample,equal,WML_DS1,middle_2023,6,12,1,2023-01,2023-12,-0.00372589828855,0.00635440814204,-0.586348595379,12,-0.01618030939,0.00872851281291
rf_proxy_matched,observed_only_selected_sample,equal,WML_DS2,full,3,34,1,2021-03,2023-12,-0.00119092755266,0.0134579700183,-0.0884923618523,34,-0.0275680640936,0.0251862089883
rf_proxy_matched,observed_only_selected_sample,equal,WML_DS2,full,6,34,1,2021-03,2023-12,-0.00119092755266,0.0114774798781,-0.103762112006,34,-0.0236863747469,0.0213045196416
rf_proxy_matched,observed_only_selected_sample,equal,WML_DS2,early_2021_2022,3,22,1,2021-03,2022-12,-0.0027108391647,0.0185972666664,-0.145765461846,22,-0.0391608120417,0.0337391337123
rf_proxy_matched,observed_only_selected_sample,equal,WML_DS2,early_2021_2022,6,22,1,2021-03,2022-12,-0.0027108391647,0.0168824383382,-0.160571542475,22,-0.0357998102788,0.0303781319494
rf_proxy_matched,observed_only_selected_sample,equal,WML_DS2,middle_2023,3,12,1,2023-01,2023-12,0.00159557706941,0.0128517415398,0.124152595543,12,-0.0235933734872,0.0267845276261
rf_proxy_matched,observed_only_selected_sample,equal,WML_DS2,middle_2023,6,12,1,2023-01,2023-12,0.00159557706941,0.00828862396961,0.192502045606,12,-0.0146498273924,0.0178409815313
rf_proxy_matched,observed_only_selected_sample,equal,WML_DS3,full,3,34,1,2021-03,2023-12,0.000482014026137,0.0160683950334,0.0299976460085,34,-0.0310114615287,0.031975489581
rf_proxy_matched,observed_only_selected_sample,equal,WML_DS3,full,6,34,1,2021-03,2023-12,0.000482014026137,0.0131831628305,0.0365628515959,34,-0.025356510324,0.0263205383763
rf_proxy_matched,observed_only_selected_sample,equal,WML_DS3,early_2021_2022,3,22,1,2021-03,2022-12,-0.00715579272064,0.0199492074871,-0.358700601278,22,-0.0462555209155,0.0319439354742
rf_proxy_matched,observed_only_selected_sample,equal,WML_DS3,early_2021_2022,6,22,1,2021-03,2022-12,-0.00715579272064,0.0165891541113,-0.431353682811,22,-0.0396699373129,0.0253583518716
rf_proxy_matched,observed_only_selected_sample,equal,WML_DS3,middle_2023,3,12,1,2023-01,2023-12,0.0144846597286,0.024081803178,0.601477373662,12,-0.0327148071832,0.0616841266403
rf_proxy_matched,observed_only_selected_sample,equal,WML_DS3,middle_2023,6,12,1,2023-01,2023-12,0.0144846597286,0.0184397320305,0.785513569538,12,-0.0216565509357,0.0506258703928
rf_proxy_matched,observed_only_selected_sample,equal,WML_DS4,full,3,34,0.882352941176,2021-03,2023-12,-0.0148761816232,0.0159673316066,-0.931663598506,30,-0.0461715765014,0.016419213255
rf_proxy_matched,observed_only_selected_sample,equal,WML_DS4,full,6,34,0.882352941176,2021-03,2023-12,-0.0148761816232,0.0113720308831,-1.3081376384,30,-0.0371649525851,0.00741258933874
rf_proxy_matched,observed_only_selected_sample,equal,WML_DS4,early_2021_2022,3,22,0.863636363636,2021-03,2022-12,-0.0268044220725,0.0123890979726,-2.16354912453,19,-0.0510866078998,-0.00252223624514
rf_proxy_matched,observed_only_selected_sample,equal,WML_DS4,early_2021_2022,6,22,0.863636363636,2021-03,2022-12,-0.0268044220725,0.0119744286462,-2.23847190245,19,-0.0502738709545,-0.00333497319043
rf_proxy_matched,observed_only_selected_sample,equal,WML_DS4,middle_2023,3,12,0.916666666667,2023-01,2023-12,0.00572714278922,0.0325452185236,0.175974937303,11,-0.0580603133861,0.0695145989645
rf_proxy_matched,observed_only_selected_sample,equal,WML_DS4,middle_2023,6,12,0.916666666667,2023-01,2023-12,0.00572714278922,0.0194022455568,0.29517937872,11,-0.0323005597213,0.0437548452997
rf_proxy_matched,observed_only_selected_sample,equal,WML_DS5,full,3,34,1,2021-03,2023-12,-0.0101702761944,0.00467167970038,-2.1770063118,34,-0.0193266001545,-0.00101395223436
rf_proxy_matched,observed_only_selected_sample,equal,WML_DS5,full,6,34,1,2021-03,2023-12,-0.0101702761944,0.00316404051548,-3.2143318471,34,-0.0163716816504,-0.00396887073844
rf_proxy_matched,observed_only_selected_sample,equal,WML_DS5,early_2021_2022,3,22,1,2021-03,2022-12,-0.0114683733294,0.00554543400099,-2.06807498337,22,-0.0223372242499,-0.000599522408773
rf_proxy_matched,observed_only_selected_sample,equal,WML_DS5,early_2021_2022,6,22,1,2021-03,2022-12,-0.0114683733294,0.00322753164496,-3.55329539441,22,-0.0177942191124,-0.00514252754627
rf_proxy_matched,observed_only_selected_sample,equal,WML_DS5,middle_2023,3,12,1,2023-01,2023-12,-0.00779043144701,0.00825620157069,-0.943585422462,12,-0.0239722891747,0.00839142628064
rf_proxy_matched,observed_only_selected_sample,equal,WML_DS5,middle_2023,6,12,1,2023-01,2023-12,-0.00779043144701,0.00678982199546,-1.14736902561,12,-0.0210982380195,0.00551737512552
rf_proxy_matched,observed_only_selected_sample,equal,common_highDS_WML,full,3,34,1,2021-03,2023-12,-0.0101702761944,0.00467167970038,-2.1770063118,34,-0.0193266001545,-0.00101395223436
rf_proxy_matched,observed_only_selected_sample,equal,common_highDS_WML,full,6,34,1,2021-03,2023-12,-0.0101702761944,0.00316404051548,-3.2143318471,34,-0.0163716816504,-0.00396887073844
rf_proxy_matched,observed_only_selected_sample,equal,common_highDS_WML,early_2021_2022,3,22,1,2021-03,2022-12,-0.0114683733294,0.00554543400099,-2.06807498337,22,-0.0223372242499,-0.000599522408773
rf_proxy_matched,observed_only_selected_sample,equal,common_highDS_WML,early_2021_2022,6,22,1,2021-03,2022-12,-0.0114683733294,0.00322753164496,-3.55329539441,22,-0.0177942191124,-0.00514252754627
rf_proxy_matched,observed_only_selected_sample,equal,common_highDS_WML,middle_2023,3,12,1,2023-01,2023-12,-0.00779043144701,0.00825620157069,-0.943585422462,12,-0.0239722891747,0.00839142628064
rf_proxy_matched,observed_only_selected_sample,equal,common_highDS_WML,middle_2023,6,12,1,2023-01,2023-12,-0.00779043144701,0.00678982199546,-1.14736902561,12,-0.0210982380195,0.00551737512552
rf_proxy_matched,observed_only_selected_sample,equal,common_highDS_minus_unconditional,full,3,34,1,2021-03,2023-12,-0.00504759574623,0.010177860613,-0.495938777133,34,-0.0249958359873,0.0149006444949
rf_proxy_matched,observed_only_selected_sample,equal,common_highDS_minus_unconditional,full,6,34,1,2021-03,2023-12,-0.00504759574623,0.0093395584968,-0.5404533574,34,-0.0233527940315,0.013257602539
rf_proxy_matched,observed_only_selected_sample,equal,common_highDS_minus_unconditional,early_2021_2022,3,22,1,2021-03,2022-12,-0.00122371310389,0.0129640227859,-0.0943930077956,22,-0.0266327308589,0.0241853046512
rf_proxy_matched,observed_only_selected_sample,equal,common_highDS_minus_unconditional,early_2021_2022,6,22,1,2021-03,2022-12,-0.00122371310389,0.0121038876003,-0.101100831757,22,-0.0249468968734,0.0224994706656
rf_proxy_matched,observed_only_selected_sample,equal,common_highDS_minus_unconditional,middle_2023,3,12,1,2023-01,2023-12,-0.0120580472572,0.0133123870421,-0.905776493652,12,-0.038149846408,0.0140337518937
rf_proxy_matched,observed_only_selected_sample,equal,common_highDS_minus_unconditional,middle_2023,6,12,1,2023-01,2023-12,-0.0120580472572,0.0107171676556,-1.1251151092,12,-0.0330633098785,0.00894721536415
rf_proxy_matched,observed_only_selected_sample,equal,common_lowDS_WML,full,3,34,1,2021-03,2023-12,0.00331737645636,0.0129836253322,0.255504635375,34,-0.0221300615836,0.0287648144963
rf_proxy_matched,observed_only_selected_sample,equal,common_lowDS_WML,full,6,34,1,2021-03,2023-12,0.00331737645636,0.0116387929672,0.285027533845,34,-0.0194942385828,0.0261289914955
rf_proxy_matched,observed_only_selected_sample,equal,common_lowDS_WML,early_2021_2022,3,22,1,2021-03,2022-12,0.00715916268085,0.0187256205434,0.382319115367,22,-0.0295423791724,0.0438607045341
rf_proxy_matched,observed_only_selected_sample,equal,common_lowDS_WML,early_2021_2022,6,22,1,2021-03,2022-12,0.00715916268085,0.0166217629052,0.430710191313,22,-0.0254188939729,0.0397372193346
rf_proxy_matched,observed_only_selected_sample,equal,common_lowDS_WML,middle_2023,3,12,1,2023-01,2023-12,-0.00372589828855,0.00872352897012,-0.427109063466,12,-0.0208237008881,0.013371904311
rf_proxy_matched,observed_only_selected_sample,equal,common_lowDS_WML,middle_2023,6,12,1,2023-01,2023-12,-0.00372589828855,0.00635440814204,-0.586348595379,12,-0.01618030939,0.00872851281291
rf_proxy_matched,observed_only_selected_sample,equal,common_lowDS_minus_highDS,full,3,34,1,2021-03,2023-12,0.0134876526508,0.0143247218377,0.941564716131,34,-0.0145882862397,0.0415635915412
rf_proxy_matched,observed_only_selected_sample,equal,common_lowDS_minus_highDS,full,6,34,1,2021-03,2023-12,0.0134876526508,0.0130568600061,1.03299358685,34,-0.0121033227124,0.039078628014
rf_proxy_matched,observed_only_selected_sample,equal,common_lowDS_minus_highDS,early_2021_2022,3,22,1,2021-03,2022-12,0.0186275360102,0.021372075991,0.871582901824,22,-0.023260963207,0.0605160352274
rf_proxy_matched,observed_only_selected_sample,equal,common_lowDS_minus_highDS,early_2021_2022,6,22,1,2021-03,2022-12,0.0186275360102,0.0186213944588,1.00032981157,22,-0.017869726471,0.0551247984914
rf_proxy_matched,observed_only_selected_sample,equal,common_lowDS_minus_highDS,middle_2023,3,12,1,2023-01,2023-12,0.00406453315847,0.00411618816156,0.987450767295,12,-0.00400304739179,0.0121321137087
rf_proxy_matched,observed_only_selected_sample,equal,common_lowDS_minus_highDS,middle_2023,6,12,1,2023-01,2023-12,0.00406453315847,0.0049830056741,0.815679014694,12,-0.00570197849753,0.0138310448145
rf_proxy_matched,observed_only_selected_sample,equal,common_lowDS_minus_unconditional,full,3,34,1,2021-03,2023-12,0.00844005690455,0.00982010102894,0.859467420923,34,-0.0108069874367,0.0276871012458
rf_proxy_matched,observed_only_selected_sample,equal,common_lowDS_minus_unconditional,full,6,34,1,2021-03,2023-12,0.00844005690455,0.0089511174731,0.942905389177,34,-0.00910381096412,0.0259839247732
rf_proxy_matched,observed_only_selected_sample,equal,common_lowDS_minus_unconditional,early_2021_2022,3,22,1,2021-03,2022-12,0.0174038229063,0.0120816640326,1.44051538426,22,-0.00627580347081,0.0410834492835
rf_proxy_matched,observed_only_selected_sample,equal,common_lowDS_minus_unconditional,early_2021_2022,6,22,1,2021-03,2022-12,0.0174038229063,0.00977930276243,1.77965887028,22,-0.00176325830195,0.0365709041146
rf_proxy_matched,observed_only_selected_sample,equal,common_lowDS_minus_unconditional,middle_2023,3,12,1,2023-01,2023-12,-0.00799351409871,0.0135023894445,-0.592007372591,12,-0.0344577111151,0.0184706829177
rf_proxy_matched,observed_only_selected_sample,equal,common_lowDS_minus_unconditional,middle_2023,6,12,1,2023-01,2023-12,-0.00799351409871,0.0117742483205,-0.678898039276,12,-0.0310706167518,0.0150835885544
rf_proxy_matched,observed_only_selected_sample,equal,common_unconditional_WML,full,3,34,1,2021-03,2023-12,-0.00512268044819,0.0106558202128,-0.48074013505,34,-0.0260077042911,0.0157623433947
rf_proxy_matched,observed_only_selected_sample,equal,common_unconditional_WML,full,6,34,1,2021-03,2023-12,-0.00512268044819,0.00867339606048,-0.590619915483,34,-0.0221222243504,0.011876863454
rf_proxy_matched,observed_only_selected_sample,equal,common_unconditional_WML,early_2021_2022,3,22,1,2021-03,2022-12,-0.0102446602255,0.0123821552885,-0.827372940072,22,-0.0345132386419,0.014023918191
rf_proxy_matched,observed_only_selected_sample,equal,common_unconditional_WML,early_2021_2022,6,22,1,2021-03,2022-12,-0.0102446602255,0.0109818296084,-0.932873718747,22,-0.0317686507424,0.0112793302914
rf_proxy_matched,observed_only_selected_sample,equal,common_unconditional_WML,middle_2023,3,12,1,2023-01,2023-12,0.00426761581016,0.0158605423696,0.269071240485,12,-0.0268184760096,0.0353537076299
rf_proxy_matched,observed_only_selected_sample,equal,common_unconditional_WML,middle_2023,6,12,1,2023-01,2023-12,0.00426761581016,0.0100996540035,0.422550694181,12,-0.015527342293,0.0240625739133
rf_proxy_matched,observed_only_selected_sample,equal,highDS_WML,full,3,34,1,2021-03,2023-12,-0.0101702761944,0.00467167970038,-2.1770063118,34,-0.0193266001545,-0.00101395223436
rf_proxy_matched,observed_only_selected_sample,equal,highDS_WML,full,6,34,1,2021-03,2023-12,-0.0101702761944,0.00316404051548,-3.2143318471,34,-0.0163716816504,-0.00396887073844
rf_proxy_matched,observed_only_selected_sample,equal,highDS_WML,early_2021_2022,3,22,1,2021-03,2022-12,-0.0114683733294,0.00554543400099,-2.06807498337,22,-0.0223372242499,-0.000599522408773
rf_proxy_matched,observed_only_selected_sample,equal,highDS_WML,early_2021_2022,6,22,1,2021-03,2022-12,-0.0114683733294,0.00322753164496,-3.55329539441,22,-0.0177942191124,-0.00514252754627
rf_proxy_matched,observed_only_selected_sample,equal,highDS_WML,middle_2023,3,12,1,2023-01,2023-12,-0.00779043144701,0.00825620157069,-0.943585422462,12,-0.0239722891747,0.00839142628064
rf_proxy_matched,observed_only_selected_sample,equal,highDS_WML,middle_2023,6,12,1,2023-01,2023-12,-0.00779043144701,0.00678982199546,-1.14736902561,12,-0.0210982380195,0.00551737512552
rf_proxy_matched,observed_only_selected_sample,equal,highDS_minus_unconditional,full,3,34,1,2021-03,2023-12,-0.00504759574623,0.010177860613,-0.495938777133,34,-0.0249958359873,0.0149006444949
rf_proxy_matched,observed_only_selected_sample,equal,highDS_minus_unconditional,full,6,34,1,2021-03,2023-12,-0.00504759574623,0.0093395584968,-0.5404533574,34,-0.0233527940315,0.013257602539
rf_proxy_matched,observed_only_selected_sample,equal,highDS_minus_unconditional,early_2021_2022,3,22,1,2021-03,2022-12,-0.00122371310389,0.0129640227859,-0.0943930077956,22,-0.0266327308589,0.0241853046512
rf_proxy_matched,observed_only_selected_sample,equal,highDS_minus_unconditional,early_2021_2022,6,22,1,2021-03,2022-12,-0.00122371310389,0.0121038876003,-0.101100831757,22,-0.0249468968734,0.0224994706656
rf_proxy_matched,observed_only_selected_sample,equal,highDS_minus_unconditional,middle_2023,3,12,1,2023-01,2023-12,-0.0120580472572,0.0133123870421,-0.905776493652,12,-0.038149846408,0.0140337518937
rf_proxy_matched,observed_only_selected_sample,equal,highDS_minus_unconditional,middle_2023,6,12,1,2023-01,2023-12,-0.0120580472572,0.0107171676556,-1.1251151092,12,-0.0330633098785,0.00894721536415
rf_proxy_matched,observed_only_selected_sample,equal,lowDS_WML,full,3,34,1,2021-03,2023-12,0.00331737645636,0.0129836253322,0.255504635375,34,-0.0221300615836,0.0287648144963
rf_proxy_matched,observed_only_selected_sample,equal,lowDS_WML,full,6,34,1,2021-03,2023-12,0.00331737645636,0.0116387929672,0.285027533845,34,-0.0194942385828,0.0261289914955
rf_proxy_matched,observed_only_selected_sample,equal,lowDS_WML,early_2021_2022,3,22,1,2021-03,2022-12,0.00715916268085,0.0187256205434,0.382319115367,22,-0.0295423791724,0.0438607045341
rf_proxy_matched,observed_only_selected_sample,equal,lowDS_WML,early_2021_2022,6,22,1,2021-03,2022-12,0.00715916268085,0.0166217629052,0.430710191313,22,-0.0254188939729,0.0397372193346
rf_proxy_matched,observed_only_selected_sample,equal,lowDS_WML,middle_2023,3,12,1,2023-01,2023-12,-0.00372589828855,0.00872352897012,-0.427109063466,12,-0.0208237008881,0.013371904311
rf_proxy_matched,observed_only_selected_sample,equal,lowDS_WML,middle_2023,6,12,1,2023-01,2023-12,-0.00372589828855,0.00635440814204,-0.586348595379,12,-0.01618030939,0.00872851281291
rf_proxy_matched,observed_only_selected_sample,equal,lowDS_minus_highDS,full,3,34,1,2021-03,2023-12,0.0134876526508,0.0143247218377,0.941564716131,34,-0.0145882862397,0.0415635915412
rf_proxy_matched,observed_only_selected_sample,equal,lowDS_minus_highDS,full,6,34,1,2021-03,2023-12,0.0134876526508,0.0130568600061,1.03299358685,34,-0.0121033227124,0.039078628014
rf_proxy_matched,observed_only_selected_sample,equal,lowDS_minus_highDS,early_2021_2022,3,22,1,2021-03,2022-12,0.0186275360102,0.021372075991,0.871582901824,22,-0.023260963207,0.0605160352274
rf_proxy_matched,observed_only_selected_sample,equal,lowDS_minus_highDS,early_2021_2022,6,22,1,2021-03,2022-12,0.0186275360102,0.0186213944588,1.00032981157,22,-0.017869726471,0.0551247984914
rf_proxy_matched,observed_only_selected_sample,equal,lowDS_minus_highDS,middle_2023,3,12,1,2023-01,2023-12,0.00406453315847,0.00411618816156,0.987450767295,12,-0.00400304739179,0.0121321137087
rf_proxy_matched,observed_only_selected_sample,equal,lowDS_minus_highDS,middle_2023,6,12,1,2023-01,2023-12,0.00406453315847,0.0049830056741,0.815679014694,12,-0.00570197849753,0.0138310448145
rf_proxy_matched,observed_only_selected_sample,equal,lowDS_minus_unconditional,full,3,34,1,2021-03,2023-12,0.00844005690455,0.00982010102894,0.859467420923,34,-0.0108069874367,0.0276871012458
rf_proxy_matched,observed_only_selected_sample,equal,lowDS_minus_unconditional,full,6,34,1,2021-03,2023-12,0.00844005690455,0.0089511174731,0.942905389177,34,-0.00910381096412,0.0259839247732
rf_proxy_matched,observed_only_selected_sample,equal,lowDS_minus_unconditional,early_2021_2022,3,22,1,2021-03,2022-12,0.0174038229063,0.0120816640326,1.44051538426,22,-0.00627580347081,0.0410834492835
rf_proxy_matched,observed_only_selected_sample,equal,lowDS_minus_unconditional,early_2021_2022,6,22,1,2021-03,2022-12,0.0174038229063,0.00977930276243,1.77965887028,22,-0.00176325830195,0.0365709041146
rf_proxy_matched,observed_only_selected_sample,equal,lowDS_minus_unconditional,middle_2023,3,12,1,2023-01,2023-12,-0.00799351409871,0.0135023894445,-0.592007372591,12,-0.0344577111151,0.0184706829177
rf_proxy_matched,observed_only_selected_sample,equal,lowDS_minus_unconditional,middle_2023,6,12,1,2023-01,2023-12,-0.00799351409871,0.0117742483205,-0.678898039276,12,-0.0310706167518,0.0150835885544
rf_proxy_matched,observed_only_selected_sample,equal,unconditional_WML,full,3,34,1,2021-03,2023-12,-0.00512268044819,0.0106558202128,-0.48074013505,34,-0.0260077042911,0.0157623433947
rf_proxy_matched,observed_only_selected_sample,equal,unconditional_WML,full,6,34,1,2021-03,2023-12,-0.00512268044819,0.00867339606048,-0.590619915483,34,-0.0221222243504,0.011876863454
rf_proxy_matched,observed_only_selected_sample,equal,unconditional_WML,early_2021_2022,3,22,1,2021-03,2022-12,-0.0102446602255,0.0123821552885,-0.827372940072,22,-0.0345132386419,0.014023918191
rf_proxy_matched,observed_only_selected_sample,equal,unconditional_WML,early_2021_2022,6,22,1,2021-03,2022-12,-0.0102446602255,0.0109818296084,-0.932873718747,22,-0.0317686507424,0.0112793302914
rf_proxy_matched,observed_only_selected_sample,equal,unconditional_WML,middle_2023,3,12,1,2023-01,2023-12,0.00426761581016,0.0158605423696,0.269071240485,12,-0.0268184760096,0.0353537076299
rf_proxy_matched,observed_only_selected_sample,equal,unconditional_WML,middle_2023,6,12,1,2023-01,2023-12,0.00426761581016,0.0100996540035,0.422550694181,12,-0.015527342293,0.0240625739133
rf_proxy_matched,observed_only_selected_sample,value,WML_DS1,full,3,34,1,2021-03,2023-12,0.00554403313174,0.012904011822,0.429636395891,34,-0.0197473652955,0.0308354315589
rf_proxy_matched,observed_only_selected_sample,value,WML_DS1,full,6,34,1,2021-03,2023-12,0.00554403313174,0.0107415598322,0.51612924178,34,-0.0155090372772,0.0265971035407
rf_proxy_matched,observed_only_selected_sample,value,WML_DS1,early_2021_2022,3,22,1,2021-03,2022-12,0.00628389274369,0.0190517237948,0.329833290224,22,-0.0310567997376,0.043624585225
rf_proxy_matched,observed_only_selected_sample,value,WML_DS1,early_2021_2022,6,22,1,2021-03,2022-12,0.00628389274369,0.0162481376839,0.386745414518,22,-0.0255618719326,0.0381296574199
rf_proxy_matched,observed_only_selected_sample,value,WML_DS1,middle_2023,3,12,1,2023-01,2023-12,0.00418762384316,0.0100445295983,0.416905919004,12,-0.0154992924112,0.0238745400975
rf_proxy_matched,observed_only_selected_sample,value,WML_DS1,middle_2023,6,12,1,2023-01,2023-12,0.00418762384316,0.00759814682802,0.551137525761,12,-0.010704470289,0.0190797179753
rf_proxy_matched,observed_only_selected_sample,value,WML_DS2,full,3,34,1,2021-03,2023-12,-0.0102206242793,0.0144121878777,-0.7091653513,34,-0.0384679934581,0.0180267448995
rf_proxy_matched,observed_only_selected_sample,value,WML_DS2,full,6,34,1,2021-03,2023-12,-0.0102206242793,0.0125283257807,-0.81580128568,34,-0.0347756915961,0.0143344430375
rf_proxy_matched,observed_only_selected_sample,value,WML_DS2,early_2021_2022,3,22,1,2021-03,2022-12,-0.0162287972267,0.0206563130463,-0.785657982156,22,-0.0567144268509,0.0242568323974
rf_proxy_matched,observed_only_selected_sample,value,WML_DS2,early_2021_2022,6,22,1,2021-03,2022-12,-0.0162287972267,0.0172231783081,-0.942264948804,22,-0.04998560641,0.0175280119565
rf_proxy_matched,observed_only_selected_sample,value,WML_DS2,middle_2023,3,12,1,2023-01,2023-12,0.000794359457595,0.0110484929918,0.0718975391652,12,-0.0208602888898,0.022449007805
rf_proxy_matched,observed_only_selected_sample,value,WML_DS2,middle_2023,6,12,1,2023-01,2023-12,0.000794359457595,0.00975880899997,0.0813992217285,12,-0.0183325547144,0.0199212736295
rf_proxy_matched,observed_only_selected_sample,value,WML_DS3,full,3,34,1,2021-03,2023-12,-0.000902436603556,0.0167254870678,-0.0539557741966,34,-0.0336837888802,0.0318789156731
rf_proxy_matched,observed_only_selected_sample,value,WML_DS3,full,6,34,1,2021-03,2023-12,-0.000902436603556,0.0133614220346,-0.0675404609794,34,-0.0270903425736,0.0252854693664
rf_proxy_matched,observed_only_selected_sample,value,WML_DS3,early_2021_2022,3,22,1,2021-03,2022-12,-0.00718541893512,0.0230145248368,-0.312212352246,22,-0.0522930587365,0.0379222208663
rf_proxy_matched,observed_only_selected_sample,value,WML_DS3,early_2021_2022,6,22,1,2021-03,2022-12,-0.00718541893512,0.0197452103803,-0.363906932199,22,-0.0458853201477,0.0315144822774
rf_proxy_matched,observed_only_selected_sample,value,WML_DS3,middle_2023,3,12,1,2023-01,2023-12,0.0106163643376,0.0173077695211,0.613387203054,12,-0.0233062405764,0.0445389692517
rf_proxy_matched,observed_only_selected_sample,value,WML_DS3,middle_2023,6,12,1,2023-01,2023-12,0.0106163643376,0.00972581639358,1.09156536665,12,-0.00844588551402,0.0296786141893
rf_proxy_matched,observed_only_selected_sample,value,WML_DS4,full,3,34,0.882352941176,2021-03,2023-12,-0.0244323060146,0.0187354727166,-1.30406669659,30,-0.0611531577725,0.0122885457433
rf_proxy_matched,observed_only_selected_sample,value,WML_DS4,full,6,34,0.882352941176,2021-03,2023-12,-0.0244323060146,0.0140191048697,-1.74278645047,30,-0.0519092466547,0.00304463462549
rf_proxy_matched,observed_only_selected_sample,value,WML_DS4,early_2021_2022,3,22,0.863636363636,2021-03,2022-12,-0.0387339775995,0.0153847989541,-2.51767850298,19,-0.068887629459,-0.00858032574005
rf_proxy_matched,observed_only_selected_sample,value,WML_DS4,early_2021_2022,6,22,0.863636363636,2021-03,2022-12,-0.0387339775995,0.013269152249,-2.9190996435,19,-0.0647410381129,-0.0127269170862
rf_proxy_matched,observed_only_selected_sample,value,WML_DS4,middle_2023,3,12,0.916666666667,2023-01,2023-12,0.000270581268381,0.0386637519416,0.00699831896266,11,-0.0755089800443,0.0760501425811
rf_proxy_matched,observed_only_selected_sample,value,WML_DS4,middle_2023,6,12,0.916666666667,2023-01,2023-12,0.000270581268381,0.0324682455157,0.00833372004193,11,-0.0633660105836,0.0639071731204
rf_proxy_matched,observed_only_selected_sample,value,WML_DS5,full,3,34,1,2021-03,2023-12,-0.0116705539522,0.00751079622736,-1.55383711645,34,-0.026391444053,0.00305033614868
rf_proxy_matched,observed_only_selected_sample,value,WML_DS5,full,6,34,1,2021-03,2023-12,-0.0116705539522,0.00666097520493,-1.75207887631,34,-0.0247258254557,0.0013847175514
rf_proxy_matched,observed_only_selected_sample,value,WML_DS5,early_2021_2022,3,22,1,2021-03,2022-12,-0.0162179949022,0.00958795461819,-1.69149683619,22,-0.0350100406392,0.00257405083488
rf_proxy_matched,observed_only_selected_sample,value,WML_DS5,early_2021_2022,6,22,1,2021-03,2022-12,-0.0162179949022,0.00777218518801,-2.08667118833,22,-0.0314511979518,-0.000984791852505
rf_proxy_matched,observed_only_selected_sample,value,WML_DS5,middle_2023,3,12,1,2023-01,2023-12,-0.00333357887716,0.0104279703551,-0.319676673756,12,-0.0237720252051,0.0171048674507
rf_proxy_matched,observed_only_selected_sample,value,WML_DS5,middle_2023,6,12,1,2023-01,2023-12,-0.00333357887716,0.00840726296654,-0.396511788727,12,-0.0198115115001,0.0131443537458
rf_proxy_matched,observed_only_selected_sample,value,common_highDS_WML,full,3,34,1,2021-03,2023-12,-0.0116705539522,0.00751079622736,-1.55383711645,34,-0.026391444053,0.00305033614868
rf_proxy_matched,observed_only_selected_sample,value,common_highDS_WML,full,6,34,1,2021-03,2023-12,-0.0116705539522,0.00666097520493,-1.75207887631,34,-0.0247258254557,0.0013847175514
rf_proxy_matched,observed_only_selected_sample,value,common_highDS_WML,early_2021_2022,3,22,1,2021-03,2022-12,-0.0162179949022,0.00958795461819,-1.69149683619,22,-0.0350100406392,0.00257405083488
rf_proxy_matched,observed_only_selected_sample,value,common_highDS_WML,early_2021_2022,6,22,1,2021-03,2022-12,-0.0162179949022,0.00777218518801,-2.08667118833,22,-0.0314511979518,-0.000984791852505
rf_proxy_matched,observed_only_selected_sample,value,common_highDS_WML,middle_2023,3,12,1,2023-01,2023-12,-0.00333357887716,0.0104279703551,-0.319676673756,12,-0.0237720252051,0.0171048674507
rf_proxy_matched,observed_only_selected_sample,value,common_highDS_WML,middle_2023,6,12,1,2023-01,2023-12,-0.00333357887716,0.00840726296654,-0.396511788727,12,-0.0198115115001,0.0131443537458
rf_proxy_matched,observed_only_selected_sample,value,common_highDS_minus_unconditional,full,3,34,1,2021-03,2023-12,-0.0071542471594,0.0102830001282,-0.695735395332,34,-0.0273085570637,0.0130000627449
rf_proxy_matched,observed_only_selected_sample,value,common_highDS_minus_unconditional,full,6,34,1,2021-03,2023-12,-0.0071542471594,0.00855571791836,-0.83619483808,34,-0.0239231461413,0.00961465182248
rf_proxy_matched,observed_only_selected_sample,value,common_highDS_minus_unconditional,early_2021_2022,3,22,1,2021-03,2022-12,-0.00544321210586,0.0147219533569,-0.369734367031,22,-0.0342977104674,0.0234112862557
rf_proxy_matched,observed_only_selected_sample,value,common_highDS_minus_unconditional,early_2021_2022,6,22,1,2021-03,2022-12,-0.00544321210586,0.012978698713,-0.419395828982,22,-0.0308809941496,0.0199945699378
rf_proxy_matched,observed_only_selected_sample,value,common_highDS_minus_unconditional,middle_2023,3,12,1,2023-01,2023-12,-0.0102911447576,0.00844042609159,-1.21926839307,12,-0.0268340759113,0.00625178639613
rf_proxy_matched,observed_only_selected_sample,value,common_highDS_minus_unconditional,middle_2023,6,12,1,2023-01,2023-12,-0.0102911447576,0.00679879125475,-1.51367270621,12,-0.0236165307553,0.00303424124016
rf_proxy_matched,observed_only_selected_sample,value,common_lowDS_WML,full,3,34,1,2021-03,2023-12,0.00554403313174,0.012904011822,0.429636395891,34,-0.0197473652955,0.0308354315589
rf_proxy_matched,observed_only_selected_sample,value,common_lowDS_WML,full,6,34,1,2021-03,2023-12,0.00554403313174,0.0107415598322,0.51612924178,34,-0.0155090372772,0.0265971035407
rf_proxy_matched,observed_only_selected_sample,value,common_lowDS_WML,early_2021_2022,3,22,1,2021-03,2022-12,0.00628389274369,0.0190517237948,0.329833290224,22,-0.0310567997376,0.043624585225
rf_proxy_matched,observed_only_selected_sample,value,common_lowDS_WML,early_2021_2022,6,22,1,2021-03,2022-12,0.00628389274369,0.0162481376839,0.386745414518,22,-0.0255618719326,0.0381296574199
rf_proxy_matched,observed_only_selected_sample,value,common_lowDS_WML,middle_2023,3,12,1,2023-01,2023-12,0.00418762384316,0.0100445295983,0.416905919004,12,-0.0154992924112,0.0238745400975
rf_proxy_matched,observed_only_selected_sample,value,common_lowDS_WML,middle_2023,6,12,1,2023-01,2023-12,0.00418762384316,0.00759814682802,0.551137525761,12,-0.010704470289,0.0190797179753
rf_proxy_matched,observed_only_selected_sample,value,common_lowDS_minus_highDS,full,3,34,1,2021-03,2023-12,0.0172145870839,0.0115731130744,1.48746382872,34,-0.00546829773101,0.0398974718988
rf_proxy_matched,observed_only_selected_sample,value,common_lowDS_minus_highDS,full,6,34,1,2021-03,2023-12,0.0172145870839,0.0101322017563,1.69899766092,34,-0.00264416344253,0.0370733376103
rf_proxy_matched,observed_only_selected_sample,value,common_lowDS_minus_highDS,early_2021_2022,3,22,1,2021-03,2022-12,0.0225018876459,0.0171366984794,1.31308184437,22,-0.0110854241878,0.0560891994795
rf_proxy_matched,observed_only_selected_sample,value,common_lowDS_minus_highDS,early_2021_2022,6,22,1,2021-03,2022-12,0.0225018876459,0.013893562575,1.61959090941,22,-0.00472899461811,0.0497327699098
rf_proxy_matched,observed_only_selected_sample,value,common_lowDS_minus_highDS,middle_2023,3,12,1,2023-01,2023-12,0.00752120272032,0.0064295834837,1.16978070809,12,-0.00508054934333,0.020122954784
rf_proxy_matched,observed_only_selected_sample,value,common_lowDS_minus_highDS,middle_2023,6,12,1,2023-01,2023-12,0.00752120272032,0.00721009827793,1.04314843299,12,-0.00661033022942,0.0216527356701
rf_proxy_matched,observed_only_selected_sample,value,common_lowDS_minus_unconditional,full,3,34,1,2021-03,2023-12,0.0100603399245,0.0082268599128,1.22286510663,34,-0.00606400921044,0.0261846890595
rf_proxy_matched,observed_only_selected_sample,value,common_lowDS_minus_unconditional,full,6,34,1,2021-03,2023-12,0.0100603399245,0.00705975158766,1.42502746727,34,-0.00377651892712,0.0238971987761
rf_proxy_matched,observed_only_selected_sample,value,common_lowDS_minus_unconditional,early_2021_2022,3,22,1,2021-03,2022-12,0.01705867554,0.0102564149864,1.66322009812,22,-0.00304352844385,0.0371608795239
rf_proxy_matched,observed_only_selected_sample,value,common_lowDS_minus_unconditional,early_2021_2022,6,22,1,2021-03,2022-12,0.01705867554,0.00839699066858,2.03152250768,22,0.000600876251066,0.0335164748289
rf_proxy_matched,observed_only_selected_sample,value,common_lowDS_minus_unconditional,middle_2023,3,12,1,2023-01,2023-12,-0.00276994203724,0.0102780357723,-0.26950110883,12,-0.0229145219829,0.0173746379084
rf_proxy_matched,observed_only_selected_sample,value,common_lowDS_minus_unconditional,middle_2023,6,12,1,2023-01,2023-12,-0.00276994203724,0.00679987371299,-0.407351982427,12,-0.0160974496141,0.0105575655396
rf_proxy_matched,observed_only_selected_sample,value,common_unconditional_WML,full,3,34,1,2021-03,2023-12,-0.00451630679277,0.0128772364002,-0.350720189676,34,-0.0297552263575,0.020722612772
rf_proxy_matched,observed_only_selected_sample,value,common_unconditional_WML,full,6,34,1,2021-03,2023-12,-0.00451630679277,0.0098597951351,-0.458052802405,34,-0.0238411501525,0.014808536567
rf_proxy_matched,observed_only_selected_sample,value,common_unconditional_WML,early_2021_2022,3,22,1,2021-03,2022-12,-0.0107747827963,0.0167830573539,-0.642003573552,22,-0.0436689707604,0.0221194051677
rf_proxy_matched,observed_only_selected_sample,value,common_unconditional_WML,early_2021_2022,6,22,1,2021-03,2022-12,-0.0107747827963,0.0141529918831,-0.761307777558,22,-0.0385141371607,0.016964571568
rf_proxy_matched,observed_only_selected_sample,value,common_unconditional_WML,middle_2023,3,12,1,2023-01,2023-12,0.0069575658804,0.0150939181456,0.460951610661,12,-0.0226259700706,0.0365411018314
rf_proxy_matched,observed_only_selected_sample,value,common_unconditional_WML,middle_2023,6,12,1,2023-01,2023-12,0.0069575658804,0.00939811308807,0.740315190422,12,-0.0114623972948,0.0253775290556
rf_proxy_matched,observed_only_selected_sample,value,highDS_WML,full,3,34,1,2021-03,2023-12,-0.0116705539522,0.00751079622736,-1.55383711645,34,-0.026391444053,0.00305033614868
rf_proxy_matched,observed_only_selected_sample,value,highDS_WML,full,6,34,1,2021-03,2023-12,-0.0116705539522,0.00666097520493,-1.75207887631,34,-0.0247258254557,0.0013847175514
rf_proxy_matched,observed_only_selected_sample,value,highDS_WML,early_2021_2022,3,22,1,2021-03,2022-12,-0.0162179949022,0.00958795461819,-1.69149683619,22,-0.0350100406392,0.00257405083488
rf_proxy_matched,observed_only_selected_sample,value,highDS_WML,early_2021_2022,6,22,1,2021-03,2022-12,-0.0162179949022,0.00777218518801,-2.08667118833,22,-0.0314511979518,-0.000984791852505
rf_proxy_matched,observed_only_selected_sample,value,highDS_WML,middle_2023,3,12,1,2023-01,2023-12,-0.00333357887716,0.0104279703551,-0.319676673756,12,-0.0237720252051,0.0171048674507
rf_proxy_matched,observed_only_selected_sample,value,highDS_WML,middle_2023,6,12,1,2023-01,2023-12,-0.00333357887716,0.00840726296654,-0.396511788727,12,-0.0198115115001,0.0131443537458
rf_proxy_matched,observed_only_selected_sample,value,highDS_minus_unconditional,full,3,34,1,2021-03,2023-12,-0.0071542471594,0.0102830001282,-0.695735395332,34,-0.0273085570637,0.0130000627449
rf_proxy_matched,observed_only_selected_sample,value,highDS_minus_unconditional,full,6,34,1,2021-03,2023-12,-0.0071542471594,0.00855571791836,-0.83619483808,34,-0.0239231461413,0.00961465182248
rf_proxy_matched,observed_only_selected_sample,value,highDS_minus_unconditional,early_2021_2022,3,22,1,2021-03,2022-12,-0.00544321210586,0.0147219533569,-0.369734367031,22,-0.0342977104674,0.0234112862557
rf_proxy_matched,observed_only_selected_sample,value,highDS_minus_unconditional,early_2021_2022,6,22,1,2021-03,2022-12,-0.00544321210586,0.012978698713,-0.419395828982,22,-0.0308809941496,0.0199945699378
rf_proxy_matched,observed_only_selected_sample,value,highDS_minus_unconditional,middle_2023,3,12,1,2023-01,2023-12,-0.0102911447576,0.00844042609159,-1.21926839307,12,-0.0268340759113,0.00625178639613
rf_proxy_matched,observed_only_selected_sample,value,highDS_minus_unconditional,middle_2023,6,12,1,2023-01,2023-12,-0.0102911447576,0.00679879125475,-1.51367270621,12,-0.0236165307553,0.00303424124016
rf_proxy_matched,observed_only_selected_sample,value,lowDS_WML,full,3,34,1,2021-03,2023-12,0.00554403313174,0.012904011822,0.429636395891,34,-0.0197473652955,0.0308354315589
rf_proxy_matched,observed_only_selected_sample,value,lowDS_WML,full,6,34,1,2021-03,2023-12,0.00554403313174,0.0107415598322,0.51612924178,34,-0.0155090372772,0.0265971035407
rf_proxy_matched,observed_only_selected_sample,value,lowDS_WML,early_2021_2022,3,22,1,2021-03,2022-12,0.00628389274369,0.0190517237948,0.329833290224,22,-0.0310567997376,0.043624585225
rf_proxy_matched,observed_only_selected_sample,value,lowDS_WML,early_2021_2022,6,22,1,2021-03,2022-12,0.00628389274369,0.0162481376839,0.386745414518,22,-0.0255618719326,0.0381296574199
rf_proxy_matched,observed_only_selected_sample,value,lowDS_WML,middle_2023,3,12,1,2023-01,2023-12,0.00418762384316,0.0100445295983,0.416905919004,12,-0.0154992924112,0.0238745400975
rf_proxy_matched,observed_only_selected_sample,value,lowDS_WML,middle_2023,6,12,1,2023-01,2023-12,0.00418762384316,0.00759814682802,0.551137525761,12,-0.010704470289,0.0190797179753
rf_proxy_matched,observed_only_selected_sample,value,lowDS_minus_highDS,full,3,34,1,2021-03,2023-12,0.0172145870839,0.0115731130744,1.48746382872,34,-0.00546829773101,0.0398974718988
rf_proxy_matched,observed_only_selected_sample,value,lowDS_minus_highDS,full,6,34,1,2021-03,2023-12,0.0172145870839,0.0101322017563,1.69899766092,34,-0.00264416344253,0.0370733376103
rf_proxy_matched,observed_only_selected_sample,value,lowDS_minus_highDS,early_2021_2022,3,22,1,2021-03,2022-12,0.0225018876459,0.0171366984794,1.31308184437,22,-0.0110854241878,0.0560891994795
rf_proxy_matched,observed_only_selected_sample,value,lowDS_minus_highDS,early_2021_2022,6,22,1,2021-03,2022-12,0.0225018876459,0.013893562575,1.61959090941,22,-0.00472899461811,0.0497327699098
rf_proxy_matched,observed_only_selected_sample,value,lowDS_minus_highDS,middle_2023,3,12,1,2023-01,2023-12,0.00752120272032,0.0064295834837,1.16978070809,12,-0.00508054934333,0.020122954784
rf_proxy_matched,observed_only_selected_sample,value,lowDS_minus_highDS,middle_2023,6,12,1,2023-01,2023-12,0.00752120272032,0.00721009827793,1.04314843299,12,-0.00661033022942,0.0216527356701
rf_proxy_matched,observed_only_selected_sample,value,lowDS_minus_unconditional,full,3,34,1,2021-03,2023-12,0.0100603399245,0.0082268599128,1.22286510663,34,-0.00606400921044,0.0261846890595
rf_proxy_matched,observed_only_selected_sample,value,lowDS_minus_unconditional,full,6,34,1,2021-03,2023-12,0.0100603399245,0.00705975158766,1.42502746727,34,-0.00377651892712,0.0238971987761
rf_proxy_matched,observed_only_selected_sample,value,lowDS_minus_unconditional,early_2021_2022,3,22,1,2021-03,2022-12,0.01705867554,0.0102564149864,1.66322009812,22,-0.00304352844385,0.0371608795239
rf_proxy_matched,observed_only_selected_sample,value,lowDS_minus_unconditional,early_2021_2022,6,22,1,2021-03,2022-12,0.01705867554,0.00839699066858,2.03152250768,22,0.000600876251066,0.0335164748289
rf_proxy_matched,observed_only_selected_sample,value,lowDS_minus_unconditional,middle_2023,3,12,1,2023-01,2023-12,-0.00276994203724,0.0102780357723,-0.26950110883,12,-0.0229145219829,0.0173746379084
rf_proxy_matched,observed_only_selected_sample,value,lowDS_minus_unconditional,middle_2023,6,12,1,2023-01,2023-12,-0.00276994203724,0.00679987371299,-0.407351982427,12,-0.0160974496141,0.0105575655396
rf_proxy_matched,observed_only_selected_sample,value,unconditional_WML,full,3,34,1,2021-03,2023-12,-0.00451630679277,0.0128772364002,-0.350720189676,34,-0.0297552263575,0.020722612772
rf_proxy_matched,observed_only_selected_sample,value,unconditional_WML,full,6,34,1,2021-03,2023-12,-0.00451630679277,0.0098597951351,-0.458052802405,34,-0.0238411501525,0.014808536567
rf_proxy_matched,observed_only_selected_sample,value,unconditional_WML,early_2021_2022,3,22,1,2021-03,2022-12,-0.0107747827963,0.0167830573539,-0.642003573552,22,-0.0436689707604,0.0221194051677
rf_proxy_matched,observed_only_selected_sample,value,unconditional_WML,early_2021_2022,6,22,1,2021-03,2022-12,-0.0107747827963,0.0141529918831,-0.761307777558,22,-0.0385141371607,0.016964571568
rf_proxy_matched,observed_only_selected_sample,value,unconditional_WML,middle_2023,3,12,1,2023-01,2023-12,0.0069575658804,0.0150939181456,0.460951610661,12,-0.0226259700706,0.0365411018314
rf_proxy_matched,observed_only_selected_sample,value,unconditional_WML,middle_2023,6,12,1,2023-01,2023-12,0.0069575658804,0.00939811308807,0.740315190422,12,-0.0114623972948,0.0253775290556
rf_proxy_matched,unknown_return_loss100_scenario,equal,WML_DS1,full,3,34,1,2021-03,2023-12,0.00331737645636,0.0129836253322,0.255504635375,34,-0.0221300615836,0.0287648144963
rf_proxy_matched,unknown_return_loss100_scenario,equal,WML_DS1,full,6,34,1,2021-03,2023-12,0.00331737645636,0.0116387929672,0.285027533845,34,-0.0194942385828,0.0261289914955
rf_proxy_matched,unknown_return_loss100_scenario,equal,WML_DS1,early_2021_2022,3,22,1,2021-03,2022-12,0.00715916268085,0.0187256205434,0.382319115367,22,-0.0295423791724,0.0438607045341
rf_proxy_matched,unknown_return_loss100_scenario,equal,WML_DS1,early_2021_2022,6,22,1,2021-03,2022-12,0.00715916268085,0.0166217629052,0.430710191313,22,-0.0254188939729,0.0397372193346
rf_proxy_matched,unknown_return_loss100_scenario,equal,WML_DS1,middle_2023,3,12,1,2023-01,2023-12,-0.00372589828855,0.00872352897012,-0.427109063466,12,-0.0208237008881,0.013371904311
rf_proxy_matched,unknown_return_loss100_scenario,equal,WML_DS1,middle_2023,6,12,1,2023-01,2023-12,-0.00372589828855,0.00635440814204,-0.586348595379,12,-0.01618030939,0.00872851281291
rf_proxy_matched,unknown_return_loss100_scenario,equal,WML_DS2,full,3,34,1,2021-03,2023-12,-0.000902824421928,0.0134727313582,-0.0670112390666,34,-0.0273088926575,0.0255032438136
rf_proxy_matched,unknown_return_loss100_scenario,equal,WML_DS2,full,6,34,1,2021-03,2023-12,-0.000902824421928,0.0115164025713,-0.078394656347,34,-0.0234745586931,0.0216689098492
rf_proxy_matched,unknown_return_loss100_scenario,equal,WML_DS2,early_2021_2022,3,22,1,2021-03,2022-12,-0.0027108391647,0.0185972666664,-0.145765461846,22,-0.0391608120417,0.0337391337123
rf_proxy_matched,unknown_return_loss100_scenario,equal,WML_DS2,early_2021_2022,6,22,1,2021-03,2022-12,-0.0027108391647,0.0168824383382,-0.160571542475,22,-0.0357998102788,0.0303781319494
rf_proxy_matched,unknown_return_loss100_scenario,equal,WML_DS2,middle_2023,3,12,1,2023-01,2023-12,0.00241186927315,0.0128636894047,0.187494364741,12,-0.0228004986683,0.0276242372146
rf_proxy_matched,unknown_return_loss100_scenario,equal,WML_DS2,middle_2023,6,12,1,2023-01,2023-12,0.00241186927315,0.00840081267165,0.287099518513,12,-0.0140534210042,0.0188771595505
rf_proxy_matched,unknown_return_loss100_scenario,equal,WML_DS3,full,3,34,1,2021-03,2023-12,0.00197873149069,0.0160491125182,0.123292268557,34,-0.0294769510288,0.0334344140102
rf_proxy_matched,unknown_return_loss100_scenario,equal,WML_DS3,full,6,34,1,2021-03,2023-12,0.00197873149069,0.0134497394119,0.147120433348,34,-0.024382273358,0.0283397363394
rf_proxy_matched,unknown_return_loss100_scenario,equal,WML_DS3,early_2021_2022,3,22,1,2021-03,2022-12,-0.00660066117626,0.0201001720576,-0.328388292266,22,-0.0459962744923,0.0327949521397
rf_proxy_matched,unknown_return_loss100_scenario,equal,WML_DS3,early_2021_2022,6,22,1,2021-03,2022-12,-0.00660066117626,0.0169096527701,-0.390348711828,22,-0.0397429715967,0.0265416492442
rf_proxy_matched,unknown_return_loss100_scenario,equal,WML_DS3,middle_2023,3,12,1,2023-01,2023-12,0.0177076180468,0.02295923852,0.771263299143,12,-0.027291662565,0.0627068986585
rf_proxy_matched,unknown_return_loss100_scenario,equal,WML_DS3,middle_2023,6,12,1,2023-01,2023-12,0.0177076180468,0.0175718763424,1.00772494079,12,-0.0167326267251,0.0521478628187
rf_proxy_matched,unknown_return_loss100_scenario,equal,WML_DS4,full,3,34,0.882352941176,2021-03,2023-12,-0.00132437119198,0.0197343057108,-0.0671100980897,30,-0.040002899645,0.0373541572611
rf_proxy_matched,unknown_return_loss100_scenario,equal,WML_DS4,full,6,34,0.882352941176,2021-03,2023-12,-0.00132437119198,0.0175519072521,-0.0754545459342,30,-0.035725477266,0.033076734882
rf_proxy_matched,unknown_return_loss100_scenario,equal,WML_DS4,early_2021_2022,3,22,0.863636363636,2021-03,2022-12,-0.0256954026091,0.0130379821592,-1.9708113031,19,-0.0512493780722,-0.000141427145895
rf_proxy_matched,unknown_return_loss100_scenario,equal,WML_DS4,early_2021_2022,6,22,0.863636363636,2021-03,2022-12,-0.0256954026091,0.0126784852393,-2.02669341993,19,-0.0505447770566,-0.000846028161578
rf_proxy_matched,unknown_return_loss100_scenario,equal,WML_DS4,middle_2023,3,12,0.916666666667,2023-01,2023-12,0.0407710467103,0.0341083182489,1.19534028071,11,-0.0260800286308,0.107622122051
rf_proxy_matched,unknown_return_loss100_scenario,equal,WML_DS4,middle_2023,6,12,0.916666666667,2023-01,2023-12,0.0407710467103,0.0219852175636,1.85447547164,11,-0.00231918790664,0.0838612813272
rf_proxy_matched,unknown_return_loss100_scenario,equal,WML_DS5,full,3,34,1,2021-03,2023-12,-0.00109438707016,0.00566921057546,-0.193040469319,34,-0.0122058356188,0.0100170614785
rf_proxy_matched,unknown_return_loss100_scenario,equal,WML_DS5,full,6,34,1,2021-03,2023-12,-0.00109438707016,0.00514701863999,-0.212625433615,34,-0.0111823582323,0.00899358409199
rf_proxy_matched,unknown_return_loss100_scenario,equal,WML_DS5,early_2021_2022,3,22,1,2021-03,2022-12,-0.00118669429046,0.0073657116843,-0.16111060836,22,-0.0156232239122,0.0132498353313
rf_proxy_matched,unknown_return_loss100_scenario,equal,WML_DS5,early_2021_2022,6,22,1,2021-03,2022-12,-0.00118669429046,0.00706619142838,-0.167939731394,22,-0.015036174998,0.012662786417
rf_proxy_matched,unknown_return_loss100_scenario,equal,WML_DS5,middle_2023,3,12,1,2023-01,2023-12,-0.000925157166264,0.00838571822038,-0.11032533433,12,-0.0173608628627,0.0155105485302
rf_proxy_matched,unknown_return_loss100_scenario,equal,WML_DS5,middle_2023,6,12,1,2023-01,2023-12,-0.000925157166264,0.0073503251944,-0.125866154462,12,-0.0153315298219,0.0134812154894
rf_proxy_matched,unknown_return_loss100_scenario,equal,common_highDS_WML,full,3,34,1,2021-03,2023-12,-0.00109438707016,0.00566921057546,-0.193040469319,34,-0.0122058356188,0.0100170614785
rf_proxy_matched,unknown_return_loss100_scenario,equal,common_highDS_WML,full,6,34,1,2021-03,2023-12,-0.00109438707016,0.00514701863999,-0.212625433615,34,-0.0111823582323,0.00899358409199
rf_proxy_matched,unknown_return_loss100_scenario,equal,common_highDS_WML,early_2021_2022,3,22,1,2021-03,2022-12,-0.00118669429046,0.0073657116843,-0.16111060836,22,-0.0156232239122,0.0132498353313
rf_proxy_matched,unknown_return_loss100_scenario,equal,common_highDS_WML,early_2021_2022,6,22,1,2021-03,2022-12,-0.00118669429046,0.00706619142838,-0.167939731394,22,-0.015036174998,0.012662786417
rf_proxy_matched,unknown_return_loss100_scenario,equal,common_highDS_WML,middle_2023,3,12,1,2023-01,2023-12,-0.000925157166264,0.00838571822038,-0.11032533433,12,-0.0173608628627,0.0155105485302
rf_proxy_matched,unknown_return_loss100_scenario,equal,common_highDS_WML,middle_2023,6,12,1,2023-01,2023-12,-0.000925157166264,0.0073503251944,-0.125866154462,12,-0.0153315298219,0.0134812154894
rf_proxy_matched,unknown_return_loss100_scenario,equal,common_highDS_minus_unconditional,full,3,34,1,2021-03,2023-12,0.000449592371072,0.0103415325674,0.043474443284,34,-0.019819439006,0.0207186237482
rf_proxy_matched,unknown_return_loss100_scenario,equal,common_highDS_minus_unconditional,full,6,34,1,2021-03,2023-12,0.000449592371072,0.0102093622044,0.044037263256,34,-0.0195603898547,0.0204595745969
rf_proxy_matched,unknown_return_loss100_scenario,equal,common_highDS_minus_unconditional,early_2021_2022,3,22,1,2021-03,2022-12,0.00616772739162,0.0129603192616,0.475893167993,22,-0.0192340315893,0.0315694863725
rf_proxy_matched,unknown_return_loss100_scenario,equal,common_highDS_minus_unconditional,early_2021_2022,6,22,1,2021-03,2022-12,0.00616772739162,0.0134616258096,0.458171061866,22,-0.0202165743685,0.0325520291518
rf_proxy_matched,unknown_return_loss100_scenario,equal,common_highDS_minus_unconditional,middle_2023,3,12,1,2023-01,2023-12,-0.0100336551666,0.0139429731072,-0.719620922269,12,-0.0373613802942,0.017294069961
rf_proxy_matched,unknown_return_loss100_scenario,equal,common_highDS_minus_unconditional,middle_2023,6,12,1,2023-01,2023-12,-0.0100336551666,0.0110785813672,-0.905680504936,12,-0.0317472756461,0.0116799653129
rf_proxy_matched,unknown_return_loss100_scenario,equal,common_lowDS_WML,full,3,34,1,2021-03,2023-12,0.00331737645636,0.0129836253322,0.255504635375,34,-0.0221300615836,0.0287648144963
rf_proxy_matched,unknown_return_loss100_scenario,equal,common_lowDS_WML,full,6,34,1,2021-03,2023-12,0.00331737645636,0.0116387929672,0.285027533845,34,-0.0194942385828,0.0261289914955
rf_proxy_matched,unknown_return_loss100_scenario,equal,common_lowDS_WML,early_2021_2022,3,22,1,2021-03,2022-12,0.00715916268085,0.0187256205434,0.382319115367,22,-0.0295423791724,0.0438607045341
rf_proxy_matched,unknown_return_loss100_scenario,equal,common_lowDS_WML,early_2021_2022,6,22,1,2021-03,2022-12,0.00715916268085,0.0166217629052,0.430710191313,22,-0.0254188939729,0.0397372193346
rf_proxy_matched,unknown_return_loss100_scenario,equal,common_lowDS_WML,middle_2023,3,12,1,2023-01,2023-12,-0.00372589828855,0.00872352897012,-0.427109063466,12,-0.0208237008881,0.013371904311
rf_proxy_matched,unknown_return_loss100_scenario,equal,common_lowDS_WML,middle_2023,6,12,1,2023-01,2023-12,-0.00372589828855,0.00635440814204,-0.586348595379,12,-0.01618030939,0.00872851281291
rf_proxy_matched,unknown_return_loss100_scenario,equal,common_lowDS_minus_highDS,full,3,34,1,2021-03,2023-12,0.00441176352651,0.0140398693677,0.314231095103,34,-0.0231058747818,0.0319294018348
rf_proxy_matched,unknown_return_loss100_scenario,equal,common_lowDS_minus_highDS,full,6,34,1,2021-03,2023-12,0.00441176352651,0.0140474757458,0.314060946347,34,-0.023120783009,0.031944310062
rf_proxy_matched,unknown_return_loss100_scenario,equal,common_lowDS_minus_highDS,early_2021_2022,3,22,1,2021-03,2022-12,0.00834585697131,0.02109986239,0.395540824725,22,-0.0330091133918,0.0497008273344
rf_proxy_matched,unknown_return_loss100_scenario,equal,common_lowDS_minus_highDS,early_2021_2022,6,22,1,2021-03,2022-12,0.00834585697131,0.0208341411869,0.400585601127,22,-0.0324883094038,0.0491800233464
rf_proxy_matched,unknown_return_loss100_scenario,equal,common_lowDS_minus_highDS,middle_2023,3,12,1,2023-01,2023-12,-0.00280074112228,0.00461620941832,-0.606718818078,12,-0.0118483453273,0.00624686308272
rf_proxy_matched,unknown_return_loss100_scenario,equal,common_lowDS_minus_highDS,middle_2023,6,12,1,2023-01,2023-12,-0.00280074112228,0.00442131031705,-0.63346404605,12,-0.0114663501082,0.00586486786361
rf_proxy_matched,unknown_return_loss100_scenario,equal,common_lowDS_minus_unconditional,full,3,34,1,2021-03,2023-12,0.00486135589759,0.00979125879437,0.49649958189,34,-0.0143291587027,0.0240518704979
rf_proxy_matched,unknown_return_loss100_scenario,equal,common_lowDS_minus_unconditional,full,6,34,1,2021-03,2023-12,0.00486135589759,0.00936353107537,0.519179768664,34,-0.0134908277783,0.0232135395734
rf_proxy_matched,unknown_return_loss100_scenario,equal,common_lowDS_minus_unconditional,early_2021_2022,3,22,1,2021-03,2022-12,0.0145135843629,0.0120131050578,1.20814596168,22,-0.00903166889294,0.0380588376188
rf_proxy_matched,unknown_return_loss100_scenario,equal,common_lowDS_minus_unconditional,early_2021_2022,6,22,1,2021-03,2022-12,0.0145135843629,0.0103721177461,1.3992884306,22,-0.0058153928628,0.0348425615887
rf_proxy_matched,unknown_return_loss100_scenario,equal,common_lowDS_minus_unconditional,middle_2023,3,12,1,2023-01,2023-12,-0.0128343962889,0.0125220644382,-1.02494252064,12,-0.0373771915998,0.0117083990221
rf_proxy_matched,unknown_return_loss100_scenario,equal,common_lowDS_minus_unconditional,middle_2023,6,12,1,2023-01,2023-12,-0.0128343962889,0.010800047262,-1.18836482633,12,-0.0340020999538,0.00833330737601
rf_proxy_matched,unknown_return_loss100_scenario,equal,common_unconditional_WML,full,3,34,1,2021-03,2023-12,-0.00154397944123,0.0107699015358,-0.143360590261,34,-0.0226525985685,0.0195646396861
rf_proxy_matched,unknown_return_loss100_scenario,equal,common_unconditional_WML,full,6,34,1,2021-03,2023-12,-0.00154397944123,0.00881843279709,-0.175085468898,34,-0.0188277901236,0.0157398312412
rf_proxy_matched,unknown_return_loss100_scenario,equal,common_unconditional_WML,early_2021_2022,3,22,1,2021-03,2022-12,-0.00735442168208,0.0126314298338,-0.582231922976,22,-0.0321115692296,0.0174027258655
rf_proxy_matched,unknown_return_loss100_scenario,equal,common_unconditional_WML,early_2021_2022,6,22,1,2021-03,2022-12,-0.00735442168208,0.0109250234632,-0.673172163599,22,-0.0287670742002,0.014058230836
rf_proxy_matched,unknown_return_loss100_scenario,equal,common_unconditional_WML,middle_2023,3,12,1,2023-01,2023-12,0.00910849800034,0.0149874266334,0.607742624742,12,-0.0202663184222,0.0384833144228
rf_proxy_matched,unknown_return_loss100_scenario,equal,common_unconditional_WML,middle_2023,6,12,1,2023-01,2023-12,0.00910849800034,0.00946566216587,0.962267387186,12,-0.00944385893459,0.0276608549353
rf_proxy_matched,unknown_return_loss100_scenario,equal,highDS_WML,full,3,34,1,2021-03,2023-12,-0.00109438707016,0.00566921057546,-0.193040469319,34,-0.0122058356188,0.0100170614785
rf_proxy_matched,unknown_return_loss100_scenario,equal,highDS_WML,full,6,34,1,2021-03,2023-12,-0.00109438707016,0.00514701863999,-0.212625433615,34,-0.0111823582323,0.00899358409199
rf_proxy_matched,unknown_return_loss100_scenario,equal,highDS_WML,early_2021_2022,3,22,1,2021-03,2022-12,-0.00118669429046,0.0073657116843,-0.16111060836,22,-0.0156232239122,0.0132498353313
rf_proxy_matched,unknown_return_loss100_scenario,equal,highDS_WML,early_2021_2022,6,22,1,2021-03,2022-12,-0.00118669429046,0.00706619142838,-0.167939731394,22,-0.015036174998,0.012662786417
rf_proxy_matched,unknown_return_loss100_scenario,equal,highDS_WML,middle_2023,3,12,1,2023-01,2023-12,-0.000925157166264,0.00838571822038,-0.11032533433,12,-0.0173608628627,0.0155105485302
rf_proxy_matched,unknown_return_loss100_scenario,equal,highDS_WML,middle_2023,6,12,1,2023-01,2023-12,-0.000925157166264,0.0073503251944,-0.125866154462,12,-0.0153315298219,0.0134812154894
rf_proxy_matched,unknown_return_loss100_scenario,equal,highDS_minus_unconditional,full,3,34,1,2021-03,2023-12,0.000449592371072,0.0103415325674,0.043474443284,34,-0.019819439006,0.0207186237482
rf_proxy_matched,unknown_return_loss100_scenario,equal,highDS_minus_unconditional,full,6,34,1,2021-03,2023-12,0.000449592371072,0.0102093622044,0.044037263256,34,-0.0195603898547,0.0204595745969
rf_proxy_matched,unknown_return_loss100_scenario,equal,highDS_minus_unconditional,early_2021_2022,3,22,1,2021-03,2022-12,0.00616772739162,0.0129603192616,0.475893167993,22,-0.0192340315893,0.0315694863725
rf_proxy_matched,unknown_return_loss100_scenario,equal,highDS_minus_unconditional,early_2021_2022,6,22,1,2021-03,2022-12,0.00616772739162,0.0134616258096,0.458171061866,22,-0.0202165743685,0.0325520291518
rf_proxy_matched,unknown_return_loss100_scenario,equal,highDS_minus_unconditional,middle_2023,3,12,1,2023-01,2023-12,-0.0100336551666,0.0139429731072,-0.719620922269,12,-0.0373613802942,0.017294069961
rf_proxy_matched,unknown_return_loss100_scenario,equal,highDS_minus_unconditional,middle_2023,6,12,1,2023-01,2023-12,-0.0100336551666,0.0110785813672,-0.905680504936,12,-0.0317472756461,0.0116799653129
rf_proxy_matched,unknown_return_loss100_scenario,equal,lowDS_WML,full,3,34,1,2021-03,2023-12,0.00331737645636,0.0129836253322,0.255504635375,34,-0.0221300615836,0.0287648144963
rf_proxy_matched,unknown_return_loss100_scenario,equal,lowDS_WML,full,6,34,1,2021-03,2023-12,0.00331737645636,0.0116387929672,0.285027533845,34,-0.0194942385828,0.0261289914955
rf_proxy_matched,unknown_return_loss100_scenario,equal,lowDS_WML,early_2021_2022,3,22,1,2021-03,2022-12,0.00715916268085,0.0187256205434,0.382319115367,22,-0.0295423791724,0.0438607045341
rf_proxy_matched,unknown_return_loss100_scenario,equal,lowDS_WML,early_2021_2022,6,22,1,2021-03,2022-12,0.00715916268085,0.0166217629052,0.430710191313,22,-0.0254188939729,0.0397372193346
rf_proxy_matched,unknown_return_loss100_scenario,equal,lowDS_WML,middle_2023,3,12,1,2023-01,2023-12,-0.00372589828855,0.00872352897012,-0.427109063466,12,-0.0208237008881,0.013371904311
rf_proxy_matched,unknown_return_loss100_scenario,equal,lowDS_WML,middle_2023,6,12,1,2023-01,2023-12,-0.00372589828855,0.00635440814204,-0.586348595379,12,-0.01618030939,0.00872851281291
rf_proxy_matched,unknown_return_loss100_scenario,equal,lowDS_minus_highDS,full,3,34,1,2021-03,2023-12,0.00441176352651,0.0140398693677,0.314231095103,34,-0.0231058747818,0.0319294018348
rf_proxy_matched,unknown_return_loss100_scenario,equal,lowDS_minus_highDS,full,6,34,1,2021-03,2023-12,0.00441176352651,0.0140474757458,0.314060946347,34,-0.023120783009,0.031944310062
rf_proxy_matched,unknown_return_loss100_scenario,equal,lowDS_minus_highDS,early_2021_2022,3,22,1,2021-03,2022-12,0.00834585697131,0.02109986239,0.395540824725,22,-0.0330091133918,0.0497008273344
rf_proxy_matched,unknown_return_loss100_scenario,equal,lowDS_minus_highDS,early_2021_2022,6,22,1,2021-03,2022-12,0.00834585697131,0.0208341411869,0.400585601127,22,-0.0324883094038,0.0491800233464
rf_proxy_matched,unknown_return_loss100_scenario,equal,lowDS_minus_highDS,middle_2023,3,12,1,2023-01,2023-12,-0.00280074112228,0.00461620941832,-0.606718818078,12,-0.0118483453273,0.00624686308272
rf_proxy_matched,unknown_return_loss100_scenario,equal,lowDS_minus_highDS,middle_2023,6,12,1,2023-01,2023-12,-0.00280074112228,0.00442131031705,-0.63346404605,12,-0.0114663501082,0.00586486786361
rf_proxy_matched,unknown_return_loss100_scenario,equal,lowDS_minus_unconditional,full,3,34,1,2021-03,2023-12,0.00486135589759,0.00979125879437,0.49649958189,34,-0.0143291587027,0.0240518704979
rf_proxy_matched,unknown_return_loss100_scenario,equal,lowDS_minus_unconditional,full,6,34,1,2021-03,2023-12,0.00486135589759,0.00936353107537,0.519179768664,34,-0.0134908277783,0.0232135395734
rf_proxy_matched,unknown_return_loss100_scenario,equal,lowDS_minus_unconditional,early_2021_2022,3,22,1,2021-03,2022-12,0.0145135843629,0.0120131050578,1.20814596168,22,-0.00903166889294,0.0380588376188
rf_proxy_matched,unknown_return_loss100_scenario,equal,lowDS_minus_unconditional,early_2021_2022,6,22,1,2021-03,2022-12,0.0145135843629,0.0103721177461,1.3992884306,22,-0.0058153928628,0.0348425615887
rf_proxy_matched,unknown_return_loss100_scenario,equal,lowDS_minus_unconditional,middle_2023,3,12,1,2023-01,2023-12,-0.0128343962889,0.0125220644382,-1.02494252064,12,-0.0373771915998,0.0117083990221
rf_proxy_matched,unknown_return_loss100_scenario,equal,lowDS_minus_unconditional,middle_2023,6,12,1,2023-01,2023-12,-0.0128343962889,0.010800047262,-1.18836482633,12,-0.0340020999538,0.00833330737601
rf_proxy_matched,unknown_return_loss100_scenario,equal,unconditional_WML,full,3,34,1,2021-03,2023-12,-0.00154397944123,0.0107699015358,-0.143360590261,34,-0.0226525985685,0.0195646396861
rf_proxy_matched,unknown_return_loss100_scenario,equal,unconditional_WML,full,6,34,1,2021-03,2023-12,-0.00154397944123,0.00881843279709,-0.175085468898,34,-0.0188277901236,0.0157398312412
rf_proxy_matched,unknown_return_loss100_scenario,equal,unconditional_WML,early_2021_2022,3,22,1,2021-03,2022-12,-0.00735442168208,0.0126314298338,-0.582231922976,22,-0.0321115692296,0.0174027258655
rf_proxy_matched,unknown_return_loss100_scenario,equal,unconditional_WML,early_2021_2022,6,22,1,2021-03,2022-12,-0.00735442168208,0.0109250234632,-0.673172163599,22,-0.0287670742002,0.014058230836
rf_proxy_matched,unknown_return_loss100_scenario,equal,unconditional_WML,middle_2023,3,12,1,2023-01,2023-12,0.00910849800034,0.0149874266334,0.607742624742,12,-0.0202663184222,0.0384833144228
rf_proxy_matched,unknown_return_loss100_scenario,equal,unconditional_WML,middle_2023,6,12,1,2023-01,2023-12,0.00910849800034,0.00946566216587,0.962267387186,12,-0.00944385893459,0.0276608549353
rf_proxy_matched,unknown_return_loss100_scenario,value,WML_DS1,full,3,34,1,2021-03,2023-12,0.00554403313174,0.012904011822,0.429636395891,34,-0.0197473652955,0.0308354315589
rf_proxy_matched,unknown_return_loss100_scenario,value,WML_DS1,full,6,34,1,2021-03,2023-12,0.00554403313174,0.0107415598322,0.51612924178,34,-0.0155090372772,0.0265971035407
rf_proxy_matched,unknown_return_loss100_scenario,value,WML_DS1,early_2021_2022,3,22,1,2021-03,2022-12,0.00628389274369,0.0190517237948,0.329833290224,22,-0.0310567997376,0.043624585225
rf_proxy_matched,unknown_return_loss100_scenario,value,WML_DS1,early_2021_2022,6,22,1,2021-03,2022-12,0.00628389274369,0.0162481376839,0.386745414518,22,-0.0255618719326,0.0381296574199
rf_proxy_matched,unknown_return_loss100_scenario,value,WML_DS1,middle_2023,3,12,1,2023-01,2023-12,0.00418762384316,0.0100445295983,0.416905919004,12,-0.0154992924112,0.0238745400975
rf_proxy_matched,unknown_return_loss100_scenario,value,WML_DS1,middle_2023,6,12,1,2023-01,2023-12,0.00418762384316,0.00759814682802,0.551137525761,12,-0.010704470289,0.0190797179753
rf_proxy_matched,unknown_return_loss100_scenario,value,WML_DS2,full,3,34,1,2021-03,2023-12,-0.0102064227816,0.0144155990732,-0.70801239198,34,-0.0384604777806,0.0180476322174
rf_proxy_matched,unknown_return_loss100_scenario,value,WML_DS2,full,6,34,1,2021-03,2023-12,-0.0102064227816,0.0125336588301,-0.814321094895,34,-0.0347719426832,0.01435909712
rf_proxy_matched,unknown_return_loss100_scenario,value,WML_DS2,early_2021_2022,3,22,1,2021-03,2022-12,-0.0162287972267,0.0206563130463,-0.785657982156,22,-0.0567144268509,0.0242568323974
rf_proxy_matched,unknown_return_loss100_scenario,value,WML_DS2,early_2021_2022,6,22,1,2021-03,2022-12,-0.0162287972267,0.0172231783081,-0.942264948804,22,-0.04998560641,0.0175280119565
rf_proxy_matched,unknown_return_loss100_scenario,value,WML_DS2,middle_2023,3,12,1,2023-01,2023-12,0.000834597034476,0.011067755662,0.0754079742961,12,-0.0208578054527,0.0225269995217
rf_proxy_matched,unknown_return_loss100_scenario,value,WML_DS2,middle_2023,6,12,1,2023-01,2023-12,0.000834597034476,0.00977599276793,0.0853721002345,12,-0.0183259967038,0.0199951907728
rf_proxy_matched,unknown_return_loss100_scenario,value,WML_DS3,full,3,34,1,2021-03,2023-12,-0.000842269523355,0.0167211019918,-0.0503716515674,34,-0.0336150272091,0.0319304881624
rf_proxy_matched,unknown_return_loss100_scenario,value,WML_DS3,full,6,34,1,2021-03,2023-12,-0.000842269523355,0.0133692471215,-0.0630005202012,34,-0.027045512382,0.0253609733353
rf_proxy_matched,unknown_return_loss100_scenario,value,WML_DS3,early_2021_2022,3,22,1,2021-03,2022-12,-0.00718184074118,0.0230157297643,-0.312040539872,22,-0.0522918421571,0.0379281606747
rf_proxy_matched,unknown_return_loss100_scenario,value,WML_DS3,early_2021_2022,6,22,1,2021-03,2022-12,-0.00718184074118,0.019747334034,-0.363686598343,22,-0.0458859042386,0.0315222227562
rf_proxy_matched,unknown_return_loss100_scenario,value,WML_DS3,middle_2023,3,12,1,2023-01,2023-12,0.0107802777093,0.0172290953523,0.625701900704,12,-0.0229881286673,0.044548684086
rf_proxy_matched,unknown_return_loss100_scenario,value,WML_DS3,middle_2023,6,12,1,2023-01,2023-12,0.0107802777093,0.00967545155225,1.11418858863,12,-0.00818325886724,0.0297438142859
rf_proxy_matched,unknown_return_loss100_scenario,value,WML_DS4,full,3,34,0.882352941176,2021-03,2023-12,-0.0239915060989,0.0188261516868,-1.27437123094,30,-0.0608900853725,0.0129070731747
rf_proxy_matched,unknown_return_loss100_scenario,value,WML_DS4,full,6,34,0.882352941176,2021-03,2023-12,-0.0239915060989,0.0141828699338,-1.69158331218,30,-0.0517894203666,0.00380640816877
rf_proxy_matched,unknown_return_loss100_scenario,value,WML_DS4,early_2021_2022,3,22,0.863636363636,2021-03,2022-12,-0.038682900112,0.0154000669053,-2.51186571785,19,-0.0688664766058,-0.00849932361815
rf_proxy_matched,unknown_return_loss100_scenario,value,WML_DS4,early_2021_2022,6,22,0.863636363636,2021-03,2022-12,-0.038682900112,0.0132975272492,-2.90902958025,19,-0.0647455746038,-0.0126202256202
rf_proxy_matched,unknown_return_loss100_scenario,value,WML_DS4,middle_2023,3,12,0.916666666667,2023-01,2023-12,0.00138453810551,0.038687436954,0.0357877961044,11,-0.0744414449786,0.0772105211896
rf_proxy_matched,unknown_return_loss100_scenario,value,WML_DS4,middle_2023,6,12,0.916666666667,2023-01,2023-12,0.00138453810551,0.0325294347962,0.042562624103,11,-0.0623719825324,0.0651410587435
rf_proxy_matched,unknown_return_loss100_scenario,value,WML_DS5,full,3,34,1,2021-03,2023-12,-0.011448288233,0.00745985976623,-1.53465193607,34,-0.0260693447045,0.0031727682385
rf_proxy_matched,unknown_return_loss100_scenario,value,WML_DS5,full,6,34,1,2021-03,2023-12,-0.011448288233,0.00662037506707,-1.72925070212,34,-0.0244239849286,0.00152740846259
rf_proxy_matched,unknown_return_loss100_scenario,value,WML_DS5,early_2021_2022,3,22,1,2021-03,2022-12,-0.0160305647076,0.009495383469,-1.68824826927,22,-0.0346411743262,0.00258004491102
rf_proxy_matched,unknown_return_loss100_scenario,value,WML_DS5,early_2021_2022,6,22,1,2021-03,2022-12,-0.0160305647076,0.00767521564718,-2.08861424154,22,-0.0310737109497,-0.000987418465562
rf_proxy_matched,unknown_return_loss100_scenario,value,WML_DS5,middle_2023,3,12,1,2023-01,2023-12,-0.0030474480296,0.0103794833865,-0.293603054808,12,-0.0233908616452,0.017295965586
rf_proxy_matched,unknown_return_loss100_scenario,value,WML_DS5,middle_2023,6,12,1,2023-01,2023-12,-0.0030474480296,0.0083893938199,-0.363250086362,12,-0.0194903577687,0.0133954617095
rf_proxy_matched,unknown_return_loss100_scenario,value,common_highDS_WML,full,3,34,1,2021-03,2023-12,-0.011448288233,0.00745985976623,-1.53465193607,34,-0.0260693447045,0.0031727682385
rf_proxy_matched,unknown_return_loss100_scenario,value,common_highDS_WML,full,6,34,1,2021-03,2023-12,-0.011448288233,0.00662037506707,-1.72925070212,34,-0.0244239849286,0.00152740846259
rf_proxy_matched,unknown_return_loss100_scenario,value,common_highDS_WML,early_2021_2022,3,22,1,2021-03,2022-12,-0.0160305647076,0.009495383469,-1.68824826927,22,-0.0346411743262,0.00258004491102
rf_proxy_matched,unknown_return_loss100_scenario,value,common_highDS_WML,early_2021_2022,6,22,1,2021-03,2022-12,-0.0160305647076,0.00767521564718,-2.08861424154,22,-0.0310737109497,-0.000987418465562
rf_proxy_matched,unknown_return_loss100_scenario,value,common_highDS_WML,middle_2023,3,12,1,2023-01,2023-12,-0.0030474480296,0.0103794833865,-0.293603054808,12,-0.0233908616452,0.017295965586
rf_proxy_matched,unknown_return_loss100_scenario,value,common_highDS_WML,middle_2023,6,12,1,2023-01,2023-12,-0.0030474480296,0.0083893938199,-0.363250086362,12,-0.0194903577687,0.0133954617095
rf_proxy_matched,unknown_return_loss100_scenario,value,common_highDS_minus_unconditional,full,3,34,1,2021-03,2023-12,-0.00701905285622,0.0102514239796,-0.684690523988,34,-0.0271114746465,0.0130733689341
rf_proxy_matched,unknown_return_loss100_scenario,value,common_highDS_minus_unconditional,full,6,34,1,2021-03,2023-12,-0.00701905285622,0.00853163753434,-0.822708750574,34,-0.0237407551527,0.00970264944023
rf_proxy_matched,unknown_return_loss100_scenario,value,common_highDS_minus_unconditional,early_2021_2022,3,22,1,2021-03,2022-12,-0.00530917327045,0.0146670234735,-0.36198028046,22,-0.0340560110389,0.023437664498
rf_proxy_matched,unknown_return_loss100_scenario,value,common_highDS_minus_unconditional,early_2021_2022,6,22,1,2021-03,2022-12,-0.00530917327045,0.0129398933818,-0.410294978002,22,-0.0306708982626,0.0200525517217
rf_proxy_matched,unknown_return_loss100_scenario,value,common_highDS_minus_unconditional,middle_2023,3,12,1,2023-01,2023-12,-0.0101538320968,0.00844064190804,-1.20296918261,12,-0.026697186243,0.00638952204937
rf_proxy_matched,unknown_return_loss100_scenario,value,common_highDS_minus_unconditional,middle_2023,6,12,1,2023-01,2023-12,-0.0101538320968,0.00677147127499,-1.49950161264,12,-0.0234256719181,0.00311800772452
rf_proxy_matched,unknown_return_loss100_scenario,value,common_lowDS_WML,full,3,34,1,2021-03,2023-12,0.00554403313174,0.012904011822,0.429636395891,34,-0.0197473652955,0.0308354315589
rf_proxy_matched,unknown_return_loss100_scenario,value,common_lowDS_WML,full,6,34,1,2021-03,2023-12,0.00554403313174,0.0107415598322,0.51612924178,34,-0.0155090372772,0.0265971035407
rf_proxy_matched,unknown_return_loss100_scenario,value,common_lowDS_WML,early_2021_2022,3,22,1,2021-03,2022-12,0.00628389274369,0.0190517237948,0.329833290224,22,-0.0310567997376,0.043624585225
rf_proxy_matched,unknown_return_loss100_scenario,value,common_lowDS_WML,early_2021_2022,6,22,1,2021-03,2022-12,0.00628389274369,0.0162481376839,0.386745414518,22,-0.0255618719326,0.0381296574199
rf_proxy_matched,unknown_return_loss100_scenario,value,common_lowDS_WML,middle_2023,3,12,1,2023-01,2023-12,0.00418762384316,0.0100445295983,0.416905919004,12,-0.0154992924112,0.0238745400975
rf_proxy_matched,unknown_return_loss100_scenario,value,common_lowDS_WML,middle_2023,6,12,1,2023-01,2023-12,0.00418762384316,0.00759814682802,0.551137525761,12,-0.010704470289,0.0190797179753
rf_proxy_matched,unknown_return_loss100_scenario,value,common_lowDS_minus_highDS,full,3,34,1,2021-03,2023-12,0.0169923213648,0.0115373165994,1.47281399607,34,-0.00562040364832,0.0396050463778
rf_proxy_matched,unknown_return_loss100_scenario,value,common_lowDS_minus_highDS,full,6,34,1,2021-03,2023-12,0.0169923213648,0.0101240344215,1.67841402521,34,-0.00285042147958,0.0368350642091
rf_proxy_matched,unknown_return_loss100_scenario,value,common_lowDS_minus_highDS,early_2021_2022,3,22,1,2021-03,2022-12,0.0223144574513,0.0170806195059,1.30641967895,22,-0.011162941614,0.0557918565166
rf_proxy_matched,unknown_return_loss100_scenario,value,common_lowDS_minus_highDS,early_2021_2022,6,22,1,2021-03,2022-12,0.0223144574513,0.0138741889398,1.60834320104,22,-0.00487845318548,0.0495073680881
rf_proxy_matched,unknown_return_loss100_scenario,value,common_lowDS_minus_highDS,middle_2023,3,12,1,2023-01,2023-12,0.00723507187276,0.00634955730101,1.13946083637,12,-0.00520983175499,0.0196799755005
rf_proxy_matched,unknown_return_loss100_scenario,value,common_lowDS_minus_highDS,middle_2023,6,12,1,2023-01,2023-12,0.00723507187276,0.00714646310865,1.01239896754,12,-0.00677173843704,0.0212418821826
rf_proxy_matched,unknown_return_loss100_scenario,value,common_lowDS_minus_unconditional,full,3,34,1,2021-03,2023-12,0.00997326850854,0.00823142403802,1.21160912893,34,-0.00616002614746,0.0261065631645
rf_proxy_matched,unknown_return_loss100_scenario,value,common_lowDS_minus_unconditional,full,6,34,1,2021-03,2023-12,0.00997326850854,0.00707735851965,1.40917949555,34,-0.00389809929566,0.0238446363127
rf_proxy_matched,unknown_return_loss100_scenario,value,common_lowDS_minus_unconditional,early_2021_2022,3,22,1,2021-03,2022-12,0.0170052841809,0.0102605742953,1.65734233693,22,-0.00310507189871,0.0371156402604
rf_proxy_matched,unknown_return_loss100_scenario,value,common_lowDS_minus_unconditional,early_2021_2022,6,22,1,2021-03,2022-12,0.0170052841809,0.00841046763844,2.02191898381,22,0.000521070516377,0.0334894978453
rf_proxy_matched,unknown_return_loss100_scenario,value,common_lowDS_minus_unconditional,middle_2023,3,12,1,2023-01,2023-12,-0.00291876022403,0.0102469103909,-0.284842953895,12,-0.023002335543,0.0171648150949
rf_proxy_matched,unknown_return_loss100_scenario,value,common_lowDS_minus_unconditional,middle_2023,6,12,1,2023-01,2023-12,-0.00291876022403,0.00678233103835,-0.430347650024,12,-0.0162118847904,0.0103743643424
rf_proxy_matched,unknown_return_loss100_scenario,value,common_unconditional_WML,full,3,34,1,2021-03,2023-12,-0.0044292353768,0.0128801321489,-0.343881206001,34,-0.0296738305047,0.0208153597511
rf_proxy_matched,unknown_return_loss100_scenario,value,common_unconditional_WML,full,6,34,1,2021-03,2023-12,-0.0044292353768,0.00986784816765,-0.448855241949,34,-0.0237698623903,0.0149113916367
rf_proxy_matched,unknown_return_loss100_scenario,value,common_unconditional_WML,early_2021_2022,3,22,1,2021-03,2022-12,-0.0107213914372,0.0167857972605,-0.638718034704,22,-0.0436209495195,0.0221781666452
rf_proxy_matched,unknown_return_loss100_scenario,value,common_unconditional_WML,early_2021_2022,6,22,1,2021-03,2022-12,-0.0107213914372,0.014150589294,-0.757663954087,22,-0.0384560368135,0.0170132539391
rf_proxy_matched,unknown_return_loss100_scenario,value,common_unconditional_WML,middle_2023,3,12,1,2023-01,2023-12,0.00710638406719,0.015069957481,0.471559662738,12,-0.022430189844,0.0366429579784
rf_proxy_matched,unknown_return_loss100_scenario,value,common_unconditional_WML,middle_2023,6,12,1,2023-01,2023-12,0.00710638406719,0.00939868827927,0.756103815345,12,-0.0113147064621,0.0255274745965
rf_proxy_matched,unknown_return_loss100_scenario,value,highDS_WML,full,3,34,1,2021-03,2023-12,-0.011448288233,0.00745985976623,-1.53465193607,34,-0.0260693447045,0.0031727682385
rf_proxy_matched,unknown_return_loss100_scenario,value,highDS_WML,full,6,34,1,2021-03,2023-12,-0.011448288233,0.00662037506707,-1.72925070212,34,-0.0244239849286,0.00152740846259
rf_proxy_matched,unknown_return_loss100_scenario,value,highDS_WML,early_2021_2022,3,22,1,2021-03,2022-12,-0.0160305647076,0.009495383469,-1.68824826927,22,-0.0346411743262,0.00258004491102
rf_proxy_matched,unknown_return_loss100_scenario,value,highDS_WML,early_2021_2022,6,22,1,2021-03,2022-12,-0.0160305647076,0.00767521564718,-2.08861424154,22,-0.0310737109497,-0.000987418465562
rf_proxy_matched,unknown_return_loss100_scenario,value,highDS_WML,middle_2023,3,12,1,2023-01,2023-12,-0.0030474480296,0.0103794833865,-0.293603054808,12,-0.0233908616452,0.017295965586
rf_proxy_matched,unknown_return_loss100_scenario,value,highDS_WML,middle_2023,6,12,1,2023-01,2023-12,-0.0030474480296,0.0083893938199,-0.363250086362,12,-0.0194903577687,0.0133954617095
rf_proxy_matched,unknown_return_loss100_scenario,value,highDS_minus_unconditional,full,3,34,1,2021-03,2023-12,-0.00701905285622,0.0102514239796,-0.684690523988,34,-0.0271114746465,0.0130733689341
rf_proxy_matched,unknown_return_loss100_scenario,value,highDS_minus_unconditional,full,6,34,1,2021-03,2023-12,-0.00701905285622,0.00853163753434,-0.822708750574,34,-0.0237407551527,0.00970264944023
rf_proxy_matched,unknown_return_loss100_scenario,value,highDS_minus_unconditional,early_2021_2022,3,22,1,2021-03,2022-12,-0.00530917327045,0.0146670234735,-0.36198028046,22,-0.0340560110389,0.023437664498
rf_proxy_matched,unknown_return_loss100_scenario,value,highDS_minus_unconditional,early_2021_2022,6,22,1,2021-03,2022-12,-0.00530917327045,0.0129398933818,-0.410294978002,22,-0.0306708982626,0.0200525517217
rf_proxy_matched,unknown_return_loss100_scenario,value,highDS_minus_unconditional,middle_2023,3,12,1,2023-01,2023-12,-0.0101538320968,0.00844064190804,-1.20296918261,12,-0.026697186243,0.00638952204937
rf_proxy_matched,unknown_return_loss100_scenario,value,highDS_minus_unconditional,middle_2023,6,12,1,2023-01,2023-12,-0.0101538320968,0.00677147127499,-1.49950161264,12,-0.0234256719181,0.00311800772452
rf_proxy_matched,unknown_return_loss100_scenario,value,lowDS_WML,full,3,34,1,2021-03,2023-12,0.00554403313174,0.012904011822,0.429636395891,34,-0.0197473652955,0.0308354315589
rf_proxy_matched,unknown_return_loss100_scenario,value,lowDS_WML,full,6,34,1,2021-03,2023-12,0.00554403313174,0.0107415598322,0.51612924178,34,-0.0155090372772,0.0265971035407
rf_proxy_matched,unknown_return_loss100_scenario,value,lowDS_WML,early_2021_2022,3,22,1,2021-03,2022-12,0.00628389274369,0.0190517237948,0.329833290224,22,-0.0310567997376,0.043624585225
rf_proxy_matched,unknown_return_loss100_scenario,value,lowDS_WML,early_2021_2022,6,22,1,2021-03,2022-12,0.00628389274369,0.0162481376839,0.386745414518,22,-0.0255618719326,0.0381296574199
rf_proxy_matched,unknown_return_loss100_scenario,value,lowDS_WML,middle_2023,3,12,1,2023-01,2023-12,0.00418762384316,0.0100445295983,0.416905919004,12,-0.0154992924112,0.0238745400975
rf_proxy_matched,unknown_return_loss100_scenario,value,lowDS_WML,middle_2023,6,12,1,2023-01,2023-12,0.00418762384316,0.00759814682802,0.551137525761,12,-0.010704470289,0.0190797179753
rf_proxy_matched,unknown_return_loss100_scenario,value,lowDS_minus_highDS,full,3,34,1,2021-03,2023-12,0.0169923213648,0.0115373165994,1.47281399607,34,-0.00562040364832,0.0396050463778
rf_proxy_matched,unknown_return_loss100_scenario,value,lowDS_minus_highDS,full,6,34,1,2021-03,2023-12,0.0169923213648,0.0101240344215,1.67841402521,34,-0.00285042147958,0.0368350642091
rf_proxy_matched,unknown_return_loss100_scenario,value,lowDS_minus_highDS,early_2021_2022,3,22,1,2021-03,2022-12,0.0223144574513,0.0170806195059,1.30641967895,22,-0.011162941614,0.0557918565166
rf_proxy_matched,unknown_return_loss100_scenario,value,lowDS_minus_highDS,early_2021_2022,6,22,1,2021-03,2022-12,0.0223144574513,0.0138741889398,1.60834320104,22,-0.00487845318548,0.0495073680881
rf_proxy_matched,unknown_return_loss100_scenario,value,lowDS_minus_highDS,middle_2023,3,12,1,2023-01,2023-12,0.00723507187276,0.00634955730101,1.13946083637,12,-0.00520983175499,0.0196799755005
rf_proxy_matched,unknown_return_loss100_scenario,value,lowDS_minus_highDS,middle_2023,6,12,1,2023-01,2023-12,0.00723507187276,0.00714646310865,1.01239896754,12,-0.00677173843704,0.0212418821826
rf_proxy_matched,unknown_return_loss100_scenario,value,lowDS_minus_unconditional,full,3,34,1,2021-03,2023-12,0.00997326850854,0.00823142403802,1.21160912893,34,-0.00616002614746,0.0261065631645
rf_proxy_matched,unknown_return_loss100_scenario,value,lowDS_minus_unconditional,full,6,34,1,2021-03,2023-12,0.00997326850854,0.00707735851965,1.40917949555,34,-0.00389809929566,0.0238446363127
rf_proxy_matched,unknown_return_loss100_scenario,value,lowDS_minus_unconditional,early_2021_2022,3,22,1,2021-03,2022-12,0.0170052841809,0.0102605742953,1.65734233693,22,-0.00310507189871,0.0371156402604
rf_proxy_matched,unknown_return_loss100_scenario,value,lowDS_minus_unconditional,early_2021_2022,6,22,1,2021-03,2022-12,0.0170052841809,0.00841046763844,2.02191898381,22,0.000521070516377,0.0334894978453
rf_proxy_matched,unknown_return_loss100_scenario,value,lowDS_minus_unconditional,middle_2023,3,12,1,2023-01,2023-12,-0.00291876022403,0.0102469103909,-0.284842953895,12,-0.023002335543,0.0171648150949
rf_proxy_matched,unknown_return_loss100_scenario,value,lowDS_minus_unconditional,middle_2023,6,12,1,2023-01,2023-12,-0.00291876022403,0.00678233103835,-0.430347650024,12,-0.0162118847904,0.0103743643424
rf_proxy_matched,unknown_return_loss100_scenario,value,unconditional_WML,full,3,34,1,2021-03,2023-12,-0.0044292353768,0.0128801321489,-0.343881206001,34,-0.0296738305047,0.0208153597511
rf_proxy_matched,unknown_return_loss100_scenario,value,unconditional_WML,full,6,34,1,2021-03,2023-12,-0.0044292353768,0.00986784816765,-0.448855241949,34,-0.0237698623903,0.0149113916367
rf_proxy_matched,unknown_return_loss100_scenario,value,unconditional_WML,early_2021_2022,3,22,1,2021-03,2022-12,-0.0107213914372,0.0167857972605,-0.638718034704,22,-0.0436209495195,0.0221781666452
rf_proxy_matched,unknown_return_loss100_scenario,value,unconditional_WML,early_2021_2022,6,22,1,2021-03,2022-12,-0.0107213914372,0.014150589294,-0.757663954087,22,-0.0384560368135,0.0170132539391
rf_proxy_matched,unknown_return_loss100_scenario,value,unconditional_WML,middle_2023,3,12,1,2023-01,2023-12,0.00710638406719,0.015069957481,0.471559662738,12,-0.022430189844,0.0366429579784
rf_proxy_matched,unknown_return_loss100_scenario,value,unconditional_WML,middle_2023,6,12,1,2023-01,2023-12,0.00710638406719,0.00939868827927,0.756103815345,12,-0.0113147064621,0.0255274745965
rf_proxy_matched,unknown_return_zero_scenario,equal,WML_DS1,full,3,34,1,2021-03,2023-12,0.00331737645636,0.0129836253322,0.255504635375,34,-0.0221300615836,0.0287648144963
rf_proxy_matched,unknown_return_zero_scenario,equal,WML_DS1,full,6,34,1,2021-03,2023-12,0.00331737645636,0.0116387929672,0.285027533845,34,-0.0194942385828,0.0261289914955
rf_proxy_matched,unknown_return_zero_scenario,equal,WML_DS1,early_2021_2022,3,22,1,2021-03,2022-12,0.00715916268085,0.0187256205434,0.382319115367,22,-0.0295423791724,0.0438607045341
rf_proxy_matched,unknown_return_zero_scenario,equal,WML_DS1,early_2021_2022,6,22,1,2021-03,2022-12,0.00715916268085,0.0166217629052,0.430710191313,22,-0.0254188939729,0.0397372193346
rf_proxy_matched,unknown_return_zero_scenario,equal,WML_DS1,middle_2023,3,12,1,2023-01,2023-12,-0.00372589828855,0.00872352897012,-0.427109063466,12,-0.0208237008881,0.013371904311
rf_proxy_matched,unknown_return_zero_scenario,equal,WML_DS1,middle_2023,6,12,1,2023-01,2023-12,-0.00372589828855,0.00635440814204,-0.586348595379,12,-0.01618030939,0.00872851281291
rf_proxy_matched,unknown_return_zero_scenario,equal,WML_DS2,full,3,34,1,2021-03,2023-12,-0.00118837553558,0.0134580770735,-0.0883020307497,34,-0.0275657219008,0.0251889708297
rf_proxy_matched,unknown_return_zero_scenario,equal,WML_DS2,full,6,34,1,2021-03,2023-12,-0.00118837553558,0.0114778004646,-0.103536870086,34,-0.0236844510679,0.0213076999967
rf_proxy_matched,unknown_return_zero_scenario,equal,WML_DS2,early_2021_2022,3,22,1,2021-03,2022-12,-0.0027108391647,0.0185972666664,-0.145765461846,22,-0.0391608120417,0.0337391337123
rf_proxy_matched,unknown_return_zero_scenario,equal,WML_DS2,early_2021_2022,6,22,1,2021-03,2022-12,-0.0027108391647,0.0168824383382,-0.160571542475,22,-0.0357998102788,0.0303781319494
rf_proxy_matched,unknown_return_zero_scenario,equal,WML_DS2,middle_2023,3,12,1,2023-01,2023-12,0.00160280778448,0.012851703593,0.124715589095,12,-0.0235860683979,0.0267916839668
rf_proxy_matched,unknown_return_zero_scenario,equal,WML_DS2,middle_2023,6,12,1,2023-01,2023-12,0.00160280778448,0.00828950818267,0.19335378519,12,-0.0146443297031,0.0178499452721
rf_proxy_matched,unknown_return_zero_scenario,equal,WML_DS3,full,3,34,1,2021-03,2023-12,0.000486386980075,0.0160727467313,0.0302615967394,34,-0.0310156177458,0.031988391706
rf_proxy_matched,unknown_return_zero_scenario,equal,WML_DS3,full,6,34,1,2021-03,2023-12,0.000486386980075,0.0131868350374,0.0368842848717,34,-0.0253593347633,0.0263321087234
rf_proxy_matched,unknown_return_zero_scenario,equal,WML_DS3,early_2021_2022,3,22,1,2021-03,2022-12,-0.00714178671739,0.019952864,-0.357932912158,22,-0.0462486815457,0.031965108111
rf_proxy_matched,unknown_return_zero_scenario,equal,WML_DS3,early_2021_2022,6,22,1,2021-03,2022-12,-0.00714178671739,0.0165971238119,-0.430302671615,22,-0.0396715516357,0.0253879782009
rf_proxy_matched,unknown_return_zero_scenario,equal,WML_DS3,middle_2023,3,12,1,2023-01,2023-12,0.0144713720921,0.0240984281927,0.600511036502,12,-0.0327606792497,0.0617034234339
rf_proxy_matched,unknown_return_zero_scenario,equal,WML_DS3,middle_2023,6,12,1,2023-01,2023-12,0.0144713720921,0.0184417311632,0.784707897757,12,-0.0216737568004,0.0506165009846
rf_proxy_matched,unknown_return_zero_scenario,equal,WML_DS4,full,3,34,0.882352941176,2021-03,2023-12,-0.0150961430597,0.0157902222306,-0.956043736387,30,-0.0460444099397,0.0158521238202
rf_proxy_matched,unknown_return_zero_scenario,equal,WML_DS4,full,6,34,0.882352941176,2021-03,2023-12,-0.0150961430597,0.0112800591456,-1.33830353767,30,-0.0372046527287,0.00701236660917
rf_proxy_matched,unknown_return_zero_scenario,equal,WML_DS4,early_2021_2022,3,22,0.863636363636,2021-03,2022-12,-0.0270278476457,0.0122634979705,-2.20392645808,19,-0.0510638619923,-0.00299183329914
rf_proxy_matched,unknown_return_zero_scenario,equal,WML_DS4,early_2021_2022,6,22,0.863636363636,2021-03,2022-12,-0.0270278476457,0.0118347060413,-2.28377853674,19,-0.0502234452543,-0.00383225003713
rf_proxy_matched,unknown_return_zero_scenario,equal,WML_DS4,middle_2023,3,12,0.916666666667,2023-01,2023-12,0.00551316486147,0.0320407470313,0.17206730093,11,-0.0572855453576,0.0683118750805
rf_proxy_matched,unknown_return_zero_scenario,equal,WML_DS4,middle_2023,6,12,0.916666666667,2023-01,2023-12,0.00551316486147,0.0190030205706,0.290120449061,11,-0.0317320710544,0.0427584007773
rf_proxy_matched,unknown_return_zero_scenario,equal,WML_DS5,full,3,34,1,2021-03,2023-12,-0.00991808862021,0.0046073016276,-2.15268923588,34,-0.0189482338762,-0.000887943364197
rf_proxy_matched,unknown_return_zero_scenario,equal,WML_DS5,full,6,34,1,2021-03,2023-12,-0.00991808862021,0.00312185793936,-3.17698268559,34,-0.0160368177462,-0.00379935949422
rf_proxy_matched,unknown_return_zero_scenario,equal,WML_DS5,early_2021_2022,3,22,1,2021-03,2022-12,-0.0111006301324,0.00545466343211,-2.03507150727,22,-0.0217915740072,-0.000409686257719
rf_proxy_matched,unknown_return_zero_scenario,equal,WML_DS5,early_2021_2022,6,22,1,2021-03,2022-12,-0.0111006301324,0.00321062899864,-3.45746273927,22,-0.0173933473375,-0.00480791292738
rf_proxy_matched,unknown_return_zero_scenario,equal,WML_DS5,middle_2023,3,12,1,2023-01,2023-12,-0.00775009584778,0.00820343629192,-0.944737738186,12,-0.0238285355294,0.00832834383385
rf_proxy_matched,unknown_return_zero_scenario,equal,WML_DS5,middle_2023,6,12,1,2023-01,2023-12,-0.00775009584778,0.0067560631225,-1.14713194759,12,-0.0209917362452,0.0054915445496
rf_proxy_matched,unknown_return_zero_scenario,equal,common_highDS_WML,full,3,34,1,2021-03,2023-12,-0.00991808862021,0.0046073016276,-2.15268923588,34,-0.0189482338762,-0.000887943364197
rf_proxy_matched,unknown_return_zero_scenario,equal,common_highDS_WML,full,6,34,1,2021-03,2023-12,-0.00991808862021,0.00312185793936,-3.17698268559,34,-0.0160368177462,-0.00379935949422
rf_proxy_matched,unknown_return_zero_scenario,equal,common_highDS_WML,early_2021_2022,3,22,1,2021-03,2022-12,-0.0111006301324,0.00545466343211,-2.03507150727,22,-0.0217915740072,-0.000409686257719
rf_proxy_matched,unknown_return_zero_scenario,equal,common_highDS_WML,early_2021_2022,6,22,1,2021-03,2022-12,-0.0111006301324,0.00321062899864,-3.45746273927,22,-0.0173933473375,-0.00480791292738
rf_proxy_matched,unknown_return_zero_scenario,equal,common_highDS_WML,middle_2023,3,12,1,2023-01,2023-12,-0.00775009584778,0.00820343629192,-0.944737738186,12,-0.0238285355294,0.00832834383385
rf_proxy_matched,unknown_return_zero_scenario,equal,common_highDS_WML,middle_2023,6,12,1,2023-01,2023-12,-0.00775009584778,0.0067560631225,-1.14713194759,12,-0.0209917362452,0.0054915445496
rf_proxy_matched,unknown_return_zero_scenario,equal,common_highDS_minus_unconditional,full,3,34,1,2021-03,2023-12,-0.00484841270494,0.0101575091384,-0.477322997095,34,-0.0247567647887,0.0150599393789
rf_proxy_matched,unknown_return_zero_scenario,equal,common_highDS_minus_unconditional,full,6,34,1,2021-03,2023-12,-0.00484841270494,0.0093412021743,-0.519035196377,34,-0.0231568325389,0.013460007129
rf_proxy_matched,unknown_return_zero_scenario,equal,common_highDS_minus_unconditional,early_2021_2022,3,22,1,2021-03,2022-12,-0.000939032769762,0.0129173861537,-0.0726952619197,22,-0.0262566444054,0.0243785788659
rf_proxy_matched,unknown_return_zero_scenario,equal,common_highDS_minus_unconditional,early_2021_2022,6,22,1,2021-03,2022-12,-0.000939032769762,0.0121106571474,-0.0775377222173,22,-0.0246754846077,0.0227974190682
rf_proxy_matched,unknown_return_zero_scenario,equal,common_highDS_minus_unconditional,middle_2023,3,12,1,2023-01,2023-12,-0.0120156092528,0.0133313930172,-0.901301854746,12,-0.0381446594302,0.0141134409247
rf_proxy_matched,unknown_return_zero_scenario,equal,common_highDS_minus_unconditional,middle_2023,6,12,1,2023-01,2023-12,-0.0120156092528,0.0107164744831,-1.12122781347,12,-0.0330195132808,0.00898829477533
rf_proxy_matched,unknown_return_zero_scenario,equal,common_lowDS_WML,full,3,34,1,2021-03,2023-12,0.00331737645636,0.0129836253322,0.255504635375,34,-0.0221300615836,0.0287648144963
rf_proxy_matched,unknown_return_zero_scenario,equal,common_lowDS_WML,full,6,34,1,2021-03,2023-12,0.00331737645636,0.0116387929672,0.285027533845,34,-0.0194942385828,0.0261289914955
rf_proxy_matched,unknown_return_zero_scenario,equal,common_lowDS_WML,early_2021_2022,3,22,1,2021-03,2022-12,0.00715916268085,0.0187256205434,0.382319115367,22,-0.0295423791724,0.0438607045341
rf_proxy_matched,unknown_return_zero_scenario,equal,common_lowDS_WML,early_2021_2022,6,22,1,2021-03,2022-12,0.00715916268085,0.0166217629052,0.430710191313,22,-0.0254188939729,0.0397372193346
rf_proxy_matched,unknown_return_zero_scenario,equal,common_lowDS_WML,middle_2023,3,12,1,2023-01,2023-12,-0.00372589828855,0.00872352897012,-0.427109063466,12,-0.0208237008881,0.013371904311
rf_proxy_matched,unknown_return_zero_scenario,equal,common_lowDS_WML,middle_2023,6,12,1,2023-01,2023-12,-0.00372589828855,0.00635440814204,-0.586348595379,12,-0.01618030939,0.00872851281291
rf_proxy_matched,unknown_return_zero_scenario,equal,common_lowDS_minus_highDS,full,3,34,1,2021-03,2023-12,0.0132354650766,0.014277621907,0.927007674163,34,-0.014748159646,0.0412190897991
rf_proxy_matched,unknown_return_zero_scenario,equal,common_lowDS_minus_highDS,full,6,34,1,2021-03,2023-12,0.0132354650766,0.0130494438673,1.01425510628,34,-0.0123409749216,0.0388119050747
rf_proxy_matched,unknown_return_zero_scenario,equal,common_lowDS_minus_highDS,early_2021_2022,3,22,1,2021-03,2022-12,0.0182597928133,0.0213151655878,0.856657328703,22,-0.0235171640633,0.0600367496899
rf_proxy_matched,unknown_return_zero_scenario,equal,common_lowDS_minus_highDS,early_2021_2022,6,22,1,2021-03,2022-12,0.0182597928133,0.0186598338233,0.978561384106,22,-0.0183128094378,0.0548323950644
rf_proxy_matched,unknown_return_zero_scenario,equal,common_lowDS_minus_highDS,middle_2023,3,12,1,2023-01,2023-12,0.00402419755924,0.00410716921819,0.979798334438,12,-0.00402570618682,0.0120741013053
rf_proxy_matched,unknown_return_zero_scenario,equal,common_lowDS_minus_highDS,middle_2023,6,12,1,2023-01,2023-12,0.00402419755924,0.00496116048302,0.811140371896,12,-0.00569949830902,0.0137478934275
rf_proxy_matched,unknown_return_zero_scenario,equal,common_lowDS_minus_unconditional,full,3,34,1,2021-03,2023-12,0.00838705237163,0.00980708035308,0.855203798651,34,-0.0108344719139,0.0276085766572
rf_proxy_matched,unknown_return_zero_scenario,equal,common_lowDS_minus_unconditional,full,6,34,1,2021-03,2023-12,0.00838705237163,0.00894705805365,0.937408958492,34,-0.0091488591811,0.0259229639244
rf_proxy_matched,unknown_return_zero_scenario,equal,common_lowDS_minus_unconditional,early_2021_2022,3,22,1,2021-03,2022-12,0.0173207600435,0.0120660766246,1.4354922965,22,-0.0063283155753,0.0409698356624
rf_proxy_matched,unknown_return_zero_scenario,equal,common_lowDS_minus_unconditional,early_2021_2022,6,22,1,2021-03,2022-12,0.0173207600435,0.00979412942651,1.76848388348,22,-0.00187538089235,0.0365169009794
rf_proxy_matched,unknown_return_zero_scenario,equal,common_lowDS_minus_unconditional,middle_2023,3,12,1,2023-01,2023-12,-0.00799141169352,0.0135012418818,-0.591901971941,12,-0.0344533595285,0.0184705361415
rf_proxy_matched,unknown_return_zero_scenario,equal,common_lowDS_minus_unconditional,middle_2023,6,12,1,2023-01,2023-12,-0.00799141169352,0.0117739532998,-0.678736486382,12,-0.0310679361168,0.0150851127297
rf_proxy_matched,unknown_return_zero_scenario,equal,common_unconditional_WML,full,3,34,1,2021-03,2023-12,-0.00506967591527,0.0106521880359,-0.475928128397,34,-0.0259475808222,0.0158082289917
rf_proxy_matched,unknown_return_zero_scenario,equal,common_unconditional_WML,full,6,34,1,2021-03,2023-12,-0.00506967591527,0.00866272363322,-0.585228864491,34,-0.0220483022444,0.0119089504139
rf_proxy_matched,unknown_return_zero_scenario,equal,common_unconditional_WML,early_2021_2022,3,22,1,2021-03,2022-12,-0.0101615973627,0.0123808748784,-0.820749540115,22,-0.0344276662215,0.0141044714961
rf_proxy_matched,unknown_return_zero_scenario,equal,common_unconditional_WML,early_2021_2022,6,22,1,2021-03,2022-12,-0.0101615973627,0.0109656024085,-0.926679354601,22,-0.031653783152,0.0113305884267
rf_proxy_matched,unknown_return_zero_scenario,equal,common_unconditional_WML,middle_2023,3,12,1,2023-01,2023-12,0.00426551340497,0.0158535512803,0.269057281209,12,-0.0268068761314,0.0353379029414
rf_proxy_matched,unknown_return_zero_scenario,equal,common_unconditional_WML,middle_2023,6,12,1,2023-01,2023-12,0.00426551340497,0.0100960824275,0.422491935424,12,-0.0155224445378,0.0240534713477
rf_proxy_matched,unknown_return_zero_scenario,equal,highDS_WML,full,3,34,1,2021-03,2023-12,-0.00991808862021,0.0046073016276,-2.15268923588,34,-0.0189482338762,-0.000887943364197
rf_proxy_matched,unknown_return_zero_scenario,equal,highDS_WML,full,6,34,1,2021-03,2023-12,-0.00991808862021,0.00312185793936,-3.17698268559,34,-0.0160368177462,-0.00379935949422
rf_proxy_matched,unknown_return_zero_scenario,equal,highDS_WML,early_2021_2022,3,22,1,2021-03,2022-12,-0.0111006301324,0.00545466343211,-2.03507150727,22,-0.0217915740072,-0.000409686257719
rf_proxy_matched,unknown_return_zero_scenario,equal,highDS_WML,early_2021_2022,6,22,1,2021-03,2022-12,-0.0111006301324,0.00321062899864,-3.45746273927,22,-0.0173933473375,-0.00480791292738
rf_proxy_matched,unknown_return_zero_scenario,equal,highDS_WML,middle_2023,3,12,1,2023-01,2023-12,-0.00775009584778,0.00820343629192,-0.944737738186,12,-0.0238285355294,0.00832834383385
rf_proxy_matched,unknown_return_zero_scenario,equal,highDS_WML,middle_2023,6,12,1,2023-01,2023-12,-0.00775009584778,0.0067560631225,-1.14713194759,12,-0.0209917362452,0.0054915445496
rf_proxy_matched,unknown_return_zero_scenario,equal,highDS_minus_unconditional,full,3,34,1,2021-03,2023-12,-0.00484841270494,0.0101575091384,-0.477322997095,34,-0.0247567647887,0.0150599393789
rf_proxy_matched,unknown_return_zero_scenario,equal,highDS_minus_unconditional,full,6,34,1,2021-03,2023-12,-0.00484841270494,0.0093412021743,-0.519035196377,34,-0.0231568325389,0.013460007129
rf_proxy_matched,unknown_return_zero_scenario,equal,highDS_minus_unconditional,early_2021_2022,3,22,1,2021-03,2022-12,-0.000939032769762,0.0129173861537,-0.0726952619197,22,-0.0262566444054,0.0243785788659
rf_proxy_matched,unknown_return_zero_scenario,equal,highDS_minus_unconditional,early_2021_2022,6,22,1,2021-03,2022-12,-0.000939032769762,0.0121106571474,-0.0775377222173,22,-0.0246754846077,0.0227974190682
rf_proxy_matched,unknown_return_zero_scenario,equal,highDS_minus_unconditional,middle_2023,3,12,1,2023-01,2023-12,-0.0120156092528,0.0133313930172,-0.901301854746,12,-0.0381446594302,0.0141134409247
rf_proxy_matched,unknown_return_zero_scenario,equal,highDS_minus_unconditional,middle_2023,6,12,1,2023-01,2023-12,-0.0120156092528,0.0107164744831,-1.12122781347,12,-0.0330195132808,0.00898829477533
rf_proxy_matched,unknown_return_zero_scenario,equal,lowDS_WML,full,3,34,1,2021-03,2023-12,0.00331737645636,0.0129836253322,0.255504635375,34,-0.0221300615836,0.0287648144963
rf_proxy_matched,unknown_return_zero_scenario,equal,lowDS_WML,full,6,34,1,2021-03,2023-12,0.00331737645636,0.0116387929672,0.285027533845,34,-0.0194942385828,0.0261289914955
rf_proxy_matched,unknown_return_zero_scenario,equal,lowDS_WML,early_2021_2022,3,22,1,2021-03,2022-12,0.00715916268085,0.0187256205434,0.382319115367,22,-0.0295423791724,0.0438607045341
rf_proxy_matched,unknown_return_zero_scenario,equal,lowDS_WML,early_2021_2022,6,22,1,2021-03,2022-12,0.00715916268085,0.0166217629052,0.430710191313,22,-0.0254188939729,0.0397372193346
rf_proxy_matched,unknown_return_zero_scenario,equal,lowDS_WML,middle_2023,3,12,1,2023-01,2023-12,-0.00372589828855,0.00872352897012,-0.427109063466,12,-0.0208237008881,0.013371904311
rf_proxy_matched,unknown_return_zero_scenario,equal,lowDS_WML,middle_2023,6,12,1,2023-01,2023-12,-0.00372589828855,0.00635440814204,-0.586348595379,12,-0.01618030939,0.00872851281291
rf_proxy_matched,unknown_return_zero_scenario,equal,lowDS_minus_highDS,full,3,34,1,2021-03,2023-12,0.0132354650766,0.014277621907,0.927007674163,34,-0.014748159646,0.0412190897991
rf_proxy_matched,unknown_return_zero_scenario,equal,lowDS_minus_highDS,full,6,34,1,2021-03,2023-12,0.0132354650766,0.0130494438673,1.01425510628,34,-0.0123409749216,0.0388119050747
rf_proxy_matched,unknown_return_zero_scenario,equal,lowDS_minus_highDS,early_2021_2022,3,22,1,2021-03,2022-12,0.0182597928133,0.0213151655878,0.856657328703,22,-0.0235171640633,0.0600367496899
rf_proxy_matched,unknown_return_zero_scenario,equal,lowDS_minus_highDS,early_2021_2022,6,22,1,2021-03,2022-12,0.0182597928133,0.0186598338233,0.978561384106,22,-0.0183128094378,0.0548323950644
rf_proxy_matched,unknown_return_zero_scenario,equal,lowDS_minus_highDS,middle_2023,3,12,1,2023-01,2023-12,0.00402419755924,0.00410716921819,0.979798334438,12,-0.00402570618682,0.0120741013053
rf_proxy_matched,unknown_return_zero_scenario,equal,lowDS_minus_highDS,middle_2023,6,12,1,2023-01,2023-12,0.00402419755924,0.00496116048302,0.811140371896,12,-0.00569949830902,0.0137478934275
rf_proxy_matched,unknown_return_zero_scenario,equal,lowDS_minus_unconditional,full,3,34,1,2021-03,2023-12,0.00838705237163,0.00980708035308,0.855203798651,34,-0.0108344719139,0.0276085766572
rf_proxy_matched,unknown_return_zero_scenario,equal,lowDS_minus_unconditional,full,6,34,1,2021-03,2023-12,0.00838705237163,0.00894705805365,0.937408958492,34,-0.0091488591811,0.0259229639244
rf_proxy_matched,unknown_return_zero_scenario,equal,lowDS_minus_unconditional,early_2021_2022,3,22,1,2021-03,2022-12,0.0173207600435,0.0120660766246,1.4354922965,22,-0.0063283155753,0.0409698356624
rf_proxy_matched,unknown_return_zero_scenario,equal,lowDS_minus_unconditional,early_2021_2022,6,22,1,2021-03,2022-12,0.0173207600435,0.00979412942651,1.76848388348,22,-0.00187538089235,0.0365169009794
rf_proxy_matched,unknown_return_zero_scenario,equal,lowDS_minus_unconditional,middle_2023,3,12,1,2023-01,2023-12,-0.00799141169352,0.0135012418818,-0.591901971941,12,-0.0344533595285,0.0184705361415
rf_proxy_matched,unknown_return_zero_scenario,equal,lowDS_minus_unconditional,middle_2023,6,12,1,2023-01,2023-12,-0.00799141169352,0.0117739532998,-0.678736486382,12,-0.0310679361168,0.0150851127297
rf_proxy_matched,unknown_return_zero_scenario,equal,unconditional_WML,full,3,34,1,2021-03,2023-12,-0.00506967591527,0.0106521880359,-0.475928128397,34,-0.0259475808222,0.0158082289917
rf_proxy_matched,unknown_return_zero_scenario,equal,unconditional_WML,full,6,34,1,2021-03,2023-12,-0.00506967591527,0.00866272363322,-0.585228864491,34,-0.0220483022444,0.0119089504139
rf_proxy_matched,unknown_return_zero_scenario,equal,unconditional_WML,early_2021_2022,3,22,1,2021-03,2022-12,-0.0101615973627,0.0123808748784,-0.820749540115,22,-0.0344276662215,0.0141044714961
rf_proxy_matched,unknown_return_zero_scenario,equal,unconditional_WML,early_2021_2022,6,22,1,2021-03,2022-12,-0.0101615973627,0.0109656024085,-0.926679354601,22,-0.031653783152,0.0113305884267
rf_proxy_matched,unknown_return_zero_scenario,equal,unconditional_WML,middle_2023,3,12,1,2023-01,2023-12,0.00426551340497,0.0158535512803,0.269057281209,12,-0.0268068761314,0.0353379029414
rf_proxy_matched,unknown_return_zero_scenario,equal,unconditional_WML,middle_2023,6,12,1,2023-01,2023-12,0.00426551340497,0.0100960824275,0.422491935424,12,-0.0155224445378,0.0240534713477
rf_proxy_matched,unknown_return_zero_scenario,value,WML_DS1,full,3,34,1,2021-03,2023-12,0.00554403313174,0.012904011822,0.429636395891,34,-0.0197473652955,0.0308354315589
rf_proxy_matched,unknown_return_zero_scenario,value,WML_DS1,full,6,34,1,2021-03,2023-12,0.00554403313174,0.0107415598322,0.51612924178,34,-0.0155090372772,0.0265971035407
rf_proxy_matched,unknown_return_zero_scenario,value,WML_DS1,early_2021_2022,3,22,1,2021-03,2022-12,0.00628389274369,0.0190517237948,0.329833290224,22,-0.0310567997376,0.043624585225
rf_proxy_matched,unknown_return_zero_scenario,value,WML_DS1,early_2021_2022,6,22,1,2021-03,2022-12,0.00628389274369,0.0162481376839,0.386745414518,22,-0.0255618719326,0.0381296574199
rf_proxy_matched,unknown_return_zero_scenario,value,WML_DS1,middle_2023,3,12,1,2023-01,2023-12,0.00418762384316,0.0100445295983,0.416905919004,12,-0.0154992924112,0.0238745400975
rf_proxy_matched,unknown_return_zero_scenario,value,WML_DS1,middle_2023,6,12,1,2023-01,2023-12,0.00418762384316,0.00759814682802,0.551137525761,12,-0.010704470289,0.0190797179753
rf_proxy_matched,unknown_return_zero_scenario,value,WML_DS2,full,3,34,1,2021-03,2023-12,-0.0102208183304,0.0144121413462,-0.709181105353,34,-0.0384680963091,0.0180264596483
rf_proxy_matched,unknown_return_zero_scenario,value,WML_DS2,full,6,34,1,2021-03,2023-12,-0.0102208183304,0.0125282529805,-0.815821515284,34,-0.0347757429614,0.0143341063006
rf_proxy_matched,unknown_return_zero_scenario,value,WML_DS2,early_2021_2022,3,22,1,2021-03,2022-12,-0.0162287972267,0.0206563130463,-0.785657982156,22,-0.0567144268509,0.0242568323974
rf_proxy_matched,unknown_return_zero_scenario,value,WML_DS2,early_2021_2022,6,22,1,2021-03,2022-12,-0.0162287972267,0.0172231783081,-0.942264948804,22,-0.04998560641,0.0175280119565
rf_proxy_matched,unknown_return_zero_scenario,value,WML_DS2,middle_2023,3,12,1,2023-01,2023-12,0.000793809646167,0.011048230193,0.071849484696,12,-0.020860323625,0.0224479429173
rf_proxy_matched,unknown_return_zero_scenario,value,WML_DS2,middle_2023,6,12,1,2023-01,2023-12,0.000793809646167,0.00975857436764,0.0813448375,12,-0.0183326446549,0.0199202639472
rf_proxy_matched,unknown_return_zero_scenario,value,WML_DS3,full,3,34,1,2021-03,2023-12,-0.000902150054998,0.0167255278145,-0.053938510342,34,-0.0336835821938,0.0318792820838
rf_proxy_matched,unknown_return_zero_scenario,value,WML_DS3,full,6,34,1,2021-03,2023-12,-0.000902150054998,0.013361507886,-0.0675185811884,34,-0.0270902242907,0.0252859241807
rf_proxy_matched,unknown_return_zero_scenario,value,WML_DS3,early_2021_2022,3,22,1,2021-03,2022-12,-0.00718529304855,0.0230145672209,-0.312206307405,22,-0.0522930159212,0.0379224298241
rf_proxy_matched,unknown_return_zero_scenario,value,WML_DS3,early_2021_2022,6,22,1,2021-03,2022-12,-0.00718529304855,0.0197452850884,-0.363899179798,22,-0.0458853406863,0.0315147545892
rf_proxy_matched,unknown_return_zero_scenario,value,WML_DS3,middle_2023,3,12,1,2023-01,2023-12,0.0106169454332,0.0173077727941,0.61342066131,12,-0.0233056658959,0.0445395567623
rf_proxy_matched,unknown_return_zero_scenario,value,WML_DS3,middle_2023,6,12,1,2023-01,2023-12,0.0106169454332,0.00972578342327,1.09162881499,12,-0.00844523979787,0.0296791306642
rf_proxy_matched,unknown_return_zero_scenario,value,WML_DS4,full,3,34,0.882352941176,2021-03,2023-12,-0.0244476671544,0.0187301444446,-1.30525780122,30,-0.0611580756911,0.0122627413823
rf_proxy_matched,unknown_return_zero_scenario,value,WML_DS4,full,6,34,0.882352941176,2021-03,2023-12,-0.0244476671544,0.0140123530093,-1.7447224701,30,-0.0519113743913,0.0030160400826
rf_proxy_matched,unknown_return_zero_scenario,value,WML_DS4,early_2021_2022,3,22,0.863636363636,2021-03,2022-12,-0.0387375461695,0.0153837365258,-2.51808434866,19,-0.0688891157077,-0.00858597663128
rf_proxy_matched,unknown_return_zero_scenario,value,WML_DS4,early_2021_2022,6,22,0.863636363636,2021-03,2022-12,-0.0387375461695,0.0132671717381,-2.91980438138,19,-0.0647407249529,-0.0127343673861
rf_proxy_matched,unknown_return_zero_scenario,value,WML_DS4,middle_2023,3,12,0.916666666667,2023-01,2023-12,0.000234851144533,0.038654412672,0.00607566195679,11,-0.0755264055361,0.0759961078251
rf_proxy_matched,unknown_return_zero_scenario,value,WML_DS4,middle_2023,6,12,0.916666666667,2023-01,2023-12,0.000234851144533,0.0324598093813,0.00723513628114,11,-0.0633852061878,0.0638549084768
rf_proxy_matched,unknown_return_zero_scenario,value,WML_DS5,full,3,34,1,2021-03,2023-12,-0.0116571431385,0.00750519612371,-1.55320966253,34,-0.0263670572379,0.00305277096085
rf_proxy_matched,unknown_return_zero_scenario,value,WML_DS5,full,6,34,1,2021-03,2023-12,-0.0116571431385,0.00665492454865,-1.75165669472,34,-0.0247005555737,0.00138626929666
rf_proxy_matched,unknown_return_zero_scenario,value,WML_DS5,early_2021_2022,3,22,1,2021-03,2022-12,-0.0162017612631,0.00957884038117,-1.69141155071,22,-0.0349759434239,0.00257242089766
rf_proxy_matched,unknown_return_zero_scenario,value,WML_DS5,early_2021_2022,6,22,1,2021-03,2022-12,-0.0162017612631,0.00776186271501,-2.08735478299,22,-0.0314147326375,-0.000988789888726
rf_proxy_matched,unknown_return_zero_scenario,value,WML_DS5,middle_2023,3,12,1,2023-01,2023-12,-0.00332534324346,0.0104259975481,-0.318947249713,12,-0.0237599229406,0.0171092364536
rf_proxy_matched,unknown_return_zero_scenario,value,WML_DS5,middle_2023,6,12,1,2023-01,2023-12,-0.00332534324346,0.00840635673299,-0.395574842835,12,-0.0198014996813,0.0131508131944
rf_proxy_matched,unknown_return_zero_scenario,value,common_highDS_WML,full,3,34,1,2021-03,2023-12,-0.0116571431385,0.00750519612371,-1.55320966253,34,-0.0263670572379,0.00305277096085
rf_proxy_matched,unknown_return_zero_scenario,value,common_highDS_WML,full,6,34,1,2021-03,2023-12,-0.0116571431385,0.00665492454865,-1.75165669472,34,-0.0247005555737,0.00138626929666
rf_proxy_matched,unknown_return_zero_scenario,value,common_highDS_WML,early_2021_2022,3,22,1,2021-03,2022-12,-0.0162017612631,0.00957884038117,-1.69141155071,22,-0.0349759434239,0.00257242089766
rf_proxy_matched,unknown_return_zero_scenario,value,common_highDS_WML,early_2021_2022,6,22,1,2021-03,2022-12,-0.0162017612631,0.00776186271501,-2.08735478299,22,-0.0314147326375,-0.000988789888726
rf_proxy_matched,unknown_return_zero_scenario,value,common_highDS_WML,middle_2023,3,12,1,2023-01,2023-12,-0.00332534324346,0.0104259975481,-0.318947249713,12,-0.0237599229406,0.0171092364536
rf_proxy_matched,unknown_return_zero_scenario,value,common_highDS_WML,middle_2023,6,12,1,2023-01,2023-12,-0.00332534324346,0.00840635673299,-0.395574842835,12,-0.0198014996813,0.0131508131944
rf_proxy_matched,unknown_return_zero_scenario,value,common_highDS_minus_unconditional,full,3,34,1,2021-03,2023-12,-0.0071415269607,0.0102792558436,-0.694751358404,34,-0.027288498202,0.0130054442806
rf_proxy_matched,unknown_return_zero_scenario,value,common_highDS_minus_unconditional,full,6,34,1,2021-03,2023-12,-0.0071415269607,0.0085528994324,-0.834983155963,34,-0.0239049018116,0.00962184789019
rf_proxy_matched,unknown_return_zero_scenario,value,common_highDS_minus_unconditional,early_2021_2022,3,22,1,2021-03,2022-12,-0.00542763364638,0.0147158408481,-0.368829324972,22,-0.0342701517108,0.023414884418
rf_proxy_matched,unknown_return_zero_scenario,value,common_highDS_minus_unconditional,early_2021_2022,6,22,1,2021-03,2022-12,-0.00542763364638,0.0129746904541,-0.418324711913,22,-0.030857559647,0.0200022923543
rf_proxy_matched,unknown_return_zero_scenario,value,common_highDS_minus_unconditional,middle_2023,3,12,1,2023-01,2023-12,-0.0102836647036,0.00844001259062,-1.21844186762,12,-0.0268257854103,0.00625845600305
rf_proxy_matched,unknown_return_zero_scenario,value,common_highDS_minus_unconditional,middle_2023,6,12,1,2023-01,2023-12,-0.0102836647036,0.00679736221454,-1.51289049767,12,-0.023606249834,0.00303892042675
rf_proxy_matched,unknown_return_zero_scenario,value,common_lowDS_WML,full,3,34,1,2021-03,2023-12,0.00554403313174,0.012904011822,0.429636395891,34,-0.0197473652955,0.0308354315589
rf_proxy_matched,unknown_return_zero_scenario,value,common_lowDS_WML,full,6,34,1,2021-03,2023-12,0.00554403313174,0.0107415598322,0.51612924178,34,-0.0155090372772,0.0265971035407
rf_proxy_matched,unknown_return_zero_scenario,value,common_lowDS_WML,early_2021_2022,3,22,1,2021-03,2022-12,0.00628389274369,0.0190517237948,0.329833290224,22,-0.0310567997376,0.043624585225
rf_proxy_matched,unknown_return_zero_scenario,value,common_lowDS_WML,early_2021_2022,6,22,1,2021-03,2022-12,0.00628389274369,0.0162481376839,0.386745414518,22,-0.0255618719326,0.0381296574199
rf_proxy_matched,unknown_return_zero_scenario,value,common_lowDS_WML,middle_2023,3,12,1,2023-01,2023-12,0.00418762384316,0.0100445295983,0.416905919004,12,-0.0154992924112,0.0238745400975
rf_proxy_matched,unknown_return_zero_scenario,value,common_lowDS_WML,middle_2023,6,12,1,2023-01,2023-12,0.00418762384316,0.00759814682802,0.551137525761,12,-0.010704470289,0.0190797179753
rf_proxy_matched,unknown_return_zero_scenario,value,common_lowDS_minus_highDS,full,3,34,1,2021-03,2023-12,0.0172011762703,0.0115692033758,1.4868073204,34,-0.00547404567608,0.0398763982166
rf_proxy_matched,unknown_return_zero_scenario,value,common_lowDS_minus_highDS,full,6,34,1,2021-03,2023-12,0.0172011762703,0.0101301187347,1.69802316446,34,-0.00265349160886,0.0370558441494
rf_proxy_matched,unknown_return_zero_scenario,value,common_lowDS_minus_highDS,early_2021_2022,3,22,1,2021-03,2022-12,0.0224856540068,0.0171312422002,1.31255245498,22,-0.0110909637161,0.0560622717297
rf_proxy_matched,unknown_return_zero_scenario,value,common_lowDS_minus_highDS,early_2021_2022,6,22,1,2021-03,2022-12,0.0224856540068,0.0138918475781,1.61862228046,22,-0.00474186692507,0.0497131749386
rf_proxy_matched,unknown_return_zero_scenario,value,common_lowDS_minus_highDS,middle_2023,3,12,1,2023-01,2023-12,0.00751296708662,0.00642716155235,1.16894013406,12,-0.00508403807881,0.0201099722521
rf_proxy_matched,unknown_return_zero_scenario,value,common_lowDS_minus_highDS,middle_2023,6,12,1,2023-01,2023-12,0.00751296708662,0.00720816529516,1.04228562734,12,-0.0066147772865,0.0216407114597
rf_proxy_matched,unknown_return_zero_scenario,value,common_lowDS_minus_unconditional,full,3,34,1,2021-03,2023-12,0.0100596493096,0.00822673945266,1.22279906486,34,-0.00606446372786,0.026183762347
rf_proxy_matched,unknown_return_zero_scenario,value,common_lowDS_minus_unconditional,full,6,34,1,2021-03,2023-12,0.0100596493096,0.00705981527772,1.42491678802,34,-0.00377733437229,0.0238966329914
rf_proxy_matched,unknown_return_zero_scenario,value,common_lowDS_minus_unconditional,early_2021_2022,3,22,1,2021-03,2022-12,0.0170580203604,0.0102563440355,1.66316772345,22,-0.00304404456219,0.037160085283
rf_proxy_matched,unknown_return_zero_scenario,value,common_lowDS_minus_unconditional,early_2021_2022,6,22,1,2021-03,2022-12,0.0170580203604,0.00839714107547,2.03140809558,22,0.000599926279385,0.0335161144414
rf_proxy_matched,unknown_return_zero_scenario,value,common_lowDS_minus_unconditional,middle_2023,3,12,1,2023-01,2023-12,-0.00277069761699,0.010277429526,-0.269590524556,12,-0.0229140893415,0.0173726941075
rf_proxy_matched,unknown_return_zero_scenario,value,common_lowDS_minus_unconditional,middle_2023,6,12,1,2023-01,2023-12,-0.00277069761699,0.00679955438287,-0.407482235008,12,-0.0160975793183,0.0105561840844
rf_proxy_matched,unknown_return_zero_scenario,value,common_unconditional_WML,full,3,34,1,2021-03,2023-12,-0.00451561617782,0.0128771467407,-0.350669000576,34,-0.0297543600132,0.0207231276575
rf_proxy_matched,unknown_return_zero_scenario,value,common_unconditional_WML,full,6,34,1,2021-03,2023-12,-0.00451561617782,0.00985973734437,-0.457985443233,34,-0.0238403462698,0.0148091139142
rf_proxy_matched,unknown_return_zero_scenario,value,common_unconditional_WML,early_2021_2022,3,22,1,2021-03,2022-12,-0.0107741276167,0.016783044477,-0.641965027945,22,-0.0436682903427,0.0221200351092
rf_proxy_matched,unknown_return_zero_scenario,value,common_unconditional_WML,early_2021_2022,6,22,1,2021-03,2022-12,-0.0107741276167,0.0141528747396,-0.761267785872,22,-0.038513252384,0.0169649971505
rf_proxy_matched,unknown_return_zero_scenario,value,common_unconditional_WML,middle_2023,3,12,1,2023-01,2023-12,0.00695832146015,0.0150933017516,0.461020496023,12,-0.0226240063808,0.0365406493011
rf_proxy_matched,unknown_return_zero_scenario,value,common_unconditional_WML,middle_2023,6,12,1,2023-01,2023-12,0.00695832146015,0.00939778317831,0.740421579018,12,-0.0114609951039,0.0253776380242
rf_proxy_matched,unknown_return_zero_scenario,value,highDS_WML,full,3,34,1,2021-03,2023-12,-0.0116571431385,0.00750519612371,-1.55320966253,34,-0.0263670572379,0.00305277096085
rf_proxy_matched,unknown_return_zero_scenario,value,highDS_WML,full,6,34,1,2021-03,2023-12,-0.0116571431385,0.00665492454865,-1.75165669472,34,-0.0247005555737,0.00138626929666
rf_proxy_matched,unknown_return_zero_scenario,value,highDS_WML,early_2021_2022,3,22,1,2021-03,2022-12,-0.0162017612631,0.00957884038117,-1.69141155071,22,-0.0349759434239,0.00257242089766
rf_proxy_matched,unknown_return_zero_scenario,value,highDS_WML,early_2021_2022,6,22,1,2021-03,2022-12,-0.0162017612631,0.00776186271501,-2.08735478299,22,-0.0314147326375,-0.000988789888726
rf_proxy_matched,unknown_return_zero_scenario,value,highDS_WML,middle_2023,3,12,1,2023-01,2023-12,-0.00332534324346,0.0104259975481,-0.318947249713,12,-0.0237599229406,0.0171092364536
rf_proxy_matched,unknown_return_zero_scenario,value,highDS_WML,middle_2023,6,12,1,2023-01,2023-12,-0.00332534324346,0.00840635673299,-0.395574842835,12,-0.0198014996813,0.0131508131944
rf_proxy_matched,unknown_return_zero_scenario,value,highDS_minus_unconditional,full,3,34,1,2021-03,2023-12,-0.0071415269607,0.0102792558436,-0.694751358404,34,-0.027288498202,0.0130054442806
rf_proxy_matched,unknown_return_zero_scenario,value,highDS_minus_unconditional,full,6,34,1,2021-03,2023-12,-0.0071415269607,0.0085528994324,-0.834983155963,34,-0.0239049018116,0.00962184789019
rf_proxy_matched,unknown_return_zero_scenario,value,highDS_minus_unconditional,early_2021_2022,3,22,1,2021-03,2022-12,-0.00542763364638,0.0147158408481,-0.368829324972,22,-0.0342701517108,0.023414884418
rf_proxy_matched,unknown_return_zero_scenario,value,highDS_minus_unconditional,early_2021_2022,6,22,1,2021-03,2022-12,-0.00542763364638,0.0129746904541,-0.418324711913,22,-0.030857559647,0.0200022923543
rf_proxy_matched,unknown_return_zero_scenario,value,highDS_minus_unconditional,middle_2023,3,12,1,2023-01,2023-12,-0.0102836647036,0.00844001259062,-1.21844186762,12,-0.0268257854103,0.00625845600305
rf_proxy_matched,unknown_return_zero_scenario,value,highDS_minus_unconditional,middle_2023,6,12,1,2023-01,2023-12,-0.0102836647036,0.00679736221454,-1.51289049767,12,-0.023606249834,0.00303892042675
rf_proxy_matched,unknown_return_zero_scenario,value,lowDS_WML,full,3,34,1,2021-03,2023-12,0.00554403313174,0.012904011822,0.429636395891,34,-0.0197473652955,0.0308354315589
rf_proxy_matched,unknown_return_zero_scenario,value,lowDS_WML,full,6,34,1,2021-03,2023-12,0.00554403313174,0.0107415598322,0.51612924178,34,-0.0155090372772,0.0265971035407
rf_proxy_matched,unknown_return_zero_scenario,value,lowDS_WML,early_2021_2022,3,22,1,2021-03,2022-12,0.00628389274369,0.0190517237948,0.329833290224,22,-0.0310567997376,0.043624585225
rf_proxy_matched,unknown_return_zero_scenario,value,lowDS_WML,early_2021_2022,6,22,1,2021-03,2022-12,0.00628389274369,0.0162481376839,0.386745414518,22,-0.0255618719326,0.0381296574199
rf_proxy_matched,unknown_return_zero_scenario,value,lowDS_WML,middle_2023,3,12,1,2023-01,2023-12,0.00418762384316,0.0100445295983,0.416905919004,12,-0.0154992924112,0.0238745400975
rf_proxy_matched,unknown_return_zero_scenario,value,lowDS_WML,middle_2023,6,12,1,2023-01,2023-12,0.00418762384316,0.00759814682802,0.551137525761,12,-0.010704470289,0.0190797179753
rf_proxy_matched,unknown_return_zero_scenario,value,lowDS_minus_highDS,full,3,34,1,2021-03,2023-12,0.0172011762703,0.0115692033758,1.4868073204,34,-0.00547404567608,0.0398763982166
rf_proxy_matched,unknown_return_zero_scenario,value,lowDS_minus_highDS,full,6,34,1,2021-03,2023-12,0.0172011762703,0.0101301187347,1.69802316446,34,-0.00265349160886,0.0370558441494
rf_proxy_matched,unknown_return_zero_scenario,value,lowDS_minus_highDS,early_2021_2022,3,22,1,2021-03,2022-12,0.0224856540068,0.0171312422002,1.31255245498,22,-0.0110909637161,0.0560622717297
rf_proxy_matched,unknown_return_zero_scenario,value,lowDS_minus_highDS,early_2021_2022,6,22,1,2021-03,2022-12,0.0224856540068,0.0138918475781,1.61862228046,22,-0.00474186692507,0.0497131749386
rf_proxy_matched,unknown_return_zero_scenario,value,lowDS_minus_highDS,middle_2023,3,12,1,2023-01,2023-12,0.00751296708662,0.00642716155235,1.16894013406,12,-0.00508403807881,0.0201099722521
rf_proxy_matched,unknown_return_zero_scenario,value,lowDS_minus_highDS,middle_2023,6,12,1,2023-01,2023-12,0.00751296708662,0.00720816529516,1.04228562734,12,-0.0066147772865,0.0216407114597
rf_proxy_matched,unknown_return_zero_scenario,value,lowDS_minus_unconditional,full,3,34,1,2021-03,2023-12,0.0100596493096,0.00822673945266,1.22279906486,34,-0.00606446372786,0.026183762347
rf_proxy_matched,unknown_return_zero_scenario,value,lowDS_minus_unconditional,full,6,34,1,2021-03,2023-12,0.0100596493096,0.00705981527772,1.42491678802,34,-0.00377733437229,0.0238966329914
rf_proxy_matched,unknown_return_zero_scenario,value,lowDS_minus_unconditional,early_2021_2022,3,22,1,2021-03,2022-12,0.0170580203604,0.0102563440355,1.66316772345,22,-0.00304404456219,0.037160085283
rf_proxy_matched,unknown_return_zero_scenario,value,lowDS_minus_unconditional,early_2021_2022,6,22,1,2021-03,2022-12,0.0170580203604,0.00839714107547,2.03140809558,22,0.000599926279385,0.0335161144414
rf_proxy_matched,unknown_return_zero_scenario,value,lowDS_minus_unconditional,middle_2023,3,12,1,2023-01,2023-12,-0.00277069761699,0.010277429526,-0.269590524556,12,-0.0229140893415,0.0173726941075
rf_proxy_matched,unknown_return_zero_scenario,value,lowDS_minus_unconditional,middle_2023,6,12,1,2023-01,2023-12,-0.00277069761699,0.00679955438287,-0.407482235008,12,-0.0160975793183,0.0105561840844
rf_proxy_matched,unknown_return_zero_scenario,value,unconditional_WML,full,3,34,1,2021-03,2023-12,-0.00451561617782,0.0128771467407,-0.350669000576,34,-0.0297543600132,0.0207231276575
rf_proxy_matched,unknown_return_zero_scenario,value,unconditional_WML,full,6,34,1,2021-03,2023-12,-0.00451561617782,0.00985973734437,-0.457985443233,34,-0.0238403462698,0.0148091139142
rf_proxy_matched,unknown_return_zero_scenario,value,unconditional_WML,early_2021_2022,3,22,1,2021-03,2022-12,-0.0107741276167,0.016783044477,-0.641965027945,22,-0.0436682903427,0.0221200351092
rf_proxy_matched,unknown_return_zero_scenario,value,unconditional_WML,early_2021_2022,6,22,1,2021-03,2022-12,-0.0107741276167,0.0141528747396,-0.761267785872,22,-0.038513252384,0.0169649971505
rf_proxy_matched,unknown_return_zero_scenario,value,unconditional_WML,middle_2023,3,12,1,2023-01,2023-12,0.00695832146015,0.0150933017516,0.461020496023,12,-0.0226240063808,0.0365406493011
rf_proxy_matched,unknown_return_zero_scenario,value,unconditional_WML,middle_2023,6,12,1,2023-01,2023-12,0.00695832146015,0.00939778317831,0.740421579018,12,-0.0114609951039,0.0253776380242
zero_on_common,complete,equal,WML_DS1,full,3,34,1,2021-03,2023-12,0.00275155393344,0.0128993237175,0.213309937303,34,-0.0225306559778,0.0280337638447
zero_on_common,complete,equal,WML_DS1,full,6,34,1,2021-03,2023-12,0.00275155393344,0.0116560533623,0.236062228605,34,-0.0200938908585,0.0255969987254
zero_on_common,complete,equal,WML_DS1,early_2021_2022,3,22,1,2021-03,2022-12,0.00711714773693,0.018477332468,0.385182641989,22,-0.0290977584307,0.0433320539046
zero_on_common,complete,equal,WML_DS1,early_2021_2022,6,22,1,2021-03,2022-12,0.00711714773693,0.0164652462209,0.432252736548,22,-0.0251541418527,0.0393884373265
zero_on_common,complete,equal,WML_DS1,middle_2023,3,12,1,2023-01,2023-12,-0.00525203470631,0.00921924908416,-0.569681397949,12,-0.0233214308758,0.0128173614632
zero_on_common,complete,equal,WML_DS1,middle_2023,6,12,1,2023-01,2023-12,-0.00525203470631,0.0067893360462,-0.773571181418,12,-0.0185588888358,0.00805481942319
zero_on_common,complete,equal,WML_DS2,full,3,34,0.970588235294,2021-03,2023-12,-0.00228779626527,0.0142043199296,-0.161063414272,33,-0.0301277517521,0.0255521592216
zero_on_common,complete,equal,WML_DS2,full,6,34,0.970588235294,2021-03,2023-12,-0.00228779626527,0.0121866696225,-0.187729407307,33,-0.0261732298168,0.0215976372862
zero_on_common,complete,equal,WML_DS2,early_2021_2022,3,22,1,2021-03,2022-12,-0.00305627315514,0.0192596561028,-0.158687836315,22,-0.0408045054713,0.0346919591611
zero_on_common,complete,equal,WML_DS2,early_2021_2022,6,22,1,2021-03,2022-12,-0.00305627315514,0.0174390433929,-0.175254633312,22,-0.0372361701301,0.0311236238198
zero_on_common,complete,equal,WML_DS2,middle_2023,3,12,0.916666666667,2023-01,2023-12,-0.000750842485547,0.0137277944897,-0.0546950557941,11,-0.0276568252726,0.0261551403015
zero_on_common,complete,equal,WML_DS2,middle_2023,6,12,0.916666666667,2023-01,2023-12,-0.000750842485547,0.0085697588681,-0.0876153573401,11,-0.0175472612232,0.0160455762521
zero_on_common,complete,equal,WML_DS3,full,3,34,0.911764705882,2021-03,2023-12,0.00562390848405,0.0176860073949,0.317986324358,31,-0.0290400290402,0.0402878460083
zero_on_common,complete,equal,WML_DS3,full,6,34,0.911764705882,2021-03,2023-12,0.00562390848405,0.0155112284228,0.362570154391,31,-0.0247775405807,0.0360253575488
zero_on_common,complete,equal,WML_DS3,early_2021_2022,3,22,0.954545454545,2021-03,2022-12,-0.00354881681739,0.0217113675828,-0.163454319672,21,-0.0461023153348,0.0390046817
zero_on_common,complete,equal,WML_DS3,early_2021_2022,6,22,0.954545454545,2021-03,2022-12,-0.00354881681739,0.0187599784811,-0.189169556935,21,-0.0403176989911,0.0332200653564
zero_on_common,complete,equal,WML_DS3,middle_2023,3,12,0.833333333333,2023-01,2023-12,0.0248866316171,0.0237139587488,1.04945074252,10,-0.0215918734614,0.0713651366955
zero_on_common,complete,equal,WML_DS3,middle_2023,6,12,0.833333333333,2023-01,2023-12,0.0248866316171,0.0193641854489,1.28518866352,10,-0.0130664744526,0.0628397376868
zero_on_common,complete,equal,WML_DS4,full,3,34,0.735294117647,2021-03,2023-12,-0.0168471353121,0.017081994951,-0.986251041544,25,-0.0503272302001,0.016632959576
zero_on_common,complete,equal,WML_DS4,full,6,34,0.735294117647,2021-03,2023-12,-0.0168471353121,0.0138308852687,-1.21808076524,25,-0.043955172313,0.0102609016889
zero_on_common,complete,equal,WML_DS4,early_2021_2022,3,22,0.818181818182,2021-03,2022-12,-0.0206798534058,0.0148904239838,-1.38880218779,18,-0.0498645481287,0.00850484131705
zero_on_common,complete,equal,WML_DS4,early_2021_2022,6,22,0.818181818182,2021-03,2022-12,-0.0206798534058,0.0143987664074,-1.43622396674,18,-0.0489009169861,0.00754121017444
zero_on_common,complete,equal,WML_DS4,middle_2023,3,12,0.583333333333,2023-01,2023-12,-0.00699157449959,0.0420843041351,-0.166132591313,7,-0.0894752949189,0.0754921459197
zero_on_common,complete,equal,WML_DS4,middle_2023,6,12,0.583333333333,2023-01,2023-12,-0.00699157449959,0.026704421531,-0.261813366429,7,-0.0593312789284,0.0453481299292
zero_on_common,complete,equal,WML_DS5,full,3,34,0.705882352941,2021-04,2023-12,-0.0113916829697,0.00621104834,-1.83409987269,24,-0.0235651140223,0.000781748082969
zero_on_common,complete,equal,WML_DS5,full,6,34,0.705882352941,2021-04,2023-12,-0.0113916829697,0.00577790214472,-1.97159499838,24,-0.0227161630795,-6.72028598326e-05
zero_on_common,complete,equal,WML_DS5,early_2021_2022,3,22,0.772727272727,2021-04,2022-12,-0.0145684348772,0.00754239869636,-1.93153868732,17,-0.0293512646791,0.000214394924715
zero_on_common,complete,equal,WML_DS5,early_2021_2022,6,22,0.772727272727,2021-04,2022-12,-0.0145684348772,0.00695076028719,-2.09594839633,17,-0.0281916747052,-0.000945195049123
zero_on_common,complete,equal,WML_DS5,middle_2023,3,12,0.583333333333,2023-01,2023-12,-0.00367671405143,0.0103459267344,-0.355377932381,7,-0.0239543578375,0.0166009297346
zero_on_common,complete,equal,WML_DS5,middle_2023,6,12,0.583333333333,2023-01,2023-12,-0.00367671405143,0.00887559296985,-0.414249962106,7,-0.0210725566138,0.0137191285109
zero_on_common,complete,equal,common_highDS_WML,full,3,34,0.617647058824,2021-06,2023-12,-0.00869499480877,0.00597868295658,-1.45433281409,21,-0.0204129980787,0.00302300846111
zero_on_common,complete,equal,common_highDS_WML,full,6,34,0.617647058824,2021-06,2023-12,-0.00869499480877,0.00545530484911,-1.59386048063,21,-0.0193871958377,0.00199720622017
zero_on_common,complete,equal,common_highDS_WML,early_2021_2022,3,22,0.681818181818,2021-06,2022-12,-0.00809084543788,0.00745708637972,-1.08498749054,15,-0.0227064661717,0.00652477529598
zero_on_common,complete,equal,common_highDS_WML,early_2021_2022,6,22,0.681818181818,2021-06,2022-12,-0.00809084543788,0.00728114547266,-1.11120502512,15,-0.0223616283305,0.00617993745473
zero_on_common,complete,equal,common_highDS_WML,middle_2023,3,12,0.5,2023-01,2023-12,-0.010205368236,0.00997260173271,-1.02334059953,6,-0.0297513084643,0.00934057199225
zero_on_common,complete,equal,common_highDS_WML,middle_2023,6,12,0.5,2023-01,2023-12,-0.010205368236,0.0084252380715,-1.21128544374,6,-0.0267185314173,0.0063077949453
zero_on_common,complete,equal,common_highDS_minus_unconditional,full,3,34,0.617647058824,2021-06,2023-12,0.00295411541384,0.01769346687,0.166960801722,21,-0.031724442413,0.0376326732407
zero_on_common,complete,equal,common_highDS_minus_unconditional,full,6,34,0.617647058824,2021-06,2023-12,0.00295411541384,0.0176168182046,0.167687228166,21,-0.0315742137894,0.0374824446171
zero_on_common,complete,equal,common_highDS_minus_unconditional,early_2021_2022,3,22,0.681818181818,2021-06,2022-12,0.00667007908891,0.0206118363737,0.323604310065,15,-0.0337283778589,0.0470685360367
zero_on_common,complete,equal,common_highDS_minus_unconditional,early_2021_2022,6,22,0.681818181818,2021-06,2022-12,0.00667007908891,0.0204637396595,0.325946244425,15,-0.0334381136327,0.0467782718105
zero_on_common,complete,equal,common_highDS_minus_unconditional,middle_2023,3,12,0.5,2023-01,2023-12,-0.00633579377381,0.0283205385146,-0.223717277499,6,-0.0618430292853,0.0491714417376
zero_on_common,complete,equal,common_highDS_minus_unconditional,middle_2023,6,12,0.5,2023-01,2023-12,-0.00633579377381,0.0240461915533,-0.263484292711,6,-0.0534654631836,0.040793875636
zero_on_common,complete,equal,common_lowDS_WML,full,3,34,0.617647058824,2021-06,2023-12,-0.00395209924359,0.0209141947002,-0.188967316229,21,-0.0449431676217,0.0370389691345
zero_on_common,complete,equal,common_lowDS_WML,full,6,34,0.617647058824,2021-06,2023-12,-0.00395209924359,0.0229681825531,-0.172068435735,21,-0.0489689098379,0.0410647113508
zero_on_common,complete,equal,common_lowDS_WML,early_2021_2022,3,22,0.681818181818,2021-06,2022-12,0.00427583377642,0.0277013053702,0.154354956175,15,-0.0500177270739,0.0585693946268
zero_on_common,complete,equal,common_lowDS_WML,early_2021_2022,6,22,0.681818181818,2021-06,2022-12,0.00427583377642,0.0296589326188,0.144166812453,15,-0.0538546059764,0.0624062735293
zero_on_common,complete,equal,common_lowDS_WML,middle_2023,3,12,0.5,2023-01,2023-12,-0.0245219317936,0.0115595510812,-2.12135675697,6,-0.0471782355902,-0.00186562799706
zero_on_common,complete,equal,common_lowDS_WML,middle_2023,6,12,0.5,2023-01,2023-12,-0.0245219317936,0.0102764006144,-2.38623743017,6,-0.0446633068886,-0.00438055669862
zero_on_common,complete,equal,common_lowDS_minus_highDS,full,3,34,0.617647058824,2021-06,2023-12,0.00474289556518,0.0247918101613,0.191308965918,21,-0.0438481594625,0.0533339505929
zero_on_common,complete,equal,common_lowDS_minus_highDS,full,6,34,0.617647058824,2021-06,2023-12,0.00474289556518,0.0269363088907,0.176078154748,21,-0.048051299737,0.0575370908674
zero_on_common,complete,equal,common_lowDS_minus_highDS,early_2021_2022,3,22,0.681818181818,2021-06,2022-12,0.0123666792143,0.0335825269523,0.368247429143,15,-0.053453864122,0.0781872225506
zero_on_common,complete,equal,common_lowDS_minus_highDS,early_2021_2022,6,22,0.681818181818,2021-06,2022-12,0.0123666792143,0.0359468834256,0.344026464489,15,-0.0580879176563,0.0828212760849
zero_on_common,complete,equal,common_lowDS_minus_highDS,middle_2023,3,12,0.5,2023-01,2023-12,-0.0143165635576,0.0108531546509,-1.31911541097,6,-0.0355883557919,0.00695522867674
zero_on_common,complete,equal,common_lowDS_minus_highDS,middle_2023,6,12,0.5,2023-01,2023-12,-0.0143165635576,0.00836768741047,-1.71093431857,6,-0.030716929516,0.0020838024008
zero_on_common,complete,equal,common_lowDS_minus_unconditional,full,3,34,0.617647058824,2021-06,2023-12,0.00769701097903,0.015449212508,0.498213807016,21,-0.0225828891262,0.0379769110843
zero_on_common,complete,equal,common_lowDS_minus_unconditional,full,6,34,0.617647058824,2021-06,2023-12,0.00769701097903,0.0164550179286,0.467760716666,21,-0.024554231526,0.039948253484
zero_on_common,complete,equal,common_lowDS_minus_unconditional,early_2021_2022,3,22,0.681818181818,2021-06,2022-12,0.0190367583032,0.0166262741144,1.14498041908,15,-0.0135501401581,0.0516236567645
zero_on_common,complete,equal,common_lowDS_minus_unconditional,early_2021_2022,6,22,0.681818181818,2021-06,2022-12,0.0190367583032,0.017254081295,1.1033191497,15,-0.0147806196213,0.0528541362277
zero_on_common,complete,equal,common_lowDS_minus_unconditional,middle_2023,3,12,0.5,2023-01,2023-12,-0.0206523573314,0.0226660923417,-0.91115649844,6,-0.0650770819915,0.0237723673286
zero_on_common,complete,equal,common_lowDS_minus_unconditional,middle_2023,6,12,0.5,2023-01,2023-12,-0.0206523573314,0.0194971532868,-1.05924988267,6,-0.0588660755745,0.0175613609117
zero_on_common,complete,equal,common_unconditional_WML,full,3,34,0.617647058824,2021-06,2023-12,-0.0116491102226,0.0156207818028,-0.745744378845,21,-0.0422652799665,0.0189670595213
zero_on_common,complete,equal,common_unconditional_WML,full,6,34,0.617647058824,2021-06,2023-12,-0.0116491102226,0.0150889242879,-0.772030530497,21,-0.0412228583923,0.0179246379471
zero_on_common,complete,equal,common_unconditional_WML,early_2021_2022,3,22,0.681818181818,2021-06,2022-12,-0.0147609245268,0.0168430108092,-0.876382773481,15,-0.0477726191041,0.0182507700506
zero_on_common,complete,equal,common_unconditional_WML,early_2021_2022,6,22,0.681818181818,2021-06,2022-12,-0.0147609245268,0.0151849349107,-0.972076904746,15,-0.0445228500594,0.0150010010058
zero_on_common,complete,equal,common_unconditional_WML,middle_2023,3,12,0.5,2023-01,2023-12,-0.00386957446222,0.0272165593685,-0.142177209463,6,-0.0572130506076,0.0494739016832
zero_on_common,complete,equal,common_unconditional_WML,middle_2023,6,12,0.5,2023-01,2023-12,-0.00386957446222,0.0252929222807,-0.152990406536,6,-0.0534427911962,0.0457036422717
zero_on_common,complete,equal,highDS_WML,full,3,34,0.705882352941,2021-04,2023-12,-0.0113916829697,0.00621104834,-1.83409987269,24,-0.0235651140223,0.000781748082969
zero_on_common,complete,equal,highDS_WML,full,6,34,0.705882352941,2021-04,2023-12,-0.0113916829697,0.00577790214472,-1.97159499838,24,-0.0227161630795,-6.72028598326e-05
zero_on_common,complete,equal,highDS_WML,early_2021_2022,3,22,0.772727272727,2021-04,2022-12,-0.0145684348772,0.00754239869636,-1.93153868732,17,-0.0293512646791,0.000214394924715
zero_on_common,complete,equal,highDS_WML,early_2021_2022,6,22,0.772727272727,2021-04,2022-12,-0.0145684348772,0.00695076028719,-2.09594839633,17,-0.0281916747052,-0.000945195049123
zero_on_common,complete,equal,highDS_WML,middle_2023,3,12,0.583333333333,2023-01,2023-12,-0.00367671405143,0.0103459267344,-0.355377932381,7,-0.0239543578375,0.0166009297346
zero_on_common,complete,equal,highDS_WML,middle_2023,6,12,0.583333333333,2023-01,2023-12,-0.00367671405143,0.00887559296985,-0.414249962106,7,-0.0210725566138,0.0137191285109
zero_on_common,complete,equal,highDS_minus_unconditional,full,3,34,0.617647058824,2021-06,2023-12,0.00295411541384,0.01769346687,0.166960801722,21,-0.031724442413,0.0376326732407
zero_on_common,complete,equal,highDS_minus_unconditional,full,6,34,0.617647058824,2021-06,2023-12,0.00295411541384,0.0176168182046,0.167687228166,21,-0.0315742137894,0.0374824446171
zero_on_common,complete,equal,highDS_minus_unconditional,early_2021_2022,3,22,0.681818181818,2021-06,2022-12,0.00667007908891,0.0206118363737,0.323604310065,15,-0.0337283778589,0.0470685360367
zero_on_common,complete,equal,highDS_minus_unconditional,early_2021_2022,6,22,0.681818181818,2021-06,2022-12,0.00667007908891,0.0204637396595,0.325946244425,15,-0.0334381136327,0.0467782718105
zero_on_common,complete,equal,highDS_minus_unconditional,middle_2023,3,12,0.5,2023-01,2023-12,-0.00633579377381,0.0283205385146,-0.223717277499,6,-0.0618430292853,0.0491714417376
zero_on_common,complete,equal,highDS_minus_unconditional,middle_2023,6,12,0.5,2023-01,2023-12,-0.00633579377381,0.0240461915533,-0.263484292711,6,-0.0534654631836,0.040793875636
zero_on_common,complete,equal,lowDS_WML,full,3,34,1,2021-03,2023-12,0.00275155393344,0.0128993237175,0.213309937303,34,-0.0225306559778,0.0280337638447
zero_on_common,complete,equal,lowDS_WML,full,6,34,1,2021-03,2023-12,0.00275155393344,0.0116560533623,0.236062228605,34,-0.0200938908585,0.0255969987254
zero_on_common,complete,equal,lowDS_WML,early_2021_2022,3,22,1,2021-03,2022-12,0.00711714773693,0.018477332468,0.385182641989,22,-0.0290977584307,0.0433320539046
zero_on_common,complete,equal,lowDS_WML,early_2021_2022,6,22,1,2021-03,2022-12,0.00711714773693,0.0164652462209,0.432252736548,22,-0.0251541418527,0.0393884373265
zero_on_common,complete,equal,lowDS_WML,middle_2023,3,12,1,2023-01,2023-12,-0.00525203470631,0.00921924908416,-0.569681397949,12,-0.0233214308758,0.0128173614632
zero_on_common,complete,equal,lowDS_WML,middle_2023,6,12,1,2023-01,2023-12,-0.00525203470631,0.0067893360462,-0.773571181418,12,-0.0185588888358,0.00805481942319
zero_on_common,complete,equal,lowDS_minus_highDS,full,3,34,0.705882352941,2021-04,2023-12,0.00481702676857,0.0219527441236,0.219427090365,24,-0.0382095610755,0.0478436146127
zero_on_common,complete,equal,lowDS_minus_highDS,full,6,34,0.705882352941,2021-04,2023-12,0.00481702676857,0.0234208866558,0.205672263367,24,-0.0410870675628,0.0507211211
zero_on_common,complete,equal,lowDS_minus_highDS,early_2021_2022,3,22,0.772727272727,2021-04,2022-12,0.0155437807933,0.0293302796517,0.529956787929,17,-0.0419425109805,0.0730300725671
zero_on_common,complete,equal,lowDS_minus_highDS,early_2021_2022,6,22,0.772727272727,2021-04,2022-12,0.0155437807933,0.0300734694042,0.516860245965,17,-0.043399136129,0.0744866977156
zero_on_common,complete,equal,lowDS_minus_highDS,middle_2023,3,12,0.583333333333,2023-01,2023-12,-0.0212336615771,0.0133195310859,-1.59417485797,7,-0.0473394627965,0.00487213964231
zero_on_common,complete,equal,lowDS_minus_highDS,middle_2023,6,12,0.583333333333,2023-01,2023-12,-0.0212336615771,0.0115555685484,-1.83752633963,7,-0.0438821597529,0.0014148365987
zero_on_common,complete,equal,lowDS_minus_unconditional,full,3,34,0.617647058824,2021-06,2023-12,0.00769701097903,0.015449212508,0.498213807016,21,-0.0225828891262,0.0379769110843
zero_on_common,complete,equal,lowDS_minus_unconditional,full,6,34,0.617647058824,2021-06,2023-12,0.00769701097903,0.0164550179286,0.467760716666,21,-0.024554231526,0.039948253484
zero_on_common,complete,equal,lowDS_minus_unconditional,early_2021_2022,3,22,0.681818181818,2021-06,2022-12,0.0190367583032,0.0166262741144,1.14498041908,15,-0.0135501401581,0.0516236567645
zero_on_common,complete,equal,lowDS_minus_unconditional,early_2021_2022,6,22,0.681818181818,2021-06,2022-12,0.0190367583032,0.017254081295,1.1033191497,15,-0.0147806196213,0.0528541362277
zero_on_common,complete,equal,lowDS_minus_unconditional,middle_2023,3,12,0.5,2023-01,2023-12,-0.0206523573314,0.0226660923417,-0.91115649844,6,-0.0650770819915,0.0237723673286
zero_on_common,complete,equal,lowDS_minus_unconditional,middle_2023,6,12,0.5,2023-01,2023-12,-0.0206523573314,0.0194971532868,-1.05924988267,6,-0.0588660755745,0.0175613609117
zero_on_common,complete,equal,unconditional_WML,full,3,34,0.617647058824,2021-06,2023-12,-0.0116491102226,0.0156207818028,-0.745744378845,21,-0.0422652799665,0.0189670595213
zero_on_common,complete,equal,unconditional_WML,full,6,34,0.617647058824,2021-06,2023-12,-0.0116491102226,0.0150889242879,-0.772030530497,21,-0.0412228583923,0.0179246379471
zero_on_common,complete,equal,unconditional_WML,early_2021_2022,3,22,0.681818181818,2021-06,2022-12,-0.0147609245268,0.0168430108092,-0.876382773481,15,-0.0477726191041,0.0182507700506
zero_on_common,complete,equal,unconditional_WML,early_2021_2022,6,22,0.681818181818,2021-06,2022-12,-0.0147609245268,0.0151849349107,-0.972076904746,15,-0.0445228500594,0.0150010010058
zero_on_common,complete,equal,unconditional_WML,middle_2023,3,12,0.5,2023-01,2023-12,-0.00386957446222,0.0272165593685,-0.142177209463,6,-0.0572130506076,0.0494739016832
zero_on_common,complete,equal,unconditional_WML,middle_2023,6,12,0.5,2023-01,2023-12,-0.00386957446222,0.0252929222807,-0.152990406536,6,-0.0534427911962,0.0457036422717
zero_on_common,complete,value,WML_DS1,full,3,34,1,2021-03,2023-12,0.002648677759,0.0131196595009,0.20188616624,34,-0.0230653823521,0.0283627378701
zero_on_common,complete,value,WML_DS1,full,6,34,1,2021-03,2023-12,0.002648677759,0.0105007907657,0.252236028515,34,-0.0179324939509,0.0232298494689
zero_on_common,complete,value,WML_DS1,early_2021_2022,3,22,1,2021-03,2022-12,0.00100645008241,0.0191508607074,0.0525537780149,22,-0.036528547177,0.0385414473418
zero_on_common,complete,value,WML_DS1,early_2021_2022,6,22,1,2021-03,2022-12,0.00100645008241,0.0162488210893,0.061939883323,22,-0.0308406540439,0.0328535542087
zero_on_common,complete,value,WML_DS1,middle_2023,3,12,1,2023-01,2023-12,0.00565942849943,0.0113360995575,0.499239484511,12,-0.0165589183584,0.0278777753572
zero_on_common,complete,value,WML_DS1,middle_2023,6,12,1,2023-01,2023-12,0.00565942849943,0.00857269909079,0.660168803255,12,-0.0111427529688,0.0224616099677
zero_on_common,complete,value,WML_DS2,full,3,34,0.970588235294,2021-03,2023-12,-0.0102825073313,0.0141909434935,-0.724582360295,33,-0.0380962454852,0.0175312308226
zero_on_common,complete,value,WML_DS2,full,6,34,0.970588235294,2021-03,2023-12,-0.0102825073313,0.0119286942604,-0.861997726394,33,-0.0336623184643,0.0130973038017
zero_on_common,complete,value,WML_DS2,early_2021_2022,3,22,1,2021-03,2022-12,-0.011442307171,0.0206920460523,-0.552980944564,22,-0.0519979721999,0.029113357858
zero_on_common,complete,value,WML_DS2,early_2021_2022,6,22,1,2021-03,2022-12,-0.011442307171,0.0171886712617,-0.665688871277,22,-0.045131483786,0.0222468694441
zero_on_common,complete,value,WML_DS2,middle_2023,3,12,0.916666666667,2023-01,2023-12,-0.00796290765206,0.00900800701001,-0.883981067423,11,-0.0256182769642,0.00969246166004
zero_on_common,complete,value,WML_DS2,middle_2023,6,12,0.916666666667,2023-01,2023-12,-0.00796290765206,0.00751321643757,-1.05985335551,11,-0.0226885412777,0.00676272597363
zero_on_common,complete,value,WML_DS3,full,3,34,0.911764705882,2021-03,2023-12,0.00295429550783,0.0173232235498,0.170539593819,31,-0.030998598746,0.0369071897617
zero_on_common,complete,value,WML_DS3,full,6,34,0.911764705882,2021-03,2023-12,0.00295429550783,0.0135588230934,0.217887311271,31,-0.0236205094281,0.0295291004437
zero_on_common,complete,value,WML_DS3,early_2021_2022,3,22,0.954545454545,2021-03,2022-12,-0.00615026274886,0.0225734276254,-0.272455864964,21,-0.0503933679022,0.0380928424044
zero_on_common,complete,value,WML_DS3,early_2021_2022,6,22,0.954545454545,2021-03,2022-12,-0.00615026274886,0.018044011886,-0.340847855107,21,-0.041515876182,0.0292153506843
zero_on_common,complete,value,WML_DS3,middle_2023,3,12,0.833333333333,2023-01,2023-12,0.0220738678469,0.0151537049404,1.45666475186,10,-0.00762684806872,0.0517745837625
zero_on_common,complete,value,WML_DS3,middle_2023,6,12,0.833333333333,2023-01,2023-12,0.0220738678469,0.00921995032992,2.39414173146,10,0.00400309726098,0.0401446384328
zero_on_common,complete,value,WML_DS4,full,3,34,0.735294117647,2021-03,2023-12,-0.0318835953886,0.0167701698566,-1.90120885246,25,-0.0647525243221,0.000985333544854
zero_on_common,complete,value,WML_DS4,full,6,34,0.735294117647,2021-03,2023-12,-0.0318835953886,0.0133826390066,-2.38245949644,25,-0.0581130858596,-0.0056541049176
zero_on_common,complete,value,WML_DS4,early_2021_2022,3,22,0.818181818182,2021-03,2022-12,-0.0302897494062,0.0190559299406,-1.58951830221,18,-0.0676386857818,0.00705918696935
zero_on_common,complete,value,WML_DS4,early_2021_2022,6,22,0.818181818182,2021-03,2022-12,-0.0302897494062,0.0170466709476,-1.77687183024,18,-0.0637006105199,0.00312111170746
zero_on_common,complete,value,WML_DS4,middle_2023,3,12,0.583333333333,2023-01,2023-12,-0.0359820564862,0.0309827936621,-1.16135610231,7,-0.0967072162043,0.024743103232
zero_on_common,complete,value,WML_DS4,middle_2023,6,12,0.583333333333,2023-01,2023-12,-0.0359820564862,0.0188731141061,-1.90652460871,7,-0.0729726804102,0.00100856743789
zero_on_common,complete,value,WML_DS5,full,3,34,0.705882352941,2021-04,2023-12,-0.0135213547964,0.00673285302745,-2.00826525417,24,-0.0267175042434,-0.000325205349427
zero_on_common,complete,value,WML_DS5,full,6,34,0.705882352941,2021-04,2023-12,-0.0135213547964,0.00622582430017,-2.17181760109,24,-0.0257237461988,-0.00131896339401
zero_on_common,complete,value,WML_DS5,early_2021_2022,3,22,0.772727272727,2021-04,2022-12,-0.0200561547868,0.00723083303897,-2.77369905773,17,-0.0342283271214,-0.00588398245217
zero_on_common,complete,value,WML_DS5,early_2021_2022,6,22,0.772727272727,2021-04,2022-12,-0.0200561547868,0.00506071024891,-3.96311067031,17,-0.0299749646108,-0.0101373449627
zero_on_common,complete,value,WML_DS5,middle_2023,3,12,0.583333333333,2023-01,2023-12,0.00234887375157,0.00895846276228,0.262196072463,7,-0.0152093906193,0.0199071381225
zero_on_common,complete,value,WML_DS5,middle_2023,6,12,0.583333333333,2023-01,2023-12,0.00234887375157,0.00782799206673,0.300060824226,7,-0.0129937087705,0.0176914562736
zero_on_common,complete,value,common_highDS_WML,full,3,34,0.617647058824,2021-06,2023-12,-0.00928176815415,0.00776258073079,-1.19570648938,21,-0.0244961468136,0.00593261050529
zero_on_common,complete,value,common_highDS_WML,full,6,34,0.617647058824,2021-06,2023-12,-0.00928176815415,0.00697252857588,-1.3311911243,21,-0.0229476730441,0.00438413673576
zero_on_common,complete,value,common_highDS_WML,early_2021_2022,3,22,0.681818181818,2021-06,2022-12,-0.0135003160186,0.00892990204639,-1.51181009024,15,-0.031002602415,0.00400197037784
zero_on_common,complete,value,common_highDS_WML,early_2021_2022,6,22,0.681818181818,2021-06,2022-12,-0.0135003160186,0.00713220919827,-1.89286596106,15,-0.0274791891774,0.000478557140249
zero_on_common,complete,value,common_highDS_WML,middle_2023,3,12,0.5,2023-01,2023-12,0.00126460150688,0.0103986361034,0.121612247443,6,-0.0191163507442,0.021645553758
zero_on_common,complete,value,common_highDS_WML,middle_2023,6,12,0.5,2023-01,2023-12,0.00126460150688,0.00908703188253,0.139165518865,6,-0.0165456537092,0.019074856723
zero_on_common,complete,value,common_highDS_minus_unconditional,full,3,34,0.617647058824,2021-06,2023-12,0.00291222559438,0.0157254275521,0.185192140864,21,-0.0279090460493,0.0337334972381
zero_on_common,complete,value,common_highDS_minus_unconditional,full,6,34,0.617647058824,2021-06,2023-12,0.00291222559438,0.0149539578182,0.194746142111,21,-0.0263969931556,0.0322214443444
zero_on_common,complete,value,common_highDS_minus_unconditional,early_2021_2022,3,22,0.681818181818,2021-06,2022-12,0.000837774094623,0.0212026843457,0.0395126428788,15,-0.0407187235984,0.0423942717877
zero_on_common,complete,value,common_highDS_minus_unconditional,early_2021_2022,6,22,0.681818181818,2021-06,2022-12,0.000837774094623,0.0202574835478,0.0413562766889,15,-0.0388661640764,0.0405417122657
zero_on_common,complete,value,common_highDS_minus_unconditional,middle_2023,3,12,0.5,2023-01,2023-12,0.00809835434377,0.0125721223016,0.644151731069,6,-0.0165425525766,0.0327392612641
zero_on_common,complete,value,common_highDS_minus_unconditional,middle_2023,6,12,0.5,2023-01,2023-12,0.00809835434377,0.00971585650239,0.833519344566,6,-0.0109443744799,0.0271410831674
zero_on_common,complete,value,common_lowDS_WML,full,3,34,0.617647058824,2021-06,2023-12,-0.00158045883921,0.0204683469792,-0.0772147765921,21,-0.0416976817416,0.0385367640631
zero_on_common,complete,value,common_lowDS_WML,full,6,34,0.617647058824,2021-06,2023-12,-0.00158045883921,0.0206213527963,-0.0766418602514,21,-0.0419975676325,0.038836649954
zero_on_common,complete,value,common_lowDS_WML,early_2021_2022,3,22,0.681818181818,2021-06,2022-12,0.00117348682192,0.0284039226387,0.0413142521493,15,-0.0544971785695,0.0568441522134
zero_on_common,complete,value,common_lowDS_WML,early_2021_2022,6,22,0.681818181818,2021-06,2022-12,0.00117348682192,0.0285960595472,0.0410366617116,15,-0.0548737599903,0.0572207336341
zero_on_common,complete,value,common_lowDS_WML,middle_2023,3,12,0.5,2023-01,2023-12,-0.00846532299204,0.00896269384485,-0.944506544414,6,-0.0260318801324,0.00910123414832
zero_on_common,complete,value,common_lowDS_WML,middle_2023,6,12,0.5,2023-01,2023-12,-0.00846532299204,0.00692936823009,-1.22165870119,6,-0.0220466351586,0.00511598917455
zero_on_common,complete,value,common_lowDS_minus_highDS,full,3,34,0.617647058824,2021-06,2023-12,0.00770130931494,0.0208067320453,0.370135458954,21,-0.0330791361299,0.0484817547598
zero_on_common,complete,value,common_lowDS_minus_highDS,full,6,34,0.617647058824,2021-06,2023-12,0.00770130931494,0.0217162722202,0.354633117363,21,-0.0348618021151,0.050264420745
zero_on_common,complete,value,common_lowDS_minus_highDS,early_2021_2022,3,22,0.681818181818,2021-06,2022-12,0.0146738028405,0.0280487951164,0.52315269799,15,-0.0403008253973,0.0696484310783
zero_on_common,complete,value,common_lowDS_minus_highDS,early_2021_2022,6,22,0.681818181818,2021-06,2022-12,0.0146738028405,0.0291395350702,0.503570245892,15,-0.0424386364234,0.0717862421044
zero_on_common,complete,value,common_lowDS_minus_highDS,middle_2023,3,12,0.5,2023-01,2023-12,-0.00972992449892,0.015334437429,-0.634514604398,6,-0.0397848695829,0.0203250205851
zero_on_common,complete,value,common_lowDS_minus_highDS,middle_2023,6,12,0.5,2023-01,2023-12,-0.00972992449892,0.013058399267,-0.74510851598,6,-0.035323916758,0.0158640677602
zero_on_common,complete,value,common_lowDS_minus_unconditional,full,3,34,0.617647058824,2021-06,2023-12,0.0106135349093,0.0104391454291,1.01670534063,21,-0.00984681416108,0.0310738839797
zero_on_common,complete,value,common_lowDS_minus_unconditional,full,6,34,0.617647058824,2021-06,2023-12,0.0106135349093,0.0108013240728,0.982614245974,21,-0.0105566712587,0.0317837410774
zero_on_common,complete,value,common_lowDS_minus_unconditional,early_2021_2022,3,22,0.681818181818,2021-06,2022-12,0.0155115769351,0.0126981385643,1.22156305482,15,-0.00937631732167,0.0403994711919
zero_on_common,complete,value,common_lowDS_minus_unconditional,early_2021_2022,6,22,0.681818181818,2021-06,2022-12,0.0155115769351,0.0128783767381,1.20446677796,15,-0.00972957765086,0.0407527315211
zero_on_common,complete,value,common_lowDS_minus_unconditional,middle_2023,3,12,0.5,2023-01,2023-12,-0.00163157015515,0.0117063216706,-0.139375134313,6,-0.0245755390209,0.0213123987106
zero_on_common,complete,value,common_lowDS_minus_unconditional,middle_2023,6,12,0.5,2023-01,2023-12,-0.00163157015515,0.0119510027129,-0.13652161198,6,-0.0250551050517,0.0217919647414
zero_on_common,complete,value,common_unconditional_WML,full,3,34,0.617647058824,2021-06,2023-12,-0.0121939937485,0.0174673362882,-0.698102649844,21,-0.0464293437793,0.0220413562822
zero_on_common,complete,value,common_unconditional_WML,full,6,34,0.617647058824,2021-06,2023-12,-0.0121939937485,0.0156477863322,-0.779279157426,21,-0.0428630913974,0.0184751039003
zero_on_common,complete,value,common_unconditional_WML,early_2021_2022,3,22,0.681818181818,2021-06,2022-12,-0.0143380901132,0.0231015249082,-0.620655570147,15,-0.0596162469212,0.0309400666949
zero_on_common,complete,value,common_unconditional_WML,early_2021_2022,6,22,0.681818181818,2021-06,2022-12,-0.0143380901132,0.0201475888733,-0.711652903152,15,-0.0538266386802,0.0251504584538
zero_on_common,complete,value,common_unconditional_WML,middle_2023,3,12,0.5,2023-01,2023-12,-0.00683375283689,0.0119791631527,-0.570469969377,6,-0.0303124811812,0.0166449755074
zero_on_common,complete,value,common_unconditional_WML,middle_2023,6,12,0.5,2023-01,2023-12,-0.00683375283689,0.0111927953473,-0.610549252879,6,-0.0287712286038,0.0151037229301
zero_on_common,complete,value,highDS_WML,full,3,34,0.705882352941,2021-04,2023-12,-0.0135213547964,0.00673285302745,-2.00826525417,24,-0.0267175042434,-0.000325205349427
zero_on_common,complete,value,highDS_WML,full,6,34,0.705882352941,2021-04,2023-12,-0.0135213547964,0.00622582430017,-2.17181760109,24,-0.0257237461988,-0.00131896339401
zero_on_common,complete,value,highDS_WML,early_2021_2022,3,22,0.772727272727,2021-04,2022-12,-0.0200561547868,0.00723083303897,-2.77369905773,17,-0.0342283271214,-0.00588398245217
zero_on_common,complete,value,highDS_WML,early_2021_2022,6,22,0.772727272727,2021-04,2022-12,-0.0200561547868,0.00506071024891,-3.96311067031,17,-0.0299749646108,-0.0101373449627
zero_on_common,complete,value,highDS_WML,middle_2023,3,12,0.583333333333,2023-01,2023-12,0.00234887375157,0.00895846276228,0.262196072463,7,-0.0152093906193,0.0199071381225
zero_on_common,complete,value,highDS_WML,middle_2023,6,12,0.583333333333,2023-01,2023-12,0.00234887375157,0.00782799206673,0.300060824226,7,-0.0129937087705,0.0176914562736
zero_on_common,complete,value,highDS_minus_unconditional,full,3,34,0.617647058824,2021-06,2023-12,0.00291222559438,0.0157254275521,0.185192140864,21,-0.0279090460493,0.0337334972381
zero_on_common,complete,value,highDS_minus_unconditional,full,6,34,0.617647058824,2021-06,2023-12,0.00291222559438,0.0149539578182,0.194746142111,21,-0.0263969931556,0.0322214443444
zero_on_common,complete,value,highDS_minus_unconditional,early_2021_2022,3,22,0.681818181818,2021-06,2022-12,0.000837774094623,0.0212026843457,0.0395126428788,15,-0.0407187235984,0.0423942717877
zero_on_common,complete,value,highDS_minus_unconditional,early_2021_2022,6,22,0.681818181818,2021-06,2022-12,0.000837774094623,0.0202574835478,0.0413562766889,15,-0.0388661640764,0.0405417122657
zero_on_common,complete,value,highDS_minus_unconditional,middle_2023,3,12,0.5,2023-01,2023-12,0.00809835434377,0.0125721223016,0.644151731069,6,-0.0165425525766,0.0327392612641
zero_on_common,complete,value,highDS_minus_unconditional,middle_2023,6,12,0.5,2023-01,2023-12,0.00809835434377,0.00971585650239,0.833519344566,6,-0.0109443744799,0.0271410831674
zero_on_common,complete,value,lowDS_WML,full,3,34,1,2021-03,2023-12,0.002648677759,0.0131196595009,0.20188616624,34,-0.0230653823521,0.0283627378701
zero_on_common,complete,value,lowDS_WML,full,6,34,1,2021-03,2023-12,0.002648677759,0.0105007907657,0.252236028515,34,-0.0179324939509,0.0232298494689
zero_on_common,complete,value,lowDS_WML,early_2021_2022,3,22,1,2021-03,2022-12,0.00100645008241,0.0191508607074,0.0525537780149,22,-0.036528547177,0.0385414473418
zero_on_common,complete,value,lowDS_WML,early_2021_2022,6,22,1,2021-03,2022-12,0.00100645008241,0.0162488210893,0.061939883323,22,-0.0308406540439,0.0328535542087
zero_on_common,complete,value,lowDS_WML,middle_2023,3,12,1,2023-01,2023-12,0.00565942849943,0.0113360995575,0.499239484511,12,-0.0165589183584,0.0278777753572
zero_on_common,complete,value,lowDS_WML,middle_2023,6,12,1,2023-01,2023-12,0.00565942849943,0.00857269909079,0.660168803255,12,-0.0111427529688,0.0224616099677
zero_on_common,complete,value,lowDS_minus_highDS,full,3,34,0.705882352941,2021-04,2023-12,0.0115649281245,0.017735215005,0.652088408362,24,-0.0231954545432,0.0463253107923
zero_on_common,complete,value,lowDS_minus_highDS,full,6,34,0.705882352941,2021-04,2023-12,0.0115649281245,0.0175130592915,0.660360245005,24,-0.022760037346,0.0458898935951
zero_on_common,complete,value,lowDS_minus_highDS,early_2021_2022,3,22,0.772727272727,2021-04,2022-12,0.0196807529105,0.0237658887882,0.82810927401,17,-0.0268995331748,0.0662610389959
zero_on_common,complete,value,lowDS_minus_highDS,early_2021_2022,6,22,0.772727272727,2021-04,2022-12,0.0196807529105,0.0227618581626,0.864637358247,17,-0.0249316693095,0.0642931751305
zero_on_common,complete,value,lowDS_minus_highDS,middle_2023,3,12,0.583333333333,2023-01,2023-12,-0.00814493207004,0.0129785499481,-0.627568727063,7,-0.0335824225398,0.0172925583998
zero_on_common,complete,value,lowDS_minus_highDS,middle_2023,6,12,0.583333333333,2023-01,2023-12,-0.00814493207004,0.0112221145256,-0.725792991285,7,-0.0301398723705,0.0138500082304
zero_on_common,complete,value,lowDS_minus_unconditional,full,3,34,0.617647058824,2021-06,2023-12,0.0106135349093,0.0104391454291,1.01670534063,21,-0.00984681416108,0.0310738839797
zero_on_common,complete,value,lowDS_minus_unconditional,full,6,34,0.617647058824,2021-06,2023-12,0.0106135349093,0.0108013240728,0.982614245974,21,-0.0105566712587,0.0317837410774
zero_on_common,complete,value,lowDS_minus_unconditional,early_2021_2022,3,22,0.681818181818,2021-06,2022-12,0.0155115769351,0.0126981385643,1.22156305482,15,-0.00937631732167,0.0403994711919
zero_on_common,complete,value,lowDS_minus_unconditional,early_2021_2022,6,22,0.681818181818,2021-06,2022-12,0.0155115769351,0.0128783767381,1.20446677796,15,-0.00972957765086,0.0407527315211
zero_on_common,complete,value,lowDS_minus_unconditional,middle_2023,3,12,0.5,2023-01,2023-12,-0.00163157015515,0.0117063216706,-0.139375134313,6,-0.0245755390209,0.0213123987106
zero_on_common,complete,value,lowDS_minus_unconditional,middle_2023,6,12,0.5,2023-01,2023-12,-0.00163157015515,0.0119510027129,-0.13652161198,6,-0.0250551050517,0.0217919647414
zero_on_common,complete,value,unconditional_WML,full,3,34,0.617647058824,2021-06,2023-12,-0.0121939937485,0.0174673362882,-0.698102649844,21,-0.0464293437793,0.0220413562822
zero_on_common,complete,value,unconditional_WML,full,6,34,0.617647058824,2021-06,2023-12,-0.0121939937485,0.0156477863322,-0.779279157426,21,-0.0428630913974,0.0184751039003
zero_on_common,complete,value,unconditional_WML,early_2021_2022,3,22,0.681818181818,2021-06,2022-12,-0.0143380901132,0.0231015249082,-0.620655570147,15,-0.0596162469212,0.0309400666949
zero_on_common,complete,value,unconditional_WML,early_2021_2022,6,22,0.681818181818,2021-06,2022-12,-0.0143380901132,0.0201475888733,-0.711652903152,15,-0.0538266386802,0.0251504584538
zero_on_common,complete,value,unconditional_WML,middle_2023,3,12,0.5,2023-01,2023-12,-0.00683375283689,0.0119791631527,-0.570469969377,6,-0.0303124811812,0.0166449755074
zero_on_common,complete,value,unconditional_WML,middle_2023,6,12,0.5,2023-01,2023-12,-0.00683375283689,0.0111927953473,-0.610549252879,6,-0.0287712286038,0.0151037229301
zero_on_common,observed_only_selected_sample,equal,WML_DS1,full,3,34,1,2021-03,2023-12,0.00275155393344,0.0128993237175,0.213309937303,34,-0.0225306559778,0.0280337638447
zero_on_common,observed_only_selected_sample,equal,WML_DS1,full,6,34,1,2021-03,2023-12,0.00275155393344,0.0116560533623,0.236062228605,34,-0.0200938908585,0.0255969987254
zero_on_common,observed_only_selected_sample,equal,WML_DS1,early_2021_2022,3,22,1,2021-03,2022-12,0.00711714773693,0.018477332468,0.385182641989,22,-0.0290977584307,0.0433320539046
zero_on_common,observed_only_selected_sample,equal,WML_DS1,early_2021_2022,6,22,1,2021-03,2022-12,0.00711714773693,0.0164652462209,0.432252736548,22,-0.0251541418527,0.0393884373265
zero_on_common,observed_only_selected_sample,equal,WML_DS1,middle_2023,3,12,1,2023-01,2023-12,-0.00525203470631,0.00921924908416,-0.569681397949,12,-0.0233214308758,0.0128173614632
zero_on_common,observed_only_selected_sample,equal,WML_DS1,middle_2023,6,12,1,2023-01,2023-12,-0.00525203470631,0.0067893360462,-0.773571181418,12,-0.0185588888358,0.00805481942319
zero_on_common,observed_only_selected_sample,equal,WML_DS2,full,3,34,1,2021-03,2023-12,-0.00171740597587,0.0137966289026,-0.124480116701,34,-0.028758301733,0.0253234897812
zero_on_common,observed_only_selected_sample,equal,WML_DS2,full,6,34,1,2021-03,2023-12,-0.00171740597587,0.0118854715103,-0.144496242693,34,-0.0250125020753,0.0215776901235
zero_on_common,observed_only_selected_sample,equal,WML_DS2,early_2021_2022,3,22,1,2021-03,2022-12,-0.00305627315514,0.0192596561028,-0.158687836315,22,-0.0408045054713,0.0346919591611
zero_on_common,observed_only_selected_sample,equal,WML_DS2,early_2021_2022,6,22,1,2021-03,2022-12,-0.00305627315514,0.0174390433929,-0.175254633312,22,-0.0372361701301,0.0311236238198
zero_on_common,observed_only_selected_sample,equal,WML_DS2,middle_2023,3,12,1,2023-01,2023-12,0.000737183852777,0.0125072394701,0.0589405723412,12,-0.0237765550546,0.0252509227602
zero_on_common,observed_only_selected_sample,equal,WML_DS2,middle_2023,6,12,1,2023-01,2023-12,0.000737183852777,0.00798920648962,0.0922724745861,12,-0.0149213731319,0.0163957408375
zero_on_common,observed_only_selected_sample,equal,WML_DS3,full,3,34,1,2021-03,2023-12,0.00227156423593,0.0161178303274,0.140934864668,34,-0.0293188027148,0.0338619311867
zero_on_common,observed_only_selected_sample,equal,WML_DS3,full,6,34,1,2021-03,2023-12,0.00227156423593,0.0133388844173,0.170296417967,34,-0.0238721688159,0.0284152972878
zero_on_common,observed_only_selected_sample,equal,WML_DS3,early_2021_2022,3,22,1,2021-03,2022-12,-0.00492347930534,0.0203057744151,-0.242466955689,22,-0.0447220658371,0.0348751072264
zero_on_common,observed_only_selected_sample,equal,WML_DS3,early_2021_2022,6,22,1,2021-03,2022-12,-0.00492347930534,0.0170760236768,-0.2883270367,22,-0.038391870711,0.0285449121003
zero_on_common,observed_only_selected_sample,equal,WML_DS3,middle_2023,3,12,1,2023-01,2023-12,0.0154624773949,0.0234430691044,0.659575643703,12,-0.0304850937368,0.0614100485267
zero_on_common,observed_only_selected_sample,equal,WML_DS3,middle_2023,6,12,1,2023-01,2023-12,0.0154624773949,0.0180735390193,0.855531248109,12,-0.0199610081561,0.050885962946
zero_on_common,observed_only_selected_sample,equal,WML_DS4,full,3,34,0.852941176471,2021-03,2023-12,-0.0148534091354,0.0158127709421,-0.939329937159,29,-0.0458458706777,0.016139052407
zero_on_common,observed_only_selected_sample,equal,WML_DS4,full,6,34,0.852941176471,2021-03,2023-12,-0.0148534091354,0.0118838011037,-1.24988705262,29,-0.038145231298,0.00843841302724
zero_on_common,observed_only_selected_sample,equal,WML_DS4,early_2021_2022,3,22,0.863636363636,2021-03,2022-12,-0.0205810748395,0.0141648879814,-1.45296417921,19,-0.048343745128,0.00718159544906
zero_on_common,observed_only_selected_sample,equal,WML_DS4,early_2021_2022,6,22,0.863636363636,2021-03,2022-12,-0.0205810748395,0.0137021708739,-1.50203022783,19,-0.0474368362624,0.00627468658339
zero_on_common,observed_only_selected_sample,equal,WML_DS4,middle_2023,3,12,0.833333333333,2023-01,2023-12,-0.00397084429755,0.0333170289687,-0.119183625325,10,-0.069271021148,0.0613293325529
zero_on_common,observed_only_selected_sample,equal,WML_DS4,middle_2023,6,12,0.833333333333,2023-01,2023-12,-0.00397084429755,0.018735879971,-0.211937966282,10,-0.0406924942594,0.0327508056643
zero_on_common,observed_only_selected_sample,equal,WML_DS5,full,3,34,1,2021-03,2023-12,-0.0114736800599,0.00498864391787,-2.29995971827,34,-0.0212512424706,-0.00169611764915
zero_on_common,observed_only_selected_sample,equal,WML_DS5,full,6,34,1,2021-03,2023-12,-0.0114736800599,0.00390145830156,-2.94086958595,34,-0.0191203978181,-0.00382696230165
zero_on_common,observed_only_selected_sample,equal,WML_DS5,early_2021_2022,3,22,1,2021-03,2022-12,-0.0138798890949,0.00550224379337,-2.52258707832,22,-0.0246640887641,-0.00309568942577
zero_on_common,observed_only_selected_sample,equal,WML_DS5,early_2021_2022,6,22,1,2021-03,2022-12,-0.0138798890949,0.00388208500463,-3.57536969912,22,-0.0214886358889,-0.00627114230095
zero_on_common,observed_only_selected_sample,equal,WML_DS5,middle_2023,3,12,1,2023-01,2023-12,-0.00706229682894,0.00929629464034,-0.759689435649,12,-0.0252826995137,0.0111581058558
zero_on_common,observed_only_selected_sample,equal,WML_DS5,middle_2023,6,12,1,2023-01,2023-12,-0.00706229682894,0.0075552761612,-0.934750322591,12,-0.0218703659981,0.00774577234026
zero_on_common,observed_only_selected_sample,equal,common_highDS_WML,full,3,34,1,2021-03,2023-12,-0.0114736800599,0.00498864391787,-2.29995971827,34,-0.0212512424706,-0.00169611764915
zero_on_common,observed_only_selected_sample,equal,common_highDS_WML,full,6,34,1,2021-03,2023-12,-0.0114736800599,0.00390145830156,-2.94086958595,34,-0.0191203978181,-0.00382696230165
zero_on_common,observed_only_selected_sample,equal,common_highDS_WML,early_2021_2022,3,22,1,2021-03,2022-12,-0.0138798890949,0.00550224379337,-2.52258707832,22,-0.0246640887641,-0.00309568942577
zero_on_common,observed_only_selected_sample,equal,common_highDS_WML,early_2021_2022,6,22,1,2021-03,2022-12,-0.0138798890949,0.00388208500463,-3.57536969912,22,-0.0214886358889,-0.00627114230095
zero_on_common,observed_only_selected_sample,equal,common_highDS_WML,middle_2023,3,12,1,2023-01,2023-12,-0.00706229682894,0.00929629464034,-0.759689435649,12,-0.0252826995137,0.0111581058558
zero_on_common,observed_only_selected_sample,equal,common_highDS_WML,middle_2023,6,12,1,2023-01,2023-12,-0.00706229682894,0.0075552761612,-0.934750322591,12,-0.0218703659981,0.00774577234026
zero_on_common,observed_only_selected_sample,equal,common_highDS_minus_unconditional,full,3,34,1,2021-03,2023-12,-0.0063509996117,0.0113599974821,-0.559066991141,34,-0.0286161855411,0.0159141863177
zero_on_common,observed_only_selected_sample,equal,common_highDS_minus_unconditional,full,6,34,1,2021-03,2023-12,-0.0063509996117,0.0107726839604,-0.589546638056,34,-0.0274650721909,0.0147630729675
zero_on_common,observed_only_selected_sample,equal,common_highDS_minus_unconditional,early_2021_2022,3,22,1,2021-03,2022-12,-0.00363522886947,0.0151243154393,-0.240356588968,22,-0.0332783424213,0.0260078846824
zero_on_common,observed_only_selected_sample,equal,common_highDS_minus_unconditional,early_2021_2022,6,22,1,2021-03,2022-12,-0.00363522886947,0.0142818643953,-0.25453461599,22,-0.0316271687163,0.0243567109773
zero_on_common,observed_only_selected_sample,equal,common_highDS_minus_unconditional,middle_2023,3,12,1,2023-01,2023-12,-0.0113299126391,0.0133173909192,-0.850760686373,12,-0.0374315192088,0.0147716939306
zero_on_common,observed_only_selected_sample,equal,common_highDS_minus_unconditional,middle_2023,6,12,1,2023-01,2023-12,-0.0113299126391,0.0113082145228,-1.00191879242,12,-0.0334936058332,0.010833780555
zero_on_common,observed_only_selected_sample,equal,common_lowDS_WML,full,3,34,1,2021-03,2023-12,0.00275155393344,0.0128993237175,0.213309937303,34,-0.0225306559778,0.0280337638447
zero_on_common,observed_only_selected_sample,equal,common_lowDS_WML,full,6,34,1,2021-03,2023-12,0.00275155393344,0.0116560533623,0.236062228605,34,-0.0200938908585,0.0255969987254
zero_on_common,observed_only_selected_sample,equal,common_lowDS_WML,early_2021_2022,3,22,1,2021-03,2022-12,0.00711714773693,0.018477332468,0.385182641989,22,-0.0290977584307,0.0433320539046
zero_on_common,observed_only_selected_sample,equal,common_lowDS_WML,early_2021_2022,6,22,1,2021-03,2022-12,0.00711714773693,0.0164652462209,0.432252736548,22,-0.0251541418527,0.0393884373265
zero_on_common,observed_only_selected_sample,equal,common_lowDS_WML,middle_2023,3,12,1,2023-01,2023-12,-0.00525203470631,0.00921924908416,-0.569681397949,12,-0.0233214308758,0.0128173614632
zero_on_common,observed_only_selected_sample,equal,common_lowDS_WML,middle_2023,6,12,1,2023-01,2023-12,-0.00525203470631,0.0067893360462,-0.773571181418,12,-0.0185588888358,0.00805481942319
zero_on_common,observed_only_selected_sample,equal,common_lowDS_minus_highDS,full,3,34,1,2021-03,2023-12,0.0142252339933,0.0149285586966,0.952887300271,34,-0.0150342033931,0.0434846713797
zero_on_common,observed_only_selected_sample,equal,common_lowDS_minus_highDS,full,6,34,1,2021-03,2023-12,0.0142252339933,0.0140093490506,1.01541006238,34,-0.0132325855927,0.0416830535794
zero_on_common,observed_only_selected_sample,equal,common_lowDS_minus_highDS,early_2021_2022,3,22,1,2021-03,2022-12,0.0209970368319,0.0221028280052,0.949970602264,22,-0.0223237100149,0.0643177836786
zero_on_common,observed_only_selected_sample,equal,common_lowDS_minus_highDS,early_2021_2022,6,22,1,2021-03,2022-12,0.0209970368319,0.0195254169828,1.07536944539,22,-0.0172720772375,0.0592661509013
zero_on_common,observed_only_selected_sample,equal,common_lowDS_minus_highDS,middle_2023,3,12,1,2023-01,2023-12,0.00181026212264,0.00414366474472,0.436874659067,12,-0.00631117154102,0.00993169578629
zero_on_common,observed_only_selected_sample,equal,common_lowDS_minus_highDS,middle_2023,6,12,1,2023-01,2023-12,0.00181026212264,0.00461903390228,0.391913582133,12,-0.00724287796919,0.0108634022145
zero_on_common,observed_only_selected_sample,equal,common_lowDS_minus_unconditional,full,3,34,1,2021-03,2023-12,0.00787423438163,0.010119388534,0.778133417368,34,-0.0119594026906,0.0277078714538
zero_on_common,observed_only_selected_sample,equal,common_lowDS_minus_unconditional,full,6,34,1,2021-03,2023-12,0.00787423438163,0.00938069362648,0.839408544311,34,-0.0105115872763,0.0262600560395
zero_on_common,observed_only_selected_sample,equal,common_lowDS_minus_unconditional,early_2021_2022,3,22,1,2021-03,2022-12,0.0173618079624,0.0124256721814,1.39725301851,22,-0.00699206199677,0.0417156779216
zero_on_common,observed_only_selected_sample,equal,common_lowDS_minus_unconditional,early_2021_2022,6,22,1,2021-03,2022-12,0.0173618079624,0.0102019810828,1.70180750401,22,-0.00263370753077,0.0373573234556
zero_on_common,observed_only_selected_sample,equal,common_lowDS_minus_unconditional,middle_2023,3,12,1,2023-01,2023-12,-0.00951965051647,0.0137081690942,-0.694450911064,12,-0.036387168235,0.0173478672021
zero_on_common,observed_only_selected_sample,equal,common_lowDS_minus_unconditional,middle_2023,6,12,1,2023-01,2023-12,-0.00951965051647,0.0119779268152,-0.794766128007,12,-0.0329959556837,0.0139566546508
zero_on_common,observed_only_selected_sample,equal,common_unconditional_WML,full,3,34,1,2021-03,2023-12,-0.00512268044819,0.0106558202128,-0.48074013505,34,-0.0260077042911,0.0157623433947
zero_on_common,observed_only_selected_sample,equal,common_unconditional_WML,full,6,34,1,2021-03,2023-12,-0.00512268044819,0.00867339606048,-0.590619915483,34,-0.0221222243504,0.011876863454
zero_on_common,observed_only_selected_sample,equal,common_unconditional_WML,early_2021_2022,3,22,1,2021-03,2022-12,-0.0102446602255,0.0123821552885,-0.827372940072,22,-0.0345132386419,0.014023918191
zero_on_common,observed_only_selected_sample,equal,common_unconditional_WML,early_2021_2022,6,22,1,2021-03,2022-12,-0.0102446602255,0.0109818296084,-0.932873718747,22,-0.0317686507424,0.0112793302914
zero_on_common,observed_only_selected_sample,equal,common_unconditional_WML,middle_2023,3,12,1,2023-01,2023-12,0.00426761581016,0.0158605423696,0.269071240485,12,-0.0268184760096,0.0353537076299
zero_on_common,observed_only_selected_sample,equal,common_unconditional_WML,middle_2023,6,12,1,2023-01,2023-12,0.00426761581016,0.0100996540035,0.422550694181,12,-0.015527342293,0.0240625739133
zero_on_common,observed_only_selected_sample,equal,highDS_WML,full,3,34,1,2021-03,2023-12,-0.0114736800599,0.00498864391787,-2.29995971827,34,-0.0212512424706,-0.00169611764915
zero_on_common,observed_only_selected_sample,equal,highDS_WML,full,6,34,1,2021-03,2023-12,-0.0114736800599,0.00390145830156,-2.94086958595,34,-0.0191203978181,-0.00382696230165
zero_on_common,observed_only_selected_sample,equal,highDS_WML,early_2021_2022,3,22,1,2021-03,2022-12,-0.0138798890949,0.00550224379337,-2.52258707832,22,-0.0246640887641,-0.00309568942577
zero_on_common,observed_only_selected_sample,equal,highDS_WML,early_2021_2022,6,22,1,2021-03,2022-12,-0.0138798890949,0.00388208500463,-3.57536969912,22,-0.0214886358889,-0.00627114230095
zero_on_common,observed_only_selected_sample,equal,highDS_WML,middle_2023,3,12,1,2023-01,2023-12,-0.00706229682894,0.00929629464034,-0.759689435649,12,-0.0252826995137,0.0111581058558
zero_on_common,observed_only_selected_sample,equal,highDS_WML,middle_2023,6,12,1,2023-01,2023-12,-0.00706229682894,0.0075552761612,-0.934750322591,12,-0.0218703659981,0.00774577234026
zero_on_common,observed_only_selected_sample,equal,highDS_minus_unconditional,full,3,34,1,2021-03,2023-12,-0.0063509996117,0.0113599974821,-0.559066991141,34,-0.0286161855411,0.0159141863177
zero_on_common,observed_only_selected_sample,equal,highDS_minus_unconditional,full,6,34,1,2021-03,2023-12,-0.0063509996117,0.0107726839604,-0.589546638056,34,-0.0274650721909,0.0147630729675
zero_on_common,observed_only_selected_sample,equal,highDS_minus_unconditional,early_2021_2022,3,22,1,2021-03,2022-12,-0.00363522886947,0.0151243154393,-0.240356588968,22,-0.0332783424213,0.0260078846824
zero_on_common,observed_only_selected_sample,equal,highDS_minus_unconditional,early_2021_2022,6,22,1,2021-03,2022-12,-0.00363522886947,0.0142818643953,-0.25453461599,22,-0.0316271687163,0.0243567109773
zero_on_common,observed_only_selected_sample,equal,highDS_minus_unconditional,middle_2023,3,12,1,2023-01,2023-12,-0.0113299126391,0.0133173909192,-0.850760686373,12,-0.0374315192088,0.0147716939306
zero_on_common,observed_only_selected_sample,equal,highDS_minus_unconditional,middle_2023,6,12,1,2023-01,2023-12,-0.0113299126391,0.0113082145228,-1.00191879242,12,-0.0334936058332,0.010833780555
zero_on_common,observed_only_selected_sample,equal,lowDS_WML,full,3,34,1,2021-03,2023-12,0.00275155393344,0.0128993237175,0.213309937303,34,-0.0225306559778,0.0280337638447
zero_on_common,observed_only_selected_sample,equal,lowDS_WML,full,6,34,1,2021-03,2023-12,0.00275155393344,0.0116560533623,0.236062228605,34,-0.0200938908585,0.0255969987254
zero_on_common,observed_only_selected_sample,equal,lowDS_WML,early_2021_2022,3,22,1,2021-03,2022-12,0.00711714773693,0.018477332468,0.385182641989,22,-0.0290977584307,0.0433320539046
zero_on_common,observed_only_selected_sample,equal,lowDS_WML,early_2021_2022,6,22,1,2021-03,2022-12,0.00711714773693,0.0164652462209,0.432252736548,22,-0.0251541418527,0.0393884373265
zero_on_common,observed_only_selected_sample,equal,lowDS_WML,middle_2023,3,12,1,2023-01,2023-12,-0.00525203470631,0.00921924908416,-0.569681397949,12,-0.0233214308758,0.0128173614632
zero_on_common,observed_only_selected_sample,equal,lowDS_WML,middle_2023,6,12,1,2023-01,2023-12,-0.00525203470631,0.0067893360462,-0.773571181418,12,-0.0185588888358,0.00805481942319
zero_on_common,observed_only_selected_sample,equal,lowDS_minus_highDS,full,3,34,1,2021-03,2023-12,0.0142252339933,0.0149285586966,0.952887300271,34,-0.0150342033931,0.0434846713797
zero_on_common,observed_only_selected_sample,equal,lowDS_minus_highDS,full,6,34,1,2021-03,2023-12,0.0142252339933,0.0140093490506,1.01541006238,34,-0.0132325855927,0.0416830535794
zero_on_common,observed_only_selected_sample,equal,lowDS_minus_highDS,early_2021_2022,3,22,1,2021-03,2022-12,0.0209970368319,0.0221028280052,0.949970602264,22,-0.0223237100149,0.0643177836786
zero_on_common,observed_only_selected_sample,equal,lowDS_minus_highDS,early_2021_2022,6,22,1,2021-03,2022-12,0.0209970368319,0.0195254169828,1.07536944539,22,-0.0172720772375,0.0592661509013
zero_on_common,observed_only_selected_sample,equal,lowDS_minus_highDS,middle_2023,3,12,1,2023-01,2023-12,0.00181026212264,0.00414366474472,0.436874659067,12,-0.00631117154102,0.00993169578629
zero_on_common,observed_only_selected_sample,equal,lowDS_minus_highDS,middle_2023,6,12,1,2023-01,2023-12,0.00181026212264,0.00461903390228,0.391913582133,12,-0.00724287796919,0.0108634022145
zero_on_common,observed_only_selected_sample,equal,lowDS_minus_unconditional,full,3,34,1,2021-03,2023-12,0.00787423438163,0.010119388534,0.778133417368,34,-0.0119594026906,0.0277078714538
zero_on_common,observed_only_selected_sample,equal,lowDS_minus_unconditional,full,6,34,1,2021-03,2023-12,0.00787423438163,0.00938069362648,0.839408544311,34,-0.0105115872763,0.0262600560395
zero_on_common,observed_only_selected_sample,equal,lowDS_minus_unconditional,early_2021_2022,3,22,1,2021-03,2022-12,0.0173618079624,0.0124256721814,1.39725301851,22,-0.00699206199677,0.0417156779216
zero_on_common,observed_only_selected_sample,equal,lowDS_minus_unconditional,early_2021_2022,6,22,1,2021-03,2022-12,0.0173618079624,0.0102019810828,1.70180750401,22,-0.00263370753077,0.0373573234556
zero_on_common,observed_only_selected_sample,equal,lowDS_minus_unconditional,middle_2023,3,12,1,2023-01,2023-12,-0.00951965051647,0.0137081690942,-0.694450911064,12,-0.036387168235,0.0173478672021
zero_on_common,observed_only_selected_sample,equal,lowDS_minus_unconditional,middle_2023,6,12,1,2023-01,2023-12,-0.00951965051647,0.0119779268152,-0.794766128007,12,-0.0329959556837,0.0139566546508
zero_on_common,observed_only_selected_sample,equal,unconditional_WML,full,3,34,1,2021-03,2023-12,-0.00512268044819,0.0106558202128,-0.48074013505,34,-0.0260077042911,0.0157623433947
zero_on_common,observed_only_selected_sample,equal,unconditional_WML,full,6,34,1,2021-03,2023-12,-0.00512268044819,0.00867339606048,-0.590619915483,34,-0.0221222243504,0.011876863454
zero_on_common,observed_only_selected_sample,equal,unconditional_WML,early_2021_2022,3,22,1,2021-03,2022-12,-0.0102446602255,0.0123821552885,-0.827372940072,22,-0.0345132386419,0.014023918191
zero_on_common,observed_only_selected_sample,equal,unconditional_WML,early_2021_2022,6,22,1,2021-03,2022-12,-0.0102446602255,0.0109818296084,-0.932873718747,22,-0.0317686507424,0.0112793302914
zero_on_common,observed_only_selected_sample,equal,unconditional_WML,middle_2023,3,12,1,2023-01,2023-12,0.00426761581016,0.0158605423696,0.269071240485,12,-0.0268184760096,0.0353537076299
zero_on_common,observed_only_selected_sample,equal,unconditional_WML,middle_2023,6,12,1,2023-01,2023-12,0.00426761581016,0.0100996540035,0.422550694181,12,-0.015527342293,0.0240625739133
zero_on_common,observed_only_selected_sample,value,WML_DS1,full,3,34,1,2021-03,2023-12,0.002648677759,0.0131196595009,0.20188616624,34,-0.0230653823521,0.0283627378701
zero_on_common,observed_only_selected_sample,value,WML_DS1,full,6,34,1,2021-03,2023-12,0.002648677759,0.0105007907657,0.252236028515,34,-0.0179324939509,0.0232298494689
zero_on_common,observed_only_selected_sample,value,WML_DS1,early_2021_2022,3,22,1,2021-03,2022-12,0.00100645008241,0.0191508607074,0.0525537780149,22,-0.036528547177,0.0385414473418
zero_on_common,observed_only_selected_sample,value,WML_DS1,early_2021_2022,6,22,1,2021-03,2022-12,0.00100645008241,0.0162488210893,0.061939883323,22,-0.0308406540439,0.0328535542087
zero_on_common,observed_only_selected_sample,value,WML_DS1,middle_2023,3,12,1,2023-01,2023-12,0.00565942849943,0.0113360995575,0.499239484511,12,-0.0165589183584,0.0278777753572
zero_on_common,observed_only_selected_sample,value,WML_DS1,middle_2023,6,12,1,2023-01,2023-12,0.00565942849943,0.00857269909079,0.660168803255,12,-0.0111427529688,0.0224616099677
zero_on_common,observed_only_selected_sample,value,WML_DS2,full,3,34,1,2021-03,2023-12,-0.00666912640365,0.014301059569,-0.466337922129,34,-0.0346986880997,0.0213604352924
zero_on_common,observed_only_selected_sample,value,WML_DS2,full,6,34,1,2021-03,2023-12,-0.00666912640365,0.0125014037605,-0.533470203138,34,-0.0311714275305,0.0178331747232
zero_on_common,observed_only_selected_sample,value,WML_DS2,early_2021_2022,3,22,1,2021-03,2022-12,-0.011442307171,0.0206920460523,-0.552980944564,22,-0.0519979721999,0.029113357858
zero_on_common,observed_only_selected_sample,value,WML_DS2,early_2021_2022,6,22,1,2021-03,2022-12,-0.011442307171,0.0171886712617,-0.665688871277,22,-0.045131483786,0.0222468694441
zero_on_common,observed_only_selected_sample,value,WML_DS2,middle_2023,3,12,1,2023-01,2023-12,0.00208170500308,0.0116874153195,0.178115087568,12,-0.0208252080954,0.0249886181016
zero_on_common,observed_only_selected_sample,value,WML_DS2,middle_2023,6,12,1,2023-01,2023-12,0.00208170500308,0.0103999002311,0.200165862828,12,-0.0183017248926,0.0224651348988
zero_on_common,observed_only_selected_sample,value,WML_DS3,full,3,34,1,2021-03,2023-12,0.000806492040128,0.0160129583113,0.0503649622041,34,-0.0305783295361,0.0321913136163
zero_on_common,observed_only_selected_sample,value,WML_DS3,full,6,34,1,2021-03,2023-12,0.000806492040128,0.0120224912748,0.0670819401481,34,-0.0227571578629,0.0243701419432
zero_on_common,observed_only_selected_sample,value,WML_DS3,early_2021_2022,3,22,1,2021-03,2022-12,-0.00567681558599,0.0216754193903,-0.261901072535,22,-0.0481598569409,0.0368062257689
zero_on_common,observed_only_selected_sample,value,WML_DS3,early_2021_2022,6,22,1,2021-03,2022-12,-0.00567681558599,0.0174813590066,-0.32473537005,22,-0.0399396496397,0.0285860184677
zero_on_common,observed_only_selected_sample,value,WML_DS3,middle_2023,3,12,1,2023-01,2023-12,0.0126925560213,0.0174902335095,0.725693914517,12,-0.0215876717385,0.0469727837812
zero_on_common,observed_only_selected_sample,value,WML_DS3,middle_2023,6,12,1,2023-01,2023-12,0.0126925560213,0.00988078520257,1.28456957227,12,-0.00667342711468,0.0320585391574
zero_on_common,observed_only_selected_sample,value,WML_DS4,full,3,34,0.852941176471,2021-03,2023-12,-0.0309652541192,0.0152922742097,-2.02489529645,29,-0.0609375608119,-0.000992947426476
zero_on_common,observed_only_selected_sample,value,WML_DS4,full,6,34,0.852941176471,2021-03,2023-12,-0.0309652541192,0.0108575303837,-2.85196108367,29,-0.0522456226323,-0.00968488560604
zero_on_common,observed_only_selected_sample,value,WML_DS4,early_2021_2022,3,22,0.863636363636,2021-03,2022-12,-0.0343805309437,0.0167711470475,-2.04998088958,19,-0.0672513751363,-0.00150968675115
zero_on_common,observed_only_selected_sample,value,WML_DS4,early_2021_2022,6,22,0.863636363636,2021-03,2022-12,-0.0343805309437,0.0139028007777,-2.4729212116,19,-0.0616295197522,-0.00713154213527
zero_on_common,observed_only_selected_sample,value,WML_DS4,middle_2023,3,12,0.833333333333,2023-01,2023-12,-0.0244762281526,0.0287914544061,-0.850121282772,10,-0.080906441851,0.0319539855459
zero_on_common,observed_only_selected_sample,value,WML_DS4,middle_2023,6,12,0.833333333333,2023-01,2023-12,-0.0244762281526,0.0175485799996,-1.39476972799,10,-0.0588708129315,0.0099183566264
zero_on_common,observed_only_selected_sample,value,WML_DS5,full,3,34,1,2021-03,2023-12,-0.0111151147419,0.00857530628263,-1.29617699655,34,-0.0279224062122,0.00569217672848
zero_on_common,observed_only_selected_sample,value,WML_DS5,full,6,34,1,2021-03,2023-12,-0.0111151147419,0.00767188002623,-1.44881237765,34,-0.026151723287,0.00392149380325
zero_on_common,observed_only_selected_sample,value,WML_DS5,early_2021_2022,3,22,1,2021-03,2022-12,-0.0206089052645,0.00663874134921,-3.10433923848,22,-0.0336205992116,-0.00759721131734
zero_on_common,observed_only_selected_sample,value,WML_DS5,early_2021_2022,6,22,1,2021-03,2022-12,-0.0206089052645,0.00459305039617,-4.48697564513,22,-0.0296111186201,-0.0116066919088
zero_on_common,observed_only_selected_sample,value,WML_DS5,middle_2023,3,12,1,2023-01,2023-12,0.00629016788287,0.0160921114888,0.390885179192,12,-0.0252497910704,0.0378301268361
zero_on_common,observed_only_selected_sample,value,WML_DS5,middle_2023,6,12,1,2023-01,2023-12,0.00629016788287,0.0126712572527,0.496412294171,12,-0.0185450399714,0.0311253757371
zero_on_common,observed_only_selected_sample,value,common_highDS_WML,full,3,34,1,2021-03,2023-12,-0.0111151147419,0.00857530628263,-1.29617699655,34,-0.0279224062122,0.00569217672848
zero_on_common,observed_only_selected_sample,value,common_highDS_WML,full,6,34,1,2021-03,2023-12,-0.0111151147419,0.00767188002623,-1.44881237765,34,-0.026151723287,0.00392149380325
zero_on_common,observed_only_selected_sample,value,common_highDS_WML,early_2021_2022,3,22,1,2021-03,2022-12,-0.0206089052645,0.00663874134921,-3.10433923848,22,-0.0336205992116,-0.00759721131734
zero_on_common,observed_only_selected_sample,value,common_highDS_WML,early_2021_2022,6,22,1,2021-03,2022-12,-0.0206089052645,0.00459305039617,-4.48697564513,22,-0.0296111186201,-0.0116066919088
zero_on_common,observed_only_selected_sample,value,common_highDS_WML,middle_2023,3,12,1,2023-01,2023-12,0.00629016788287,0.0160921114888,0.390885179192,12,-0.0252497910704,0.0378301268361
zero_on_common,observed_only_selected_sample,value,common_highDS_WML,middle_2023,6,12,1,2023-01,2023-12,0.00629016788287,0.0126712572527,0.496412294171,12,-0.0185450399714,0.0311253757371
zero_on_common,observed_only_selected_sample,value,common_highDS_minus_unconditional,full,3,34,1,2021-03,2023-12,-0.00659880794911,0.0105885869727,-0.623200051726,34,-0.0273520570629,0.0141544411646
zero_on_common,observed_only_selected_sample,value,common_highDS_minus_unconditional,full,6,34,1,2021-03,2023-12,-0.00659880794911,0.00974472711055,-0.677167033438,34,-0.025698122125,0.0125005062267
zero_on_common,observed_only_selected_sample,value,common_highDS_minus_unconditional,early_2021_2022,3,22,1,2021-03,2022-12,-0.00983412246816,0.0155327848701,-0.633120367689,22,-0.0402778213931,0.0206095764568
zero_on_common,observed_only_selected_sample,value,common_highDS_minus_unconditional,early_2021_2022,6,22,1,2021-03,2022-12,-0.00983412246816,0.01362713758,-0.721657238024,22,-0.0365428213373,0.016874576401
zero_on_common,observed_only_selected_sample,value,common_highDS_minus_unconditional,middle_2023,3,12,1,2023-01,2023-12,-0.00066739799753,0.00600807203308,-0.111083554567,12,-0.0124430027989,0.0111082068038
zero_on_common,observed_only_selected_sample,value,common_highDS_minus_unconditional,middle_2023,6,12,1,2023-01,2023-12,-0.00066739799753,0.00621660225281,-0.107357358632,12,-0.0128517145193,0.0115169185242
zero_on_common,observed_only_selected_sample,value,common_lowDS_WML,full,3,34,1,2021-03,2023-12,0.002648677759,0.0131196595009,0.20188616624,34,-0.0230653823521,0.0283627378701
zero_on_common,observed_only_selected_sample,value,common_lowDS_WML,full,6,34,1,2021-03,2023-12,0.002648677759,0.0105007907657,0.252236028515,34,-0.0179324939509,0.0232298494689
zero_on_common,observed_only_selected_sample,value,common_lowDS_WML,early_2021_2022,3,22,1,2021-03,2022-12,0.00100645008241,0.0191508607074,0.0525537780149,22,-0.036528547177,0.0385414473418
zero_on_common,observed_only_selected_sample,value,common_lowDS_WML,early_2021_2022,6,22,1,2021-03,2022-12,0.00100645008241,0.0162488210893,0.061939883323,22,-0.0308406540439,0.0328535542087
zero_on_common,observed_only_selected_sample,value,common_lowDS_WML,middle_2023,3,12,1,2023-01,2023-12,0.00565942849943,0.0113360995575,0.499239484511,12,-0.0165589183584,0.0278777753572
zero_on_common,observed_only_selected_sample,value,common_lowDS_WML,middle_2023,6,12,1,2023-01,2023-12,0.00565942849943,0.00857269909079,0.660168803255,12,-0.0111427529688,0.0224616099677
zero_on_common,observed_only_selected_sample,value,common_lowDS_minus_highDS,full,3,34,1,2021-03,2023-12,0.0137637925009,0.0128393177594,1.07200341629,34,-0.0114008078935,0.0389283928953
zero_on_common,observed_only_selected_sample,value,common_lowDS_minus_highDS,full,6,34,1,2021-03,2023-12,0.0137637925009,0.0118867489527,1.15791059066,34,-0.00953380733977,0.0370613923415
zero_on_common,observed_only_selected_sample,value,common_lowDS_minus_highDS,early_2021_2022,3,22,1,2021-03,2022-12,0.0216153553469,0.0184847810606,1.16935955455,22,-0.0146141497939,0.0578448604877
zero_on_common,observed_only_selected_sample,value,common_lowDS_minus_highDS,early_2021_2022,6,22,1,2021-03,2022-12,0.0216153553469,0.0152647807629,1.4160278934,22,-0.00830306518036,0.0515337758741
zero_on_common,observed_only_selected_sample,value,common_lowDS_minus_highDS,middle_2023,3,12,1,2023-01,2023-12,-0.000630739383443,0.00825352335752,-0.0764206213663,12,-0.0168073479097,0.0155458691428
zero_on_common,observed_only_selected_sample,value,common_lowDS_minus_highDS,middle_2023,6,12,1,2023-01,2023-12,-0.000630739383443,0.00762994637096,-0.0826662931529,12,-0.0155851594745,0.0143236807076
zero_on_common,observed_only_selected_sample,value,common_lowDS_minus_unconditional,full,3,34,1,2021-03,2023-12,0.00716498455177,0.007999686371,0.895658182019,34,-0.00851411262301,0.0228440817266
zero_on_common,observed_only_selected_sample,value,common_lowDS_minus_unconditional,full,6,34,1,2021-03,2023-12,0.00716498455177,0.00681239006552,1.05175782403,34,-0.00618705462528,0.0205170237288
zero_on_common,observed_only_selected_sample,value,common_lowDS_minus_unconditional,early_2021_2022,3,22,1,2021-03,2022-12,0.0117812328787,0.0105222902701,1.1196453031,22,-0.00884207708554,0.032404542843
zero_on_common,observed_only_selected_sample,value,common_lowDS_minus_unconditional,early_2021_2022,6,22,1,2021-03,2022-12,0.0117812328787,0.00871836878448,1.35131160082,22,-0.00530645594278,0.0288689217002
zero_on_common,observed_only_selected_sample,value,common_lowDS_minus_unconditional,middle_2023,3,12,1,2023-01,2023-12,-0.00129813738097,0.00987268110511,-0.131487826574,12,-0.0206482367778,0.0180519620159
zero_on_common,observed_only_selected_sample,value,common_lowDS_minus_unconditional,middle_2023,6,12,1,2023-01,2023-12,-0.00129813738097,0.00661139074066,-0.19634860983,12,-0.0142562251204,0.0116599503584
zero_on_common,observed_only_selected_sample,value,common_unconditional_WML,full,3,34,1,2021-03,2023-12,-0.00451630679277,0.0128772364002,-0.350720189676,34,-0.0297552263575,0.020722612772
zero_on_common,observed_only_selected_sample,value,common_unconditional_WML,full,6,34,1,2021-03,2023-12,-0.00451630679277,0.0098597951351,-0.458052802405,34,-0.0238411501525,0.014808536567
zero_on_common,observed_only_selected_sample,value,common_unconditional_WML,early_2021_2022,3,22,1,2021-03,2022-12,-0.0107747827963,0.0167830573539,-0.642003573552,22,-0.0436689707604,0.0221194051677
zero_on_common,observed_only_selected_sample,value,common_unconditional_WML,early_2021_2022,6,22,1,2021-03,2022-12,-0.0107747827963,0.0141529918831,-0.761307777558,22,-0.0385141371607,0.016964571568
zero_on_common,observed_only_selected_sample,value,common_unconditional_WML,middle_2023,3,12,1,2023-01,2023-12,0.0069575658804,0.0150939181456,0.460951610661,12,-0.0226259700706,0.0365411018314
zero_on_common,observed_only_selected_sample,value,common_unconditional_WML,middle_2023,6,12,1,2023-01,2023-12,0.0069575658804,0.00939811308807,0.740315190422,12,-0.0114623972948,0.0253775290556
zero_on_common,observed_only_selected_sample,value,highDS_WML,full,3,34,1,2021-03,2023-12,-0.0111151147419,0.00857530628263,-1.29617699655,34,-0.0279224062122,0.00569217672848
zero_on_common,observed_only_selected_sample,value,highDS_WML,full,6,34,1,2021-03,2023-12,-0.0111151147419,0.00767188002623,-1.44881237765,34,-0.026151723287,0.00392149380325
zero_on_common,observed_only_selected_sample,value,highDS_WML,early_2021_2022,3,22,1,2021-03,2022-12,-0.0206089052645,0.00663874134921,-3.10433923848,22,-0.0336205992116,-0.00759721131734
zero_on_common,observed_only_selected_sample,value,highDS_WML,early_2021_2022,6,22,1,2021-03,2022-12,-0.0206089052645,0.00459305039617,-4.48697564513,22,-0.0296111186201,-0.0116066919088
zero_on_common,observed_only_selected_sample,value,highDS_WML,middle_2023,3,12,1,2023-01,2023-12,0.00629016788287,0.0160921114888,0.390885179192,12,-0.0252497910704,0.0378301268361
zero_on_common,observed_only_selected_sample,value,highDS_WML,middle_2023,6,12,1,2023-01,2023-12,0.00629016788287,0.0126712572527,0.496412294171,12,-0.0185450399714,0.0311253757371
zero_on_common,observed_only_selected_sample,value,highDS_minus_unconditional,full,3,34,1,2021-03,2023-12,-0.00659880794911,0.0105885869727,-0.623200051726,34,-0.0273520570629,0.0141544411646
zero_on_common,observed_only_selected_sample,value,highDS_minus_unconditional,full,6,34,1,2021-03,2023-12,-0.00659880794911,0.00974472711055,-0.677167033438,34,-0.025698122125,0.0125005062267
zero_on_common,observed_only_selected_sample,value,highDS_minus_unconditional,early_2021_2022,3,22,1,2021-03,2022-12,-0.00983412246816,0.0155327848701,-0.633120367689,22,-0.0402778213931,0.0206095764568
zero_on_common,observed_only_selected_sample,value,highDS_minus_unconditional,early_2021_2022,6,22,1,2021-03,2022-12,-0.00983412246816,0.01362713758,-0.721657238024,22,-0.0365428213373,0.016874576401
zero_on_common,observed_only_selected_sample,value,highDS_minus_unconditional,middle_2023,3,12,1,2023-01,2023-12,-0.00066739799753,0.00600807203308,-0.111083554567,12,-0.0124430027989,0.0111082068038
zero_on_common,observed_only_selected_sample,value,highDS_minus_unconditional,middle_2023,6,12,1,2023-01,2023-12,-0.00066739799753,0.00621660225281,-0.107357358632,12,-0.0128517145193,0.0115169185242
zero_on_common,observed_only_selected_sample,value,lowDS_WML,full,3,34,1,2021-03,2023-12,0.002648677759,0.0131196595009,0.20188616624,34,-0.0230653823521,0.0283627378701
zero_on_common,observed_only_selected_sample,value,lowDS_WML,full,6,34,1,2021-03,2023-12,0.002648677759,0.0105007907657,0.252236028515,34,-0.0179324939509,0.0232298494689
zero_on_common,observed_only_selected_sample,value,lowDS_WML,early_2021_2022,3,22,1,2021-03,2022-12,0.00100645008241,0.0191508607074,0.0525537780149,22,-0.036528547177,0.0385414473418
zero_on_common,observed_only_selected_sample,value,lowDS_WML,early_2021_2022,6,22,1,2021-03,2022-12,0.00100645008241,0.0162488210893,0.061939883323,22,-0.0308406540439,0.0328535542087
zero_on_common,observed_only_selected_sample,value,lowDS_WML,middle_2023,3,12,1,2023-01,2023-12,0.00565942849943,0.0113360995575,0.499239484511,12,-0.0165589183584,0.0278777753572
zero_on_common,observed_only_selected_sample,value,lowDS_WML,middle_2023,6,12,1,2023-01,2023-12,0.00565942849943,0.00857269909079,0.660168803255,12,-0.0111427529688,0.0224616099677
zero_on_common,observed_only_selected_sample,value,lowDS_minus_highDS,full,3,34,1,2021-03,2023-12,0.0137637925009,0.0128393177594,1.07200341629,34,-0.0114008078935,0.0389283928953
zero_on_common,observed_only_selected_sample,value,lowDS_minus_highDS,full,6,34,1,2021-03,2023-12,0.0137637925009,0.0118867489527,1.15791059066,34,-0.00953380733977,0.0370613923415
zero_on_common,observed_only_selected_sample,value,lowDS_minus_highDS,early_2021_2022,3,22,1,2021-03,2022-12,0.0216153553469,0.0184847810606,1.16935955455,22,-0.0146141497939,0.0578448604877
zero_on_common,observed_only_selected_sample,value,lowDS_minus_highDS,early_2021_2022,6,22,1,2021-03,2022-12,0.0216153553469,0.0152647807629,1.4160278934,22,-0.00830306518036,0.0515337758741
zero_on_common,observed_only_selected_sample,value,lowDS_minus_highDS,middle_2023,3,12,1,2023-01,2023-12,-0.000630739383443,0.00825352335752,-0.0764206213663,12,-0.0168073479097,0.0155458691428
zero_on_common,observed_only_selected_sample,value,lowDS_minus_highDS,middle_2023,6,12,1,2023-01,2023-12,-0.000630739383443,0.00762994637096,-0.0826662931529,12,-0.0155851594745,0.0143236807076
zero_on_common,observed_only_selected_sample,value,lowDS_minus_unconditional,full,3,34,1,2021-03,2023-12,0.00716498455177,0.007999686371,0.895658182019,34,-0.00851411262301,0.0228440817266
zero_on_common,observed_only_selected_sample,value,lowDS_minus_unconditional,full,6,34,1,2021-03,2023-12,0.00716498455177,0.00681239006552,1.05175782403,34,-0.00618705462528,0.0205170237288
zero_on_common,observed_only_selected_sample,value,lowDS_minus_unconditional,early_2021_2022,3,22,1,2021-03,2022-12,0.0117812328787,0.0105222902701,1.1196453031,22,-0.00884207708554,0.032404542843
zero_on_common,observed_only_selected_sample,value,lowDS_minus_unconditional,early_2021_2022,6,22,1,2021-03,2022-12,0.0117812328787,0.00871836878448,1.35131160082,22,-0.00530645594278,0.0288689217002
zero_on_common,observed_only_selected_sample,value,lowDS_minus_unconditional,middle_2023,3,12,1,2023-01,2023-12,-0.00129813738097,0.00987268110511,-0.131487826574,12,-0.0206482367778,0.0180519620159
zero_on_common,observed_only_selected_sample,value,lowDS_minus_unconditional,middle_2023,6,12,1,2023-01,2023-12,-0.00129813738097,0.00661139074066,-0.19634860983,12,-0.0142562251204,0.0116599503584
zero_on_common,observed_only_selected_sample,value,unconditional_WML,full,3,34,1,2021-03,2023-12,-0.00451630679277,0.0128772364002,-0.350720189676,34,-0.0297552263575,0.020722612772
zero_on_common,observed_only_selected_sample,value,unconditional_WML,full,6,34,1,2021-03,2023-12,-0.00451630679277,0.0098597951351,-0.458052802405,34,-0.0238411501525,0.014808536567
zero_on_common,observed_only_selected_sample,value,unconditional_WML,early_2021_2022,3,22,1,2021-03,2022-12,-0.0107747827963,0.0167830573539,-0.642003573552,22,-0.0436689707604,0.0221194051677
zero_on_common,observed_only_selected_sample,value,unconditional_WML,early_2021_2022,6,22,1,2021-03,2022-12,-0.0107747827963,0.0141529918831,-0.761307777558,22,-0.0385141371607,0.016964571568
zero_on_common,observed_only_selected_sample,value,unconditional_WML,middle_2023,3,12,1,2023-01,2023-12,0.0069575658804,0.0150939181456,0.460951610661,12,-0.0226259700706,0.0365411018314
zero_on_common,observed_only_selected_sample,value,unconditional_WML,middle_2023,6,12,1,2023-01,2023-12,0.0069575658804,0.00939811308807,0.740315190422,12,-0.0114623972948,0.0253775290556
zero_on_common,unknown_return_loss100_scenario,equal,WML_DS1,full,3,34,1,2021-03,2023-12,0.00275155393344,0.0128993237175,0.213309937303,34,-0.0225306559778,0.0280337638447
zero_on_common,unknown_return_loss100_scenario,equal,WML_DS1,full,6,34,1,2021-03,2023-12,0.00275155393344,0.0116560533623,0.236062228605,34,-0.0200938908585,0.0255969987254
zero_on_common,unknown_return_loss100_scenario,equal,WML_DS1,early_2021_2022,3,22,1,2021-03,2022-12,0.00711714773693,0.018477332468,0.385182641989,22,-0.0290977584307,0.0433320539046
zero_on_common,unknown_return_loss100_scenario,equal,WML_DS1,early_2021_2022,6,22,1,2021-03,2022-12,0.00711714773693,0.0164652462209,0.432252736548,22,-0.0251541418527,0.0393884373265
zero_on_common,unknown_return_loss100_scenario,equal,WML_DS1,middle_2023,3,12,1,2023-01,2023-12,-0.00525203470631,0.00921924908416,-0.569681397949,12,-0.0233214308758,0.0128173614632
zero_on_common,unknown_return_loss100_scenario,equal,WML_DS1,middle_2023,6,12,1,2023-01,2023-12,-0.00525203470631,0.0067893360462,-0.773571181418,12,-0.0185588888358,0.00805481942319
zero_on_common,unknown_return_loss100_scenario,equal,WML_DS2,full,3,34,1,2021-03,2023-12,-0.00142883190453,0.0138096096765,-0.103466494564,34,-0.0284951695111,0.025637505702
zero_on_common,unknown_return_loss100_scenario,equal,WML_DS2,full,6,34,1,2021-03,2023-12,-0.00142883190453,0.0119224364746,-0.119843951995,34,-0.0247963780027,0.0219387141937
zero_on_common,unknown_return_loss100_scenario,equal,WML_DS2,early_2021_2022,3,22,1,2021-03,2022-12,-0.00305627315514,0.0192596561028,-0.158687836315,22,-0.0408045054713,0.0346919591611
zero_on_common,unknown_return_loss100_scenario,equal,WML_DS2,early_2021_2022,6,22,1,2021-03,2022-12,-0.00305627315514,0.0174390433929,-0.175254633312,22,-0.0372361701301,0.0311236238198
zero_on_common,unknown_return_loss100_scenario,equal,WML_DS2,middle_2023,3,12,1,2023-01,2023-12,0.00155481038825,0.0125126605168,0.124258976431,12,-0.0229695535755,0.026079174352
zero_on_common,unknown_return_loss100_scenario,equal,WML_DS2,middle_2023,6,12,1,2023-01,2023-12,0.00155481038825,0.00810008845511,0.191949803618,12,-0.0143210712554,0.0174306920319
zero_on_common,unknown_return_loss100_scenario,equal,WML_DS3,full,3,34,1,2021-03,2023-12,0.00348862614352,0.0161296330725,0.216286764109,34,-0.0281248737624,0.0351021260494
zero_on_common,unknown_return_loss100_scenario,equal,WML_DS3,full,6,34,1,2021-03,2023-12,0.00348862614352,0.0135713442017,0.257058261264,34,-0.0231107197137,0.0300879720007
zero_on_common,unknown_return_loss100_scenario,equal,WML_DS3,early_2021_2022,3,22,1,2021-03,2022-12,-0.00437523297902,0.0204640976143,-0.213800435352,22,-0.0444841272791,0.0357336613211
zero_on_common,unknown_return_loss100_scenario,equal,WML_DS3,early_2021_2022,6,22,1,2021-03,2022-12,-0.00437523297902,0.0174013154689,-0.251431162595,22,-0.0384811845816,0.0297307186236
zero_on_common,unknown_return_loss100_scenario,equal,WML_DS3,middle_2023,3,12,1,2023-01,2023-12,0.0179057012015,0.0226276931454,0.791318014012,12,-0.0264437624167,0.0622551648197
zero_on_common,unknown_return_loss100_scenario,equal,WML_DS3,middle_2023,6,12,1,2023-01,2023-12,0.0179057012015,0.0173748382084,1.0305535503,12,-0.0161483559242,0.0519597583272
zero_on_common,unknown_return_loss100_scenario,equal,WML_DS4,full,3,34,0.852941176471,2021-03,2023-12,-0.00268392915925,0.0188983748406,-0.142019045652,29,-0.0397240632132,0.0343562048947
zero_on_common,unknown_return_loss100_scenario,equal,WML_DS4,full,6,34,0.852941176471,2021-03,2023-12,-0.00268392915925,0.0164437136527,-0.163219161799,29,-0.0349130156905,0.0295451573721
zero_on_common,unknown_return_loss100_scenario,equal,WML_DS4,early_2021_2022,3,22,0.863636363636,2021-03,2022-12,-0.0194467889147,0.0148525491335,-1.30932331817,19,-0.048557250295,0.00966367246554
zero_on_common,unknown_return_loss100_scenario,equal,WML_DS4,early_2021_2022,6,22,0.863636363636,2021-03,2022-12,-0.0194467889147,0.0144144131022,-1.34912110377,19,-0.0476985194534,0.00880494162392
zero_on_common,unknown_return_loss100_scenario,equal,WML_DS4,middle_2023,3,12,0.833333333333,2023-01,2023-12,0.0291655043762,0.0363589056769,0.802155725899,10,-0.0420966412679,0.10042765002
zero_on_common,unknown_return_loss100_scenario,equal,WML_DS4,middle_2023,6,12,0.833333333333,2023-01,2023-12,0.0291655043762,0.0209284779744,1.39357981081,10,-0.0118535587049,0.0701845674573
zero_on_common,unknown_return_loss100_scenario,equal,WML_DS5,full,3,34,1,2021-03,2023-12,-0.00203091363315,0.0061888395823,-0.32815742049,34,-0.0141608163205,0.0100989890542
zero_on_common,unknown_return_loss100_scenario,equal,WML_DS5,full,6,34,1,2021-03,2023-12,-0.00203091363315,0.0059935351243,-0.338850710145,34,-0.0137780266169,0.00971619935056
zero_on_common,unknown_return_loss100_scenario,equal,WML_DS5,early_2021_2022,3,22,1,2021-03,2022-12,-0.00349327279865,0.00784750495499,-0.445144389037,22,-0.0188740998789,0.0118875542816
zero_on_common,unknown_return_loss100_scenario,equal,WML_DS5,early_2021_2022,6,22,1,2021-03,2022-12,-0.00349327279865,0.00812432778565,-0.429976841263,22,-0.0194166626571,0.0124301170598
zero_on_common,unknown_return_loss100_scenario,equal,WML_DS5,middle_2023,3,12,1,2023-01,2023-12,0.000650078170275,0.00949405417061,0.0684721362016,12,-0.0179579260714,0.0192580824119
zero_on_common,unknown_return_loss100_scenario,equal,WML_DS5,middle_2023,6,12,1,2023-01,2023-12,0.000650078170275,0.00829249384719,0.0783935667912,12,-0.0156029111122,0.0169030674528
zero_on_common,unknown_return_loss100_scenario,equal,common_highDS_WML,full,3,34,1,2021-03,2023-12,-0.00203091363315,0.0061888395823,-0.32815742049,34,-0.0141608163205,0.0100989890542
zero_on_common,unknown_return_loss100_scenario,equal,common_highDS_WML,full,6,34,1,2021-03,2023-12,-0.00203091363315,0.0059935351243,-0.338850710145,34,-0.0137780266169,0.00971619935056
zero_on_common,unknown_return_loss100_scenario,equal,common_highDS_WML,early_2021_2022,3,22,1,2021-03,2022-12,-0.00349327279865,0.00784750495499,-0.445144389037,22,-0.0188740998789,0.0118875542816
zero_on_common,unknown_return_loss100_scenario,equal,common_highDS_WML,early_2021_2022,6,22,1,2021-03,2022-12,-0.00349327279865,0.00812432778565,-0.429976841263,22,-0.0194166626571,0.0124301170598
zero_on_common,unknown_return_loss100_scenario,equal,common_highDS_WML,middle_2023,3,12,1,2023-01,2023-12,0.000650078170275,0.00949405417061,0.0684721362016,12,-0.0179579260714,0.0192580824119
zero_on_common,unknown_return_loss100_scenario,equal,common_highDS_WML,middle_2023,6,12,1,2023-01,2023-12,0.000650078170275,0.00829249384719,0.0783935667912,12,-0.0156029111122,0.0169030674528
zero_on_common,unknown_return_loss100_scenario,equal,common_highDS_minus_unconditional,full,3,34,1,2021-03,2023-12,-0.000486934191923,0.0115538987244,-0.0421445785131,34,-0.0231321595727,0.0221582911889
zero_on_common,unknown_return_loss100_scenario,equal,common_highDS_minus_unconditional,full,6,34,1,2021-03,2023-12,-0.000486934191923,0.0116665532423,-0.0417376222275,34,-0.0233529583705,0.0223790899866
zero_on_common,unknown_return_loss100_scenario,equal,common_highDS_minus_unconditional,early_2021_2022,3,22,1,2021-03,2022-12,0.00386114888343,0.0153061422645,0.25226140047,22,-0.0261383386972,0.033860636464
zero_on_common,unknown_return_loss100_scenario,equal,common_highDS_minus_unconditional,early_2021_2022,6,22,1,2021-03,2022-12,0.00386114888343,0.0157228195762,0.245576110869,22,-0.0269550112214,0.0346773089882
zero_on_common,unknown_return_loss100_scenario,equal,common_highDS_minus_unconditional,middle_2023,3,12,1,2023-01,2023-12,-0.00845841983006,0.0139754066281,-0.605236044655,12,-0.0358497134905,0.0189328738304
zero_on_common,unknown_return_loss100_scenario,equal,common_highDS_minus_unconditional,middle_2023,6,12,1,2023-01,2023-12,-0.00845841983006,0.0118898380492,-0.711399078358,12,-0.0317620741886,0.0148452345285
zero_on_common,unknown_return_loss100_scenario,equal,common_lowDS_WML,full,3,34,1,2021-03,2023-12,0.00275155393344,0.0128993237175,0.213309937303,34,-0.0225306559778,0.0280337638447
zero_on_common,unknown_return_loss100_scenario,equal,common_lowDS_WML,full,6,34,1,2021-03,2023-12,0.00275155393344,0.0116560533623,0.236062228605,34,-0.0200938908585,0.0255969987254
zero_on_common,unknown_return_loss100_scenario,equal,common_lowDS_WML,early_2021_2022,3,22,1,2021-03,2022-12,0.00711714773693,0.018477332468,0.385182641989,22,-0.0290977584307,0.0433320539046
zero_on_common,unknown_return_loss100_scenario,equal,common_lowDS_WML,early_2021_2022,6,22,1,2021-03,2022-12,0.00711714773693,0.0164652462209,0.432252736548,22,-0.0251541418527,0.0393884373265
zero_on_common,unknown_return_loss100_scenario,equal,common_lowDS_WML,middle_2023,3,12,1,2023-01,2023-12,-0.00525203470631,0.00921924908416,-0.569681397949,12,-0.0233214308758,0.0128173614632
zero_on_common,unknown_return_loss100_scenario,equal,common_lowDS_WML,middle_2023,6,12,1,2023-01,2023-12,-0.00525203470631,0.0067893360462,-0.773571181418,12,-0.0185588888358,0.00805481942319
zero_on_common,unknown_return_loss100_scenario,equal,common_lowDS_minus_highDS,full,3,34,1,2021-03,2023-12,0.00478246756659,0.0147551490171,0.324121942859,34,-0.0241370930934,0.0337020282266
zero_on_common,unknown_return_loss100_scenario,equal,common_lowDS_minus_highDS,full,6,34,1,2021-03,2023-12,0.00478246756659,0.0151211846145,0.316275985547,34,-0.0248545096814,0.0344194448146
zero_on_common,unknown_return_loss100_scenario,equal,common_lowDS_minus_highDS,early_2021_2022,3,22,1,2021-03,2022-12,0.0106104205356,0.0220719279611,0.480720150695,22,-0.0326497633375,0.0538706044087
zero_on_common,unknown_return_loss100_scenario,equal,common_lowDS_minus_highDS,early_2021_2022,6,22,1,2021-03,2022-12,0.0106104205356,0.0219382142332,0.483650146854,22,-0.0323876892466,0.0536085303178
zero_on_common,unknown_return_loss100_scenario,equal,common_lowDS_minus_highDS,middle_2023,3,12,1,2023-01,2023-12,-0.00590211287658,0.00382943510183,-1.54124896222,12,-0.0134076677573,0.00160344200414
zero_on_common,unknown_return_loss100_scenario,equal,common_lowDS_minus_highDS,middle_2023,6,12,1,2023-01,2023-12,-0.00590211287658,0.00376450030187,-1.56783434807,12,-0.013280397888,0.00147617213488
zero_on_common,unknown_return_loss100_scenario,equal,common_lowDS_minus_unconditional,full,3,34,1,2021-03,2023-12,0.00429553337466,0.0101102028034,0.424871138414,34,-0.0155200999963,0.0241111667457
zero_on_common,unknown_return_loss100_scenario,equal,common_lowDS_minus_unconditional,full,6,34,1,2021-03,2023-12,0.00429553337466,0.00979794500219,0.438411664253,34,-0.0149080859521,0.0234991527015
zero_on_common,unknown_return_loss100_scenario,equal,common_lowDS_minus_unconditional,early_2021_2022,3,22,1,2021-03,2022-12,0.014471569419,0.0123876728693,1.1682234082,22,-0.00980782325703,0.0387509620951
zero_on_common,unknown_return_loss100_scenario,equal,common_lowDS_minus_unconditional,early_2021_2022,6,22,1,2021-03,2022-12,0.014471569419,0.01078825851,1.34141848803,22,-0.00667302871653,0.0356161675546
zero_on_common,unknown_return_loss100_scenario,equal,common_lowDS_minus_unconditional,middle_2023,3,12,1,2023-01,2023-12,-0.0143605327066,0.012716093033,-1.12931956925,12,-0.0392836170755,0.0105625516622
zero_on_common,unknown_return_loss100_scenario,equal,common_lowDS_minus_unconditional,middle_2023,6,12,1,2023-01,2023-12,-0.0143605327066,0.0110052459999,-1.30488066389,12,-0.0359304185075,0.00720935309417
zero_on_common,unknown_return_loss100_scenario,equal,common_unconditional_WML,full,3,34,1,2021-03,2023-12,-0.00154397944123,0.0107699015358,-0.143360590261,34,-0.0226525985685,0.0195646396861
zero_on_common,unknown_return_loss100_scenario,equal,common_unconditional_WML,full,6,34,1,2021-03,2023-12,-0.00154397944123,0.00881843279709,-0.175085468898,34,-0.0188277901236,0.0157398312412
zero_on_common,unknown_return_loss100_scenario,equal,common_unconditional_WML,early_2021_2022,3,22,1,2021-03,2022-12,-0.00735442168208,0.0126314298338,-0.582231922976,22,-0.0321115692296,0.0174027258655
zero_on_common,unknown_return_loss100_scenario,equal,common_unconditional_WML,early_2021_2022,6,22,1,2021-03,2022-12,-0.00735442168208,0.0109250234632,-0.673172163599,22,-0.0287670742002,0.014058230836
zero_on_common,unknown_return_loss100_scenario,equal,common_unconditional_WML,middle_2023,3,12,1,2023-01,2023-12,0.00910849800034,0.0149874266334,0.607742624742,12,-0.0202663184222,0.0384833144228
zero_on_common,unknown_return_loss100_scenario,equal,common_unconditional_WML,middle_2023,6,12,1,2023-01,2023-12,0.00910849800034,0.00946566216587,0.962267387186,12,-0.00944385893459,0.0276608549353
zero_on_common,unknown_return_loss100_scenario,equal,highDS_WML,full,3,34,1,2021-03,2023-12,-0.00203091363315,0.0061888395823,-0.32815742049,34,-0.0141608163205,0.0100989890542
zero_on_common,unknown_return_loss100_scenario,equal,highDS_WML,full,6,34,1,2021-03,2023-12,-0.00203091363315,0.0059935351243,-0.338850710145,34,-0.0137780266169,0.00971619935056
zero_on_common,unknown_return_loss100_scenario,equal,highDS_WML,early_2021_2022,3,22,1,2021-03,2022-12,-0.00349327279865,0.00784750495499,-0.445144389037,22,-0.0188740998789,0.0118875542816
zero_on_common,unknown_return_loss100_scenario,equal,highDS_WML,early_2021_2022,6,22,1,2021-03,2022-12,-0.00349327279865,0.00812432778565,-0.429976841263,22,-0.0194166626571,0.0124301170598
zero_on_common,unknown_return_loss100_scenario,equal,highDS_WML,middle_2023,3,12,1,2023-01,2023-12,0.000650078170275,0.00949405417061,0.0684721362016,12,-0.0179579260714,0.0192580824119
zero_on_common,unknown_return_loss100_scenario,equal,highDS_WML,middle_2023,6,12,1,2023-01,2023-12,0.000650078170275,0.00829249384719,0.0783935667912,12,-0.0156029111122,0.0169030674528
zero_on_common,unknown_return_loss100_scenario,equal,highDS_minus_unconditional,full,3,34,1,2021-03,2023-12,-0.000486934191923,0.0115538987244,-0.0421445785131,34,-0.0231321595727,0.0221582911889
zero_on_common,unknown_return_loss100_scenario,equal,highDS_minus_unconditional,full,6,34,1,2021-03,2023-12,-0.000486934191923,0.0116665532423,-0.0417376222275,34,-0.0233529583705,0.0223790899866
zero_on_common,unknown_return_loss100_scenario,equal,highDS_minus_unconditional,early_2021_2022,3,22,1,2021-03,2022-12,0.00386114888343,0.0153061422645,0.25226140047,22,-0.0261383386972,0.033860636464
zero_on_common,unknown_return_loss100_scenario,equal,highDS_minus_unconditional,early_2021_2022,6,22,1,2021-03,2022-12,0.00386114888343,0.0157228195762,0.245576110869,22,-0.0269550112214,0.0346773089882
zero_on_common,unknown_return_loss100_scenario,equal,highDS_minus_unconditional,middle_2023,3,12,1,2023-01,2023-12,-0.00845841983006,0.0139754066281,-0.605236044655,12,-0.0358497134905,0.0189328738304
zero_on_common,unknown_return_loss100_scenario,equal,highDS_minus_unconditional,middle_2023,6,12,1,2023-01,2023-12,-0.00845841983006,0.0118898380492,-0.711399078358,12,-0.0317620741886,0.0148452345285
zero_on_common,unknown_return_loss100_scenario,equal,lowDS_WML,full,3,34,1,2021-03,2023-12,0.00275155393344,0.0128993237175,0.213309937303,34,-0.0225306559778,0.0280337638447
zero_on_common,unknown_return_loss100_scenario,equal,lowDS_WML,full,6,34,1,2021-03,2023-12,0.00275155393344,0.0116560533623,0.236062228605,34,-0.0200938908585,0.0255969987254
zero_on_common,unknown_return_loss100_scenario,equal,lowDS_WML,early_2021_2022,3,22,1,2021-03,2022-12,0.00711714773693,0.018477332468,0.385182641989,22,-0.0290977584307,0.0433320539046
zero_on_common,unknown_return_loss100_scenario,equal,lowDS_WML,early_2021_2022,6,22,1,2021-03,2022-12,0.00711714773693,0.0164652462209,0.432252736548,22,-0.0251541418527,0.0393884373265
zero_on_common,unknown_return_loss100_scenario,equal,lowDS_WML,middle_2023,3,12,1,2023-01,2023-12,-0.00525203470631,0.00921924908416,-0.569681397949,12,-0.0233214308758,0.0128173614632
zero_on_common,unknown_return_loss100_scenario,equal,lowDS_WML,middle_2023,6,12,1,2023-01,2023-12,-0.00525203470631,0.0067893360462,-0.773571181418,12,-0.0185588888358,0.00805481942319
zero_on_common,unknown_return_loss100_scenario,equal,lowDS_minus_highDS,full,3,34,1,2021-03,2023-12,0.00478246756659,0.0147551490171,0.324121942859,34,-0.0241370930934,0.0337020282266
zero_on_common,unknown_return_loss100_scenario,equal,lowDS_minus_highDS,full,6,34,1,2021-03,2023-12,0.00478246756659,0.0151211846145,0.316275985547,34,-0.0248545096814,0.0344194448146
zero_on_common,unknown_return_loss100_scenario,equal,lowDS_minus_highDS,early_2021_2022,3,22,1,2021-03,2022-12,0.0106104205356,0.0220719279611,0.480720150695,22,-0.0326497633375,0.0538706044087
zero_on_common,unknown_return_loss100_scenario,equal,lowDS_minus_highDS,early_2021_2022,6,22,1,2021-03,2022-12,0.0106104205356,0.0219382142332,0.483650146854,22,-0.0323876892466,0.0536085303178
zero_on_common,unknown_return_loss100_scenario,equal,lowDS_minus_highDS,middle_2023,3,12,1,2023-01,2023-12,-0.00590211287658,0.00382943510183,-1.54124896222,12,-0.0134076677573,0.00160344200414
zero_on_common,unknown_return_loss100_scenario,equal,lowDS_minus_highDS,middle_2023,6,12,1,2023-01,2023-12,-0.00590211287658,0.00376450030187,-1.56783434807,12,-0.013280397888,0.00147617213488
zero_on_common,unknown_return_loss100_scenario,equal,lowDS_minus_unconditional,full,3,34,1,2021-03,2023-12,0.00429553337466,0.0101102028034,0.424871138414,34,-0.0155200999963,0.0241111667457
zero_on_common,unknown_return_loss100_scenario,equal,lowDS_minus_unconditional,full,6,34,1,2021-03,2023-12,0.00429553337466,0.00979794500219,0.438411664253,34,-0.0149080859521,0.0234991527015
zero_on_common,unknown_return_loss100_scenario,equal,lowDS_minus_unconditional,early_2021_2022,3,22,1,2021-03,2022-12,0.014471569419,0.0123876728693,1.1682234082,22,-0.00980782325703,0.0387509620951
zero_on_common,unknown_return_loss100_scenario,equal,lowDS_minus_unconditional,early_2021_2022,6,22,1,2021-03,2022-12,0.014471569419,0.01078825851,1.34141848803,22,-0.00667302871653,0.0356161675546
zero_on_common,unknown_return_loss100_scenario,equal,lowDS_minus_unconditional,middle_2023,3,12,1,2023-01,2023-12,-0.0143605327066,0.012716093033,-1.12931956925,12,-0.0392836170755,0.0105625516622
zero_on_common,unknown_return_loss100_scenario,equal,lowDS_minus_unconditional,middle_2023,6,12,1,2023-01,2023-12,-0.0143605327066,0.0110052459999,-1.30488066389,12,-0.0359304185075,0.00720935309417
zero_on_common,unknown_return_loss100_scenario,equal,unconditional_WML,full,3,34,1,2021-03,2023-12,-0.00154397944123,0.0107699015358,-0.143360590261,34,-0.0226525985685,0.0195646396861
zero_on_common,unknown_return_loss100_scenario,equal,unconditional_WML,full,6,34,1,2021-03,2023-12,-0.00154397944123,0.00881843279709,-0.175085468898,34,-0.0188277901236,0.0157398312412
zero_on_common,unknown_return_loss100_scenario,equal,unconditional_WML,early_2021_2022,3,22,1,2021-03,2022-12,-0.00735442168208,0.0126314298338,-0.582231922976,22,-0.0321115692296,0.0174027258655
zero_on_common,unknown_return_loss100_scenario,equal,unconditional_WML,early_2021_2022,6,22,1,2021-03,2022-12,-0.00735442168208,0.0109250234632,-0.673172163599,22,-0.0287670742002,0.014058230836
zero_on_common,unknown_return_loss100_scenario,equal,unconditional_WML,middle_2023,3,12,1,2023-01,2023-12,0.00910849800034,0.0149874266334,0.607742624742,12,-0.0202663184222,0.0384833144228
zero_on_common,unknown_return_loss100_scenario,equal,unconditional_WML,middle_2023,6,12,1,2023-01,2023-12,0.00910849800034,0.00946566216587,0.962267387186,12,-0.00944385893459,0.0276608549353
zero_on_common,unknown_return_loss100_scenario,value,WML_DS1,full,3,34,1,2021-03,2023-12,0.002648677759,0.0131196595009,0.20188616624,34,-0.0230653823521,0.0283627378701
zero_on_common,unknown_return_loss100_scenario,value,WML_DS1,full,6,34,1,2021-03,2023-12,0.002648677759,0.0105007907657,0.252236028515,34,-0.0179324939509,0.0232298494689
zero_on_common,unknown_return_loss100_scenario,value,WML_DS1,early_2021_2022,3,22,1,2021-03,2022-12,0.00100645008241,0.0191508607074,0.0525537780149,22,-0.036528547177,0.0385414473418
zero_on_common,unknown_return_loss100_scenario,value,WML_DS1,early_2021_2022,6,22,1,2021-03,2022-12,0.00100645008241,0.0162488210893,0.061939883323,22,-0.0308406540439,0.0328535542087
zero_on_common,unknown_return_loss100_scenario,value,WML_DS1,middle_2023,3,12,1,2023-01,2023-12,0.00565942849943,0.0113360995575,0.499239484511,12,-0.0165589183584,0.0278777753572
zero_on_common,unknown_return_loss100_scenario,value,WML_DS1,middle_2023,6,12,1,2023-01,2023-12,0.00565942849943,0.00857269909079,0.660168803255,12,-0.0111427529688,0.0224616099677
zero_on_common,unknown_return_loss100_scenario,value,WML_DS2,full,3,34,1,2021-03,2023-12,-0.00665530333654,0.0143045790394,-0.465256846652,34,-0.0346917630677,0.0213811563946
zero_on_common,unknown_return_loss100_scenario,value,WML_DS2,full,6,34,1,2021-03,2023-12,-0.00665530333654,0.0125063700621,-0.532153079071,34,-0.0311673382355,0.0178567315625
zero_on_common,unknown_return_loss100_scenario,value,WML_DS2,early_2021_2022,3,22,1,2021-03,2022-12,-0.011442307171,0.0206920460523,-0.552980944564,22,-0.0519979721999,0.029113357858
zero_on_common,unknown_return_loss100_scenario,value,WML_DS2,early_2021_2022,6,22,1,2021-03,2022-12,-0.011442307171,0.0171886712617,-0.665688871277,22,-0.045131483786,0.0222468694441
zero_on_common,unknown_return_loss100_scenario,value,WML_DS2,middle_2023,3,12,1,2023-01,2023-12,0.0021208703599,0.0117094834109,0.181124161115,12,-0.0208292954031,0.0250710361229
zero_on_common,unknown_return_loss100_scenario,value,WML_DS2,middle_2023,6,12,1,2023-01,2023-12,0.0021208703599,0.0104175227417,0.203586823133,12,-0.018297099022,0.0225388397417
zero_on_common,unknown_return_loss100_scenario,value,WML_DS3,full,3,34,1,2021-03,2023-12,0.000842205174428,0.0160113977582,0.0526003530201,34,-0.0305395577739,0.0322239681227
zero_on_common,unknown_return_loss100_scenario,value,WML_DS3,full,6,34,1,2021-03,2023-12,0.000842205174428,0.012028682549,0.070016410442,34,-0.0227335794031,0.0244179897519
zero_on_common,unknown_return_loss100_scenario,value,WML_DS3,early_2021_2022,3,22,1,2021-03,2022-12,-0.00567373831791,0.0216762788783,-0.261748723098,22,-0.0481584642382,0.0368109876024
zero_on_common,unknown_return_loss100_scenario,value,WML_DS3,early_2021_2022,6,22,1,2021-03,2022-12,-0.00567373831791,0.0174830558416,-0.324527838229,22,-0.0399398981072,0.0285924214714
zero_on_common,unknown_return_loss100_scenario,value,WML_DS3,middle_2023,3,12,1,2023-01,2023-12,0.0127881015771,0.0174520202223,0.732757664395,12,-0.0214172295161,0.0469934326702
zero_on_common,unknown_return_loss100_scenario,value,WML_DS3,middle_2023,6,12,1,2023-01,2023-12,0.0127881015771,0.00985855396129,1.29715794297,12,-0.00653430912673,0.0321105122808
zero_on_common,unknown_return_loss100_scenario,value,WML_DS4,full,3,34,0.852941176471,2021-03,2023-12,-0.0303456077675,0.0154211587114,-1.96779038044,29,-0.0605705234417,-0.000120692093335
zero_on_common,unknown_return_loss100_scenario,value,WML_DS4,full,6,34,0.852941176471,2021-03,2023-12,-0.0303456077675,0.010999609653,-2.75878951389,29,-0.0519044465313,-0.00878676900369
zero_on_common,unknown_return_loss100_scenario,value,WML_DS4,early_2021_2022,3,22,0.863636363636,2021-03,2022-12,-0.0343180162097,0.016785738212,-2.04447464724,19,-0.0672174585591,-0.00141857386018
zero_on_common,unknown_return_loss100_scenario,value,WML_DS4,early_2021_2022,6,22,0.863636363636,2021-03,2022-12,-0.0343180162097,0.0139346964655,-2.46277457817,19,-0.0616295194174,-0.00700651300187
zero_on_common,unknown_return_loss100_scenario,value,WML_DS4,middle_2023,3,12,0.833333333333,2023-01,2023-12,-0.0227980317274,0.0291401938681,-0.782356899566,10,-0.0799117622114,0.0343156987566
zero_on_common,unknown_return_loss100_scenario,value,WML_DS4,middle_2023,6,12,0.833333333333,2023-01,2023-12,-0.0227980317274,0.0177772196152,-1.28242954865,10,-0.0576407419184,0.0120446784636
zero_on_common,unknown_return_loss100_scenario,value,WML_DS5,full,3,34,1,2021-03,2023-12,-0.0109071919571,0.00856148503966,-1.27398364964,34,-0.0276873942891,0.00587301037477
zero_on_common,unknown_return_loss100_scenario,value,WML_DS5,full,6,34,1,2021-03,2023-12,-0.0109071919571,0.00767929046105,-1.42033850816,34,-0.0259583246876,0.00414394077333
zero_on_common,unknown_return_loss100_scenario,value,WML_DS5,early_2021_2022,3,22,1,2021-03,2022-12,-0.0204514308856,0.00656425597899,-3.11557485738,22,-0.0333171361897,-0.00758572558145
zero_on_common,unknown_return_loss100_scenario,value,WML_DS5,early_2021_2022,6,22,1,2021-03,2022-12,-0.0204514308856,0.00452922796042,-4.51543421181,22,-0.0293285545658,-0.0115743072054
zero_on_common,unknown_return_loss100_scenario,value,WML_DS5,middle_2023,3,12,1,2023-01,2023-12,0.00659057941164,0.0160748564991,0.409993047963,12,-0.0249155603833,0.0380967192066
zero_on_common,unknown_return_loss100_scenario,value,WML_DS5,middle_2023,6,12,1,2023-01,2023-12,0.00659057941164,0.0126860722066,0.51951299853,12,-0.0182736652187,0.0314548240419
zero_on_common,unknown_return_loss100_scenario,value,common_highDS_WML,full,3,34,1,2021-03,2023-12,-0.0109071919571,0.00856148503966,-1.27398364964,34,-0.0276873942891,0.00587301037477
zero_on_common,unknown_return_loss100_scenario,value,common_highDS_WML,full,6,34,1,2021-03,2023-12,-0.0109071919571,0.00767929046105,-1.42033850816,34,-0.0259583246876,0.00414394077333
zero_on_common,unknown_return_loss100_scenario,value,common_highDS_WML,early_2021_2022,3,22,1,2021-03,2022-12,-0.0204514308856,0.00656425597899,-3.11557485738,22,-0.0333171361897,-0.00758572558145
zero_on_common,unknown_return_loss100_scenario,value,common_highDS_WML,early_2021_2022,6,22,1,2021-03,2022-12,-0.0204514308856,0.00452922796042,-4.51543421181,22,-0.0293285545658,-0.0115743072054
zero_on_common,unknown_return_loss100_scenario,value,common_highDS_WML,middle_2023,3,12,1,2023-01,2023-12,0.00659057941164,0.0160748564991,0.409993047963,12,-0.0249155603833,0.0380967192066
zero_on_common,unknown_return_loss100_scenario,value,common_highDS_WML,middle_2023,6,12,1,2023-01,2023-12,0.00659057941164,0.0126860722066,0.51951299853,12,-0.0182736652187,0.0314548240419
zero_on_common,unknown_return_loss100_scenario,value,common_highDS_minus_unconditional,full,3,34,1,2021-03,2023-12,-0.00647795658034,0.0105714641213,-0.612777615855,34,-0.0271976455219,0.0142417323613
zero_on_common,unknown_return_loss100_scenario,value,common_highDS_minus_unconditional,full,6,34,1,2021-03,2023-12,-0.00647795658034,0.00973881508673,-0.665168865273,34,-0.0255656834024,0.0126097702417
zero_on_common,unknown_return_loss100_scenario,value,common_highDS_minus_unconditional,early_2021_2022,3,22,1,2021-03,2022-12,-0.00973003944841,0.0154996568027,-0.627758380218,22,-0.0401088085545,0.0206487296576
zero_on_common,unknown_return_loss100_scenario,value,common_highDS_minus_unconditional,early_2021_2022,6,22,1,2021-03,2022-12,-0.00973003944841,0.0136093019302,-0.714955072515,22,-0.0364037810864,0.0169437021896
zero_on_common,unknown_return_loss100_scenario,value,common_highDS_minus_unconditional,middle_2023,3,12,1,2023-01,2023-12,-0.000515804655555,0.00602174881857,-0.0856569530042,12,-0.0123182154639,0.0112866061528
zero_on_common,unknown_return_loss100_scenario,value,common_highDS_minus_unconditional,middle_2023,6,12,1,2023-01,2023-12,-0.000515804655555,0.00621689196706,-0.0829682513848,12,-0.0127006890068,0.0116690796957
zero_on_common,unknown_return_loss100_scenario,value,common_lowDS_WML,full,3,34,1,2021-03,2023-12,0.002648677759,0.0131196595009,0.20188616624,34,-0.0230653823521,0.0283627378701
zero_on_common,unknown_return_loss100_scenario,value,common_lowDS_WML,full,6,34,1,2021-03,2023-12,0.002648677759,0.0105007907657,0.252236028515,34,-0.0179324939509,0.0232298494689
zero_on_common,unknown_return_loss100_scenario,value,common_lowDS_WML,early_2021_2022,3,22,1,2021-03,2022-12,0.00100645008241,0.0191508607074,0.0525537780149,22,-0.036528547177,0.0385414473418
zero_on_common,unknown_return_loss100_scenario,value,common_lowDS_WML,early_2021_2022,6,22,1,2021-03,2022-12,0.00100645008241,0.0162488210893,0.061939883323,22,-0.0308406540439,0.0328535542087
zero_on_common,unknown_return_loss100_scenario,value,common_lowDS_WML,middle_2023,3,12,1,2023-01,2023-12,0.00565942849943,0.0113360995575,0.499239484511,12,-0.0165589183584,0.0278777753572
zero_on_common,unknown_return_loss100_scenario,value,common_lowDS_WML,middle_2023,6,12,1,2023-01,2023-12,0.00565942849943,0.00857269909079,0.660168803255,12,-0.0111427529688,0.0224616099677
zero_on_common,unknown_return_loss100_scenario,value,common_lowDS_minus_highDS,full,3,34,1,2021-03,2023-12,0.0135558697161,0.0128233533159,1.05712362298,34,-0.0115774409441,0.0386891803764
zero_on_common,unknown_return_loss100_scenario,value,common_lowDS_minus_highDS,full,6,34,1,2021-03,2023-12,0.0135558697161,0.0118965593799,1.13947817039,34,-0.00976095820848,0.0368726976408
zero_on_common,unknown_return_loss100_scenario,value,common_lowDS_minus_highDS,early_2021_2022,3,22,1,2021-03,2022-12,0.021457880968,0.0184495177774,1.16305917731,22,-0.0147025094079,0.0576182713438
zero_on_common,unknown_return_loss100_scenario,value,common_lowDS_minus_highDS,early_2021_2022,6,22,1,2021-03,2022-12,0.021457880968,0.015257696529,1.40636438319,22,-0.00844665471599,0.0513624166519
zero_on_common,unknown_return_loss100_scenario,value,common_lowDS_minus_highDS,middle_2023,3,12,1,2023-01,2023-12,-0.00093115091221,0.00821143133647,-0.113396906587,12,-0.0170252605932,0.0151629587688
zero_on_common,unknown_return_loss100_scenario,value,common_lowDS_minus_highDS,middle_2023,6,12,1,2023-01,2023-12,-0.00093115091221,0.00760471608507,-0.122443875852,12,-0.0158361205516,0.0139738187272
zero_on_common,unknown_return_loss100_scenario,value,common_lowDS_minus_unconditional,full,3,34,1,2021-03,2023-12,0.00707791313581,0.00800074070272,0.884657233473,34,-0.00860325049117,0.0227590767628
zero_on_common,unknown_return_loss100_scenario,value,common_lowDS_minus_unconditional,full,6,34,1,2021-03,2023-12,0.00707791313581,0.00682466061269,1.03710844209,34,-0.00629817587177,0.0204540021434
zero_on_common,unknown_return_loss100_scenario,value,common_lowDS_minus_unconditional,early_2021_2022,3,22,1,2021-03,2022-12,0.0117278415196,0.0105233474158,1.11445921684,22,-0.00889754041228,0.0323532234514
zero_on_common,unknown_return_loss100_scenario,value,common_lowDS_minus_unconditional,early_2021_2022,6,22,1,2021-03,2022-12,0.0117278415196,0.00872664952311,1.34391114121,22,-0.00537607725143,0.0288317602906
zero_on_common,unknown_return_loss100_scenario,value,common_lowDS_minus_unconditional,middle_2023,3,12,1,2023-01,2023-12,-0.00144695556777,0.00984208999219,-0.14701710398,12,-0.0207370974851,0.0178431863495
zero_on_common,unknown_return_loss100_scenario,value,common_lowDS_minus_unconditional,middle_2023,6,12,1,2023-01,2023-12,-0.00144695556777,0.00659413387506,-0.219430723607,12,-0.0143712204721,0.0114773093366
zero_on_common,unknown_return_loss100_scenario,value,common_unconditional_WML,full,3,34,1,2021-03,2023-12,-0.0044292353768,0.0128801321489,-0.343881206001,34,-0.0296738305047,0.0208153597511
zero_on_common,unknown_return_loss100_scenario,value,common_unconditional_WML,full,6,34,1,2021-03,2023-12,-0.0044292353768,0.00986784816765,-0.448855241949,34,-0.0237698623903,0.0149113916367
zero_on_common,unknown_return_loss100_scenario,value,common_unconditional_WML,early_2021_2022,3,22,1,2021-03,2022-12,-0.0107213914372,0.0167857972605,-0.638718034704,22,-0.0436209495195,0.0221781666452
zero_on_common,unknown_return_loss100_scenario,value,common_unconditional_WML,early_2021_2022,6,22,1,2021-03,2022-12,-0.0107213914372,0.014150589294,-0.757663954087,22,-0.0384560368135,0.0170132539391
zero_on_common,unknown_return_loss100_scenario,value,common_unconditional_WML,middle_2023,3,12,1,2023-01,2023-12,0.00710638406719,0.015069957481,0.471559662738,12,-0.022430189844,0.0366429579784
zero_on_common,unknown_return_loss100_scenario,value,common_unconditional_WML,middle_2023,6,12,1,2023-01,2023-12,0.00710638406719,0.00939868827927,0.756103815345,12,-0.0113147064621,0.0255274745965
zero_on_common,unknown_return_loss100_scenario,value,highDS_WML,full,3,34,1,2021-03,2023-12,-0.0109071919571,0.00856148503966,-1.27398364964,34,-0.0276873942891,0.00587301037477
zero_on_common,unknown_return_loss100_scenario,value,highDS_WML,full,6,34,1,2021-03,2023-12,-0.0109071919571,0.00767929046105,-1.42033850816,34,-0.0259583246876,0.00414394077333
zero_on_common,unknown_return_loss100_scenario,value,highDS_WML,early_2021_2022,3,22,1,2021-03,2022-12,-0.0204514308856,0.00656425597899,-3.11557485738,22,-0.0333171361897,-0.00758572558145
zero_on_common,unknown_return_loss100_scenario,value,highDS_WML,early_2021_2022,6,22,1,2021-03,2022-12,-0.0204514308856,0.00452922796042,-4.51543421181,22,-0.0293285545658,-0.0115743072054
zero_on_common,unknown_return_loss100_scenario,value,highDS_WML,middle_2023,3,12,1,2023-01,2023-12,0.00659057941164,0.0160748564991,0.409993047963,12,-0.0249155603833,0.0380967192066
zero_on_common,unknown_return_loss100_scenario,value,highDS_WML,middle_2023,6,12,1,2023-01,2023-12,0.00659057941164,0.0126860722066,0.51951299853,12,-0.0182736652187,0.0314548240419
zero_on_common,unknown_return_loss100_scenario,value,highDS_minus_unconditional,full,3,34,1,2021-03,2023-12,-0.00647795658034,0.0105714641213,-0.612777615855,34,-0.0271976455219,0.0142417323613
zero_on_common,unknown_return_loss100_scenario,value,highDS_minus_unconditional,full,6,34,1,2021-03,2023-12,-0.00647795658034,0.00973881508673,-0.665168865273,34,-0.0255656834024,0.0126097702417
zero_on_common,unknown_return_loss100_scenario,value,highDS_minus_unconditional,early_2021_2022,3,22,1,2021-03,2022-12,-0.00973003944841,0.0154996568027,-0.627758380218,22,-0.0401088085545,0.0206487296576
zero_on_common,unknown_return_loss100_scenario,value,highDS_minus_unconditional,early_2021_2022,6,22,1,2021-03,2022-12,-0.00973003944841,0.0136093019302,-0.714955072515,22,-0.0364037810864,0.0169437021896
zero_on_common,unknown_return_loss100_scenario,value,highDS_minus_unconditional,middle_2023,3,12,1,2023-01,2023-12,-0.000515804655555,0.00602174881857,-0.0856569530042,12,-0.0123182154639,0.0112866061528
zero_on_common,unknown_return_loss100_scenario,value,highDS_minus_unconditional,middle_2023,6,12,1,2023-01,2023-12,-0.000515804655555,0.00621689196706,-0.0829682513848,12,-0.0127006890068,0.0116690796957
zero_on_common,unknown_return_loss100_scenario,value,lowDS_WML,full,3,34,1,2021-03,2023-12,0.002648677759,0.0131196595009,0.20188616624,34,-0.0230653823521,0.0283627378701
zero_on_common,unknown_return_loss100_scenario,value,lowDS_WML,full,6,34,1,2021-03,2023-12,0.002648677759,0.0105007907657,0.252236028515,34,-0.0179324939509,0.0232298494689
zero_on_common,unknown_return_loss100_scenario,value,lowDS_WML,early_2021_2022,3,22,1,2021-03,2022-12,0.00100645008241,0.0191508607074,0.0525537780149,22,-0.036528547177,0.0385414473418
zero_on_common,unknown_return_loss100_scenario,value,lowDS_WML,early_2021_2022,6,22,1,2021-03,2022-12,0.00100645008241,0.0162488210893,0.061939883323,22,-0.0308406540439,0.0328535542087
zero_on_common,unknown_return_loss100_scenario,value,lowDS_WML,middle_2023,3,12,1,2023-01,2023-12,0.00565942849943,0.0113360995575,0.499239484511,12,-0.0165589183584,0.0278777753572
zero_on_common,unknown_return_loss100_scenario,value,lowDS_WML,middle_2023,6,12,1,2023-01,2023-12,0.00565942849943,0.00857269909079,0.660168803255,12,-0.0111427529688,0.0224616099677
zero_on_common,unknown_return_loss100_scenario,value,lowDS_minus_highDS,full,3,34,1,2021-03,2023-12,0.0135558697161,0.0128233533159,1.05712362298,34,-0.0115774409441,0.0386891803764
zero_on_common,unknown_return_loss100_scenario,value,lowDS_minus_highDS,full,6,34,1,2021-03,2023-12,0.0135558697161,0.0118965593799,1.13947817039,34,-0.00976095820848,0.0368726976408
zero_on_common,unknown_return_loss100_scenario,value,lowDS_minus_highDS,early_2021_2022,3,22,1,2021-03,2022-12,0.021457880968,0.0184495177774,1.16305917731,22,-0.0147025094079,0.0576182713438
zero_on_common,unknown_return_loss100_scenario,value,lowDS_minus_highDS,early_2021_2022,6,22,1,2021-03,2022-12,0.021457880968,0.015257696529,1.40636438319,22,-0.00844665471599,0.0513624166519
zero_on_common,unknown_return_loss100_scenario,value,lowDS_minus_highDS,middle_2023,3,12,1,2023-01,2023-12,-0.00093115091221,0.00821143133647,-0.113396906587,12,-0.0170252605932,0.0151629587688
zero_on_common,unknown_return_loss100_scenario,value,lowDS_minus_highDS,middle_2023,6,12,1,2023-01,2023-12,-0.00093115091221,0.00760471608507,-0.122443875852,12,-0.0158361205516,0.0139738187272
zero_on_common,unknown_return_loss100_scenario,value,lowDS_minus_unconditional,full,3,34,1,2021-03,2023-12,0.00707791313581,0.00800074070272,0.884657233473,34,-0.00860325049117,0.0227590767628
zero_on_common,unknown_return_loss100_scenario,value,lowDS_minus_unconditional,full,6,34,1,2021-03,2023-12,0.00707791313581,0.00682466061269,1.03710844209,34,-0.00629817587177,0.0204540021434
zero_on_common,unknown_return_loss100_scenario,value,lowDS_minus_unconditional,early_2021_2022,3,22,1,2021-03,2022-12,0.0117278415196,0.0105233474158,1.11445921684,22,-0.00889754041228,0.0323532234514
zero_on_common,unknown_return_loss100_scenario,value,lowDS_minus_unconditional,early_2021_2022,6,22,1,2021-03,2022-12,0.0117278415196,0.00872664952311,1.34391114121,22,-0.00537607725143,0.0288317602906
zero_on_common,unknown_return_loss100_scenario,value,lowDS_minus_unconditional,middle_2023,3,12,1,2023-01,2023-12,-0.00144695556777,0.00984208999219,-0.14701710398,12,-0.0207370974851,0.0178431863495
zero_on_common,unknown_return_loss100_scenario,value,lowDS_minus_unconditional,middle_2023,6,12,1,2023-01,2023-12,-0.00144695556777,0.00659413387506,-0.219430723607,12,-0.0143712204721,0.0114773093366
zero_on_common,unknown_return_loss100_scenario,value,unconditional_WML,full,3,34,1,2021-03,2023-12,-0.0044292353768,0.0128801321489,-0.343881206001,34,-0.0296738305047,0.0208153597511
zero_on_common,unknown_return_loss100_scenario,value,unconditional_WML,full,6,34,1,2021-03,2023-12,-0.0044292353768,0.00986784816765,-0.448855241949,34,-0.0237698623903,0.0149113916367
zero_on_common,unknown_return_loss100_scenario,value,unconditional_WML,early_2021_2022,3,22,1,2021-03,2022-12,-0.0107213914372,0.0167857972605,-0.638718034704,22,-0.0436209495195,0.0221781666452
zero_on_common,unknown_return_loss100_scenario,value,unconditional_WML,early_2021_2022,6,22,1,2021-03,2022-12,-0.0107213914372,0.014150589294,-0.757663954087,22,-0.0384560368135,0.0170132539391
zero_on_common,unknown_return_loss100_scenario,value,unconditional_WML,middle_2023,3,12,1,2023-01,2023-12,0.00710638406719,0.015069957481,0.471559662738,12,-0.022430189844,0.0366429579784
zero_on_common,unknown_return_loss100_scenario,value,unconditional_WML,middle_2023,6,12,1,2023-01,2023-12,0.00710638406719,0.00939868827927,0.756103815345,12,-0.0113147064621,0.0255274745965
zero_on_common,unknown_return_zero_scenario,equal,WML_DS1,full,3,34,1,2021-03,2023-12,0.00275155393344,0.0128993237175,0.213309937303,34,-0.0225306559778,0.0280337638447
zero_on_common,unknown_return_zero_scenario,equal,WML_DS1,full,6,34,1,2021-03,2023-12,0.00275155393344,0.0116560533623,0.236062228605,34,-0.0200938908585,0.0255969987254
zero_on_common,unknown_return_zero_scenario,equal,WML_DS1,early_2021_2022,3,22,1,2021-03,2022-12,0.00711714773693,0.018477332468,0.385182641989,22,-0.0290977584307,0.0433320539046
zero_on_common,unknown_return_zero_scenario,equal,WML_DS1,early_2021_2022,6,22,1,2021-03,2022-12,0.00711714773693,0.0164652462209,0.432252736548,22,-0.0251541418527,0.0393884373265
zero_on_common,unknown_return_zero_scenario,equal,WML_DS1,middle_2023,3,12,1,2023-01,2023-12,-0.00525203470631,0.00921924908416,-0.569681397949,12,-0.0233214308758,0.0128173614632
zero_on_common,unknown_return_zero_scenario,equal,WML_DS1,middle_2023,6,12,1,2023-01,2023-12,-0.00525203470631,0.0067893360462,-0.773571181418,12,-0.0185588888358,0.00805481942319
zero_on_common,unknown_return_zero_scenario,equal,WML_DS2,full,3,34,1,2021-03,2023-12,-0.00171438301818,0.0137967374786,-0.124260030376,34,-0.0287554915804,0.025326725544
zero_on_common,unknown_return_zero_scenario,equal,WML_DS2,full,6,34,1,2021-03,2023-12,-0.00171438301818,0.0118858309988,-0.1442375395,34,-0.0250101837022,0.0215814176658
zero_on_common,unknown_return_zero_scenario,equal,WML_DS2,early_2021_2022,3,22,1,2021-03,2022-12,-0.00305627315514,0.0192596561028,-0.158687836315,22,-0.0408045054713,0.0346919591611
zero_on_common,unknown_return_zero_scenario,equal,WML_DS2,early_2021_2022,6,22,1,2021-03,2022-12,-0.00305627315514,0.0174390433929,-0.175254633312,22,-0.0372361701301,0.0311236238198
zero_on_common,unknown_return_zero_scenario,equal,WML_DS2,middle_2023,3,12,1,2023-01,2023-12,0.000745748899575,0.0125071212053,0.0596259432794,12,-0.023767758213,0.0252592560122
zero_on_common,unknown_return_zero_scenario,equal,WML_DS2,middle_2023,6,12,1,2023-01,2023-12,0.000745748899575,0.00799023318644,0.093332557658,12,-0.0149148203739,0.0164063181731
zero_on_common,unknown_return_zero_scenario,equal,WML_DS3,full,3,34,1,2021-03,2023-12,0.00228183274655,0.0161195373845,0.141556962344,34,-0.0293118799746,0.0338755454677
zero_on_common,unknown_return_zero_scenario,equal,WML_DS3,full,6,34,1,2021-03,2023-12,0.00228183274655,0.0133413586102,0.171034511043,34,-0.0238667496343,0.0284304151274
zero_on_common,unknown_return_zero_scenario,equal,WML_DS3,early_2021_2022,3,22,1,2021-03,2022-12,-0.00491635852014,0.0203077555652,-0.24209265787,22,-0.0447188280348,0.0348861109945
zero_on_common,unknown_return_zero_scenario,equal,WML_DS3,early_2021_2022,6,22,1,2021-03,2022-12,-0.00491635852014,0.0170801932197,-0.287839748469,22,-0.0383929220797,0.0285602050394
zero_on_common,unknown_return_zero_scenario,equal,WML_DS3,middle_2023,3,12,1,2023-01,2023-12,0.0154785167355,0.0234444946602,0.660219678854,12,-0.0304718484343,0.0614288819053
zero_on_common,unknown_return_zero_scenario,equal,WML_DS3,middle_2023,6,12,1,2023-01,2023-12,0.0154785167355,0.0180674534571,0.856707159768,12,-0.0199330413328,0.0508900748038
zero_on_common,unknown_return_zero_scenario,equal,WML_DS4,full,3,34,0.852941176471,2021-03,2023-12,-0.0149358138067,0.0157241983206,-0.949861703737,29,-0.0457546762009,0.0158830485875
zero_on_common,unknown_return_zero_scenario,equal,WML_DS4,full,6,34,0.852941176471,2021-03,2023-12,-0.0149358138067,0.0118258670935,-1.26297832444,29,-0.0381140873959,0.00824245978243
zero_on_common,unknown_return_zero_scenario,equal,WML_DS4,early_2021_2022,3,22,0.863636363636,2021-03,2022-12,-0.0208138429134,0.014028275656,-1.48370643861,19,-0.0483087579644,0.00668107213762
zero_on_common,unknown_return_zero_scenario,equal,WML_DS4,early_2021_2022,6,22,0.863636363636,2021-03,2022-12,-0.0208138429134,0.0135580897817,-1.53516042809,19,-0.0473872105846,0.00575952475786
zero_on_common,unknown_return_zero_scenario,equal,WML_DS4,middle_2023,3,12,0.833333333333,2023-01,2023-12,-0.00376755850414,0.0331363969184,-0.113698496352,10,-0.0687137030416,0.0611785860333
zero_on_common,unknown_return_zero_scenario,equal,WML_DS4,middle_2023,6,12,0.833333333333,2023-01,2023-12,-0.00376755850414,0.0186712140278,-0.201784334888,10,-0.0403624655463,0.032827348538
zero_on_common,unknown_return_zero_scenario,equal,WML_DS5,full,3,34,1,2021-03,2023-12,-0.011230250036,0.00492244049569,-2.28143947009,34,-0.0208780561236,-0.00158244394844
zero_on_common,unknown_return_zero_scenario,equal,WML_DS5,full,6,34,1,2021-03,2023-12,-0.011230250036,0.00387045815067,-2.90152989617,34,-0.018816208615,-0.00364429145705
zero_on_common,unknown_return_zero_scenario,equal,WML_DS5,early_2021_2022,3,22,1,2021-03,2022-12,-0.0135040916333,0.00543282465748,-2.48564834772,22,-0.0241522322963,-0.00285595097034
zero_on_common,unknown_return_zero_scenario,equal,WML_DS5,early_2021_2022,6,22,1,2021-03,2022-12,-0.0135040916333,0.00392871908582,-3.43727595135,22,-0.0212042395469,-0.00580394371972
zero_on_common,unknown_return_zero_scenario,equal,WML_DS5,middle_2023,3,12,1,2023-01,2023-12,-0.00706154044102,0.00921387672331,-0.766402748058,12,-0.0251204069767,0.0109973260947
zero_on_common,unknown_return_zero_scenario,equal,WML_DS5,middle_2023,6,12,1,2023-01,2023-12,-0.00706154044102,0.00750116255296,-0.941392802937,12,-0.021763548887,0.00764046800496
zero_on_common,unknown_return_zero_scenario,equal,common_highDS_WML,full,3,34,1,2021-03,2023-12,-0.011230250036,0.00492244049569,-2.28143947009,34,-0.0208780561236,-0.00158244394844
zero_on_common,unknown_return_zero_scenario,equal,common_highDS_WML,full,6,34,1,2021-03,2023-12,-0.011230250036,0.00387045815067,-2.90152989617,34,-0.018816208615,-0.00364429145705
zero_on_common,unknown_return_zero_scenario,equal,common_highDS_WML,early_2021_2022,3,22,1,2021-03,2022-12,-0.0135040916333,0.00543282465748,-2.48564834772,22,-0.0241522322963,-0.00285595097034
zero_on_common,unknown_return_zero_scenario,equal,common_highDS_WML,early_2021_2022,6,22,1,2021-03,2022-12,-0.0135040916333,0.00392871908582,-3.43727595135,22,-0.0212042395469,-0.00580394371972
zero_on_common,unknown_return_zero_scenario,equal,common_highDS_WML,middle_2023,3,12,1,2023-01,2023-12,-0.00706154044102,0.00921387672331,-0.766402748058,12,-0.0251204069767,0.0109973260947
zero_on_common,unknown_return_zero_scenario,equal,common_highDS_WML,middle_2023,6,12,1,2023-01,2023-12,-0.00706154044102,0.00750116255296,-0.941392802937,12,-0.021763548887,0.00764046800496
zero_on_common,unknown_return_zero_scenario,equal,common_highDS_minus_unconditional,full,3,34,1,2021-03,2023-12,-0.00616057412076,0.011342090713,-0.543160364048,34,-0.0283906634277,0.0160695151862
zero_on_common,unknown_return_zero_scenario,equal,common_highDS_minus_unconditional,full,6,34,1,2021-03,2023-12,-0.00616057412076,0.0107725808031,-0.571875415312,34,-0.0272744445154,0.0149532962739
zero_on_common,unknown_return_zero_scenario,equal,common_highDS_minus_unconditional,early_2021_2022,3,22,1,2021-03,2022-12,-0.00334249427063,0.0150880415128,-0.22153267989,22,-0.032914512233,0.0262295236918
zero_on_common,unknown_return_zero_scenario,equal,common_highDS_minus_unconditional,early_2021_2022,6,22,1,2021-03,2022-12,-0.00334249427063,0.0142984335024,-0.2337664661,22,-0.0313669089708,0.0246819204295
zero_on_common,unknown_return_zero_scenario,equal,common_highDS_minus_unconditional,middle_2023,3,12,1,2023-01,2023-12,-0.011327053846,0.0133321935374,-0.84960166639,12,-0.0374576730142,0.0148035653222
zero_on_common,unknown_return_zero_scenario,equal,common_highDS_minus_unconditional,middle_2023,6,12,1,2023-01,2023-12,-0.011327053846,0.0112929738916,-1.00301780157,12,-0.0334608759519,0.0108067682599
zero_on_common,unknown_return_zero_scenario,equal,common_lowDS_WML,full,3,34,1,2021-03,2023-12,0.00275155393344,0.0128993237175,0.213309937303,34,-0.0225306559778,0.0280337638447
zero_on_common,unknown_return_zero_scenario,equal,common_lowDS_WML,full,6,34,1,2021-03,2023-12,0.00275155393344,0.0116560533623,0.236062228605,34,-0.0200938908585,0.0255969987254
zero_on_common,unknown_return_zero_scenario,equal,common_lowDS_WML,early_2021_2022,3,22,1,2021-03,2022-12,0.00711714773693,0.018477332468,0.385182641989,22,-0.0290977584307,0.0433320539046
zero_on_common,unknown_return_zero_scenario,equal,common_lowDS_WML,early_2021_2022,6,22,1,2021-03,2022-12,0.00711714773693,0.0164652462209,0.432252736548,22,-0.0251541418527,0.0393884373265
zero_on_common,unknown_return_zero_scenario,equal,common_lowDS_WML,middle_2023,3,12,1,2023-01,2023-12,-0.00525203470631,0.00921924908416,-0.569681397949,12,-0.0233214308758,0.0128173614632
zero_on_common,unknown_return_zero_scenario,equal,common_lowDS_WML,middle_2023,6,12,1,2023-01,2023-12,-0.00525203470631,0.0067893360462,-0.773571181418,12,-0.0185588888358,0.00805481942319
zero_on_common,unknown_return_zero_scenario,equal,common_lowDS_minus_highDS,full,3,34,1,2021-03,2023-12,0.0139818039695,0.0148829083921,0.939453741237,34,-0.0151881604643,0.0431517684032
zero_on_common,unknown_return_zero_scenario,equal,common_lowDS_minus_highDS,full,6,34,1,2021-03,2023-12,0.0139818039695,0.0139987892148,0.998786663258,34,-0.0134553187186,0.0414189266576
zero_on_common,unknown_return_zero_scenario,equal,common_lowDS_minus_highDS,early_2021_2022,3,22,1,2021-03,2022-12,0.0206212393702,0.0220543071054,0.93502095857,22,-0.0226044082602,0.0638468870007
zero_on_common,unknown_return_zero_scenario,equal,common_lowDS_minus_highDS,early_2021_2022,6,22,1,2021-03,2022-12,0.0206212393702,0.0195739271748,1.05350547113,22,-0.0177429529284,0.0589854316689
zero_on_common,unknown_return_zero_scenario,equal,common_lowDS_minus_highDS,middle_2023,3,12,1,2023-01,2023-12,0.00180950573471,0.00411842890423,0.439367966957,12,-0.00626246659048,0.0098814780599
zero_on_common,unknown_return_zero_scenario,equal,common_lowDS_minus_highDS,middle_2023,6,12,1,2023-01,2023-12,0.00180950573471,0.00459270217613,0.393995879836,12,-0.00719202512223,0.0108110365917
zero_on_common,unknown_return_zero_scenario,equal,common_lowDS_minus_unconditional,full,3,34,1,2021-03,2023-12,0.00782122984871,0.0101065798638,0.773875035282,34,-0.0119873026913,0.0276297623887
zero_on_common,unknown_return_zero_scenario,equal,common_lowDS_minus_unconditional,full,6,34,1,2021-03,2023-12,0.00782122984871,0.00937620051221,0.834157699435,34,-0.0105557854671,0.0261982451645
zero_on_common,unknown_return_zero_scenario,equal,common_lowDS_minus_unconditional,early_2021_2022,3,22,1,2021-03,2022-12,0.0172787450996,0.0124108148684,1.39223292611,22,-0.00704600506118,0.0416034952604
zero_on_common,unknown_return_zero_scenario,equal,common_lowDS_minus_unconditional,early_2021_2022,6,22,1,2021-03,2022-12,0.0172787450996,0.0102160254198,1.69133732441,22,-0.00274429678838,0.0373017869876
zero_on_common,unknown_return_zero_scenario,equal,common_lowDS_minus_unconditional,middle_2023,3,12,1,2023-01,2023-12,-0.00951754811128,0.0137073726708,-0.694337882236,12,-0.0363835048688,0.0173484086462
zero_on_common,unknown_return_zero_scenario,equal,common_lowDS_minus_unconditional,middle_2023,6,12,1,2023-01,2023-12,-0.00951754811128,0.0119780054665,-0.794585387183,12,-0.0329940074323,0.0139589112097
zero_on_common,unknown_return_zero_scenario,equal,common_unconditional_WML,full,3,34,1,2021-03,2023-12,-0.00506967591527,0.0106521880359,-0.475928128397,34,-0.0259475808222,0.0158082289917
zero_on_common,unknown_return_zero_scenario,equal,common_unconditional_WML,full,6,34,1,2021-03,2023-12,-0.00506967591527,0.00866272363322,-0.585228864491,34,-0.0220483022444,0.0119089504139
zero_on_common,unknown_return_zero_scenario,equal,common_unconditional_WML,early_2021_2022,3,22,1,2021-03,2022-12,-0.0101615973627,0.0123808748784,-0.820749540115,22,-0.0344276662215,0.0141044714961
zero_on_common,unknown_return_zero_scenario,equal,common_unconditional_WML,early_2021_2022,6,22,1,2021-03,2022-12,-0.0101615973627,0.0109656024085,-0.926679354601,22,-0.031653783152,0.0113305884267
zero_on_common,unknown_return_zero_scenario,equal,common_unconditional_WML,middle_2023,3,12,1,2023-01,2023-12,0.00426551340497,0.0158535512803,0.269057281209,12,-0.0268068761314,0.0353379029414
zero_on_common,unknown_return_zero_scenario,equal,common_unconditional_WML,middle_2023,6,12,1,2023-01,2023-12,0.00426551340497,0.0100960824275,0.422491935424,12,-0.0155224445378,0.0240534713477
zero_on_common,unknown_return_zero_scenario,equal,highDS_WML,full,3,34,1,2021-03,2023-12,-0.011230250036,0.00492244049569,-2.28143947009,34,-0.0208780561236,-0.00158244394844
zero_on_common,unknown_return_zero_scenario,equal,highDS_WML,full,6,34,1,2021-03,2023-12,-0.011230250036,0.00387045815067,-2.90152989617,34,-0.018816208615,-0.00364429145705
zero_on_common,unknown_return_zero_scenario,equal,highDS_WML,early_2021_2022,3,22,1,2021-03,2022-12,-0.0135040916333,0.00543282465748,-2.48564834772,22,-0.0241522322963,-0.00285595097034
zero_on_common,unknown_return_zero_scenario,equal,highDS_WML,early_2021_2022,6,22,1,2021-03,2022-12,-0.0135040916333,0.00392871908582,-3.43727595135,22,-0.0212042395469,-0.00580394371972
zero_on_common,unknown_return_zero_scenario,equal,highDS_WML,middle_2023,3,12,1,2023-01,2023-12,-0.00706154044102,0.00921387672331,-0.766402748058,12,-0.0251204069767,0.0109973260947
zero_on_common,unknown_return_zero_scenario,equal,highDS_WML,middle_2023,6,12,1,2023-01,2023-12,-0.00706154044102,0.00750116255296,-0.941392802937,12,-0.021763548887,0.00764046800496
zero_on_common,unknown_return_zero_scenario,equal,highDS_minus_unconditional,full,3,34,1,2021-03,2023-12,-0.00616057412076,0.011342090713,-0.543160364048,34,-0.0283906634277,0.0160695151862
zero_on_common,unknown_return_zero_scenario,equal,highDS_minus_unconditional,full,6,34,1,2021-03,2023-12,-0.00616057412076,0.0107725808031,-0.571875415312,34,-0.0272744445154,0.0149532962739
zero_on_common,unknown_return_zero_scenario,equal,highDS_minus_unconditional,early_2021_2022,3,22,1,2021-03,2022-12,-0.00334249427063,0.0150880415128,-0.22153267989,22,-0.032914512233,0.0262295236918
zero_on_common,unknown_return_zero_scenario,equal,highDS_minus_unconditional,early_2021_2022,6,22,1,2021-03,2022-12,-0.00334249427063,0.0142984335024,-0.2337664661,22,-0.0313669089708,0.0246819204295
zero_on_common,unknown_return_zero_scenario,equal,highDS_minus_unconditional,middle_2023,3,12,1,2023-01,2023-12,-0.011327053846,0.0133321935374,-0.84960166639,12,-0.0374576730142,0.0148035653222
zero_on_common,unknown_return_zero_scenario,equal,highDS_minus_unconditional,middle_2023,6,12,1,2023-01,2023-12,-0.011327053846,0.0112929738916,-1.00301780157,12,-0.0334608759519,0.0108067682599
zero_on_common,unknown_return_zero_scenario,equal,lowDS_WML,full,3,34,1,2021-03,2023-12,0.00275155393344,0.0128993237175,0.213309937303,34,-0.0225306559778,0.0280337638447
zero_on_common,unknown_return_zero_scenario,equal,lowDS_WML,full,6,34,1,2021-03,2023-12,0.00275155393344,0.0116560533623,0.236062228605,34,-0.0200938908585,0.0255969987254
zero_on_common,unknown_return_zero_scenario,equal,lowDS_WML,early_2021_2022,3,22,1,2021-03,2022-12,0.00711714773693,0.018477332468,0.385182641989,22,-0.0290977584307,0.0433320539046
zero_on_common,unknown_return_zero_scenario,equal,lowDS_WML,early_2021_2022,6,22,1,2021-03,2022-12,0.00711714773693,0.0164652462209,0.432252736548,22,-0.0251541418527,0.0393884373265
zero_on_common,unknown_return_zero_scenario,equal,lowDS_WML,middle_2023,3,12,1,2023-01,2023-12,-0.00525203470631,0.00921924908416,-0.569681397949,12,-0.0233214308758,0.0128173614632
zero_on_common,unknown_return_zero_scenario,equal,lowDS_WML,middle_2023,6,12,1,2023-01,2023-12,-0.00525203470631,0.0067893360462,-0.773571181418,12,-0.0185588888358,0.00805481942319
zero_on_common,unknown_return_zero_scenario,equal,lowDS_minus_highDS,full,3,34,1,2021-03,2023-12,0.0139818039695,0.0148829083921,0.939453741237,34,-0.0151881604643,0.0431517684032
zero_on_common,unknown_return_zero_scenario,equal,lowDS_minus_highDS,full,6,34,1,2021-03,2023-12,0.0139818039695,0.0139987892148,0.998786663258,34,-0.0134553187186,0.0414189266576
zero_on_common,unknown_return_zero_scenario,equal,lowDS_minus_highDS,early_2021_2022,3,22,1,2021-03,2022-12,0.0206212393702,0.0220543071054,0.93502095857,22,-0.0226044082602,0.0638468870007
zero_on_common,unknown_return_zero_scenario,equal,lowDS_minus_highDS,early_2021_2022,6,22,1,2021-03,2022-12,0.0206212393702,0.0195739271748,1.05350547113,22,-0.0177429529284,0.0589854316689
zero_on_common,unknown_return_zero_scenario,equal,lowDS_minus_highDS,middle_2023,3,12,1,2023-01,2023-12,0.00180950573471,0.00411842890423,0.439367966957,12,-0.00626246659048,0.0098814780599
zero_on_common,unknown_return_zero_scenario,equal,lowDS_minus_highDS,middle_2023,6,12,1,2023-01,2023-12,0.00180950573471,0.00459270217613,0.393995879836,12,-0.00719202512223,0.0108110365917
zero_on_common,unknown_return_zero_scenario,equal,lowDS_minus_unconditional,full,3,34,1,2021-03,2023-12,0.00782122984871,0.0101065798638,0.773875035282,34,-0.0119873026913,0.0276297623887
zero_on_common,unknown_return_zero_scenario,equal,lowDS_minus_unconditional,full,6,34,1,2021-03,2023-12,0.00782122984871,0.00937620051221,0.834157699435,34,-0.0105557854671,0.0261982451645
zero_on_common,unknown_return_zero_scenario,equal,lowDS_minus_unconditional,early_2021_2022,3,22,1,2021-03,2022-12,0.0172787450996,0.0124108148684,1.39223292611,22,-0.00704600506118,0.0416034952604
zero_on_common,unknown_return_zero_scenario,equal,lowDS_minus_unconditional,early_2021_2022,6,22,1,2021-03,2022-12,0.0172787450996,0.0102160254198,1.69133732441,22,-0.00274429678838,0.0373017869876
zero_on_common,unknown_return_zero_scenario,equal,lowDS_minus_unconditional,middle_2023,3,12,1,2023-01,2023-12,-0.00951754811128,0.0137073726708,-0.694337882236,12,-0.0363835048688,0.0173484086462
zero_on_common,unknown_return_zero_scenario,equal,lowDS_minus_unconditional,middle_2023,6,12,1,2023-01,2023-12,-0.00951754811128,0.0119780054665,-0.794585387183,12,-0.0329940074323,0.0139589112097
zero_on_common,unknown_return_zero_scenario,equal,unconditional_WML,full,3,34,1,2021-03,2023-12,-0.00506967591527,0.0106521880359,-0.475928128397,34,-0.0259475808222,0.0158082289917
zero_on_common,unknown_return_zero_scenario,equal,unconditional_WML,full,6,34,1,2021-03,2023-12,-0.00506967591527,0.00866272363322,-0.585228864491,34,-0.0220483022444,0.0119089504139
zero_on_common,unknown_return_zero_scenario,equal,unconditional_WML,early_2021_2022,3,22,1,2021-03,2022-12,-0.0101615973627,0.0123808748784,-0.820749540115,22,-0.0344276662215,0.0141044714961
zero_on_common,unknown_return_zero_scenario,equal,unconditional_WML,early_2021_2022,6,22,1,2021-03,2022-12,-0.0101615973627,0.0109656024085,-0.926679354601,22,-0.031653783152,0.0113305884267
zero_on_common,unknown_return_zero_scenario,equal,unconditional_WML,middle_2023,3,12,1,2023-01,2023-12,0.00426551340497,0.0158535512803,0.269057281209,12,-0.0268068761314,0.0353379029414
zero_on_common,unknown_return_zero_scenario,equal,unconditional_WML,middle_2023,6,12,1,2023-01,2023-12,0.00426551340497,0.0100960824275,0.422491935424,12,-0.0155224445378,0.0240534713477
zero_on_common,unknown_return_zero_scenario,value,WML_DS1,full,3,34,1,2021-03,2023-12,0.002648677759,0.0131196595009,0.20188616624,34,-0.0230653823521,0.0283627378701
zero_on_common,unknown_return_zero_scenario,value,WML_DS1,full,6,34,1,2021-03,2023-12,0.002648677759,0.0105007907657,0.252236028515,34,-0.0179324939509,0.0232298494689
zero_on_common,unknown_return_zero_scenario,value,WML_DS1,early_2021_2022,3,22,1,2021-03,2022-12,0.00100645008241,0.0191508607074,0.0525537780149,22,-0.036528547177,0.0385414473418
zero_on_common,unknown_return_zero_scenario,value,WML_DS1,early_2021_2022,6,22,1,2021-03,2022-12,0.00100645008241,0.0162488210893,0.061939883323,22,-0.0308406540439,0.0328535542087
zero_on_common,unknown_return_zero_scenario,value,WML_DS1,middle_2023,3,12,1,2023-01,2023-12,0.00565942849943,0.0113360995575,0.499239484511,12,-0.0165589183584,0.0278777753572
zero_on_common,unknown_return_zero_scenario,value,WML_DS1,middle_2023,6,12,1,2023-01,2023-12,0.00565942849943,0.00857269909079,0.660168803255,12,-0.0111427529688,0.0224616099677
zero_on_common,unknown_return_zero_scenario,value,WML_DS2,full,3,34,1,2021-03,2023-12,-0.00666929011272,0.0143010179524,-0.466350726565,34,-0.0346987702417,0.0213601900162
zero_on_common,unknown_return_zero_scenario,value,WML_DS2,full,6,34,1,2021-03,2023-12,-0.00666929011272,0.0125013450034,-0.5334858058,34,-0.0311714760777,0.0178328958522
zero_on_common,unknown_return_zero_scenario,value,WML_DS2,early_2021_2022,3,22,1,2021-03,2022-12,-0.011442307171,0.0206920460523,-0.552980944564,22,-0.0519979721999,0.029113357858
zero_on_common,unknown_return_zero_scenario,value,WML_DS2,early_2021_2022,6,22,1,2021-03,2022-12,-0.011442307171,0.0171886712617,-0.665688871277,22,-0.045131483786,0.0222468694441
zero_on_common,unknown_return_zero_scenario,value,WML_DS2,middle_2023,3,12,1,2023-01,2023-12,0.00208124116073,0.0116871542104,0.178079378714,12,-0.0208251601734,0.0249876424949
zero_on_common,unknown_return_zero_scenario,value,WML_DS2,middle_2023,6,12,1,2023-01,2023-12,0.00208124116073,0.0103996916367,0.200125276156,12,-0.0183017798975,0.0224642622189
zero_on_common,unknown_return_zero_scenario,value,WML_DS3,full,3,34,1,2021-03,2023-12,0.000806992842935,0.0160129502089,0.0503962625506,34,-0.0305778128527,0.0321917985385
zero_on_common,unknown_return_zero_scenario,value,WML_DS3,full,6,34,1,2021-03,2023-12,0.000806992842935,0.0120225866246,0.0671230632921,34,-0.0227568439422,0.0243708296281
zero_on_common,unknown_return_zero_scenario,value,WML_DS3,early_2021_2022,3,22,1,2021-03,2022-12,-0.00567677325708,0.0216754312105,-0.261898976862,22,-0.0481598377791,0.0368062912649
zero_on_common,unknown_return_zero_scenario,value,WML_DS3,early_2021_2022,6,22,1,2021-03,2022-12,-0.00567677325708,0.0174813823452,-0.324732515141,22,-0.0399396530536,0.0285861065394
zero_on_common,unknown_return_zero_scenario,value,WML_DS3,middle_2023,3,12,1,2023-01,2023-12,0.0126938973596,0.0174898008327,0.725788559918,12,-0.0215854823693,0.0469732770885
zero_on_common,unknown_return_zero_scenario,value,WML_DS3,middle_2023,6,12,1,2023-01,2023-12,0.0126938973596,0.00988053221042,1.28473821949,12,-0.00667158992087,0.0320593846401
zero_on_common,unknown_return_zero_scenario,value,WML_DS4,full,3,34,0.852941176471,2021-03,2023-12,-0.0309838158564,0.0152857653321,-2.02697183839,29,-0.0609433653834,-0.0010242663293
zero_on_common,unknown_return_zero_scenario,value,WML_DS4,full,6,34,0.852941176471,2021-03,2023-12,-0.0309838158564,0.0108517180708,-2.85519911725,29,-0.0522527924455,-0.00971483926723
zero_on_common,unknown_return_zero_scenario,value,WML_DS4,early_2021_2022,3,22,0.863636363636,2021-03,2022-12,-0.0343844627305,0.0167702348852,-2.05032684193,19,-0.0672535191177,-0.0015154063433
zero_on_common,unknown_return_zero_scenario,value,WML_DS4,early_2021_2022,6,22,0.863636363636,2021-03,2022-12,-0.0343844627305,0.0139007976614,-2.47356040768,19,-0.0616295255033,-0.00713939995767
zero_on_common,unknown_return_zero_scenario,value,WML_DS4,middle_2023,3,12,0.833333333333,2023-01,2023-12,-0.0245225867955,0.0287692247784,-0.852389558092,10,-0.0809092312243,0.0318640576333
zero_on_common,unknown_return_zero_scenario,value,WML_DS4,middle_2023,6,12,0.833333333333,2023-01,2023-12,-0.0245225867955,0.017533268293,-1.39863181158,10,-0.058887161181,0.00984198759002
zero_on_common,unknown_return_zero_scenario,value,WML_DS5,full,3,34,1,2021-03,2023-12,-0.011102870565,0.00857171786893,-1.29529118139,34,-0.0279031288738,0.00569738774371
zero_on_common,unknown_return_zero_scenario,value,WML_DS5,full,6,34,1,2021-03,2023-12,-0.011102870565,0.0076684452093,-1.44786462731,34,-0.0261327469927,0.00392700586262
zero_on_common,unknown_return_zero_scenario,value,WML_DS5,early_2021_2022,3,22,1,2021-03,2022-12,-0.0205939692914,0.0066310293389,-3.10569720611,22,-0.0335905479761,-0.00759739060677
zero_on_common,unknown_return_zero_scenario,value,WML_DS5,early_2021_2022,6,22,1,2021-03,2022-12,-0.0205939692914,0.00458527492713,-4.49132704554,22,-0.0295809430078,-0.0116069955751
zero_on_common,unknown_return_zero_scenario,value,WML_DS5,middle_2023,3,12,1,2023-01,2023-12,0.00629747710009,0.016090307915,0.391383255893,12,-0.0252389469135,0.0378339011137
zero_on_common,unknown_return_zero_scenario,value,WML_DS5,middle_2023,6,12,1,2023-01,2023-12,0.00629747710009,0.0126706798333,0.497011777029,12,-0.0185365990327,0.0311315532329
zero_on_common,unknown_return_zero_scenario,value,common_highDS_WML,full,3,34,1,2021-03,2023-12,-0.011102870565,0.00857171786893,-1.29529118139,34,-0.0279031288738,0.00569738774371
zero_on_common,unknown_return_zero_scenario,value,common_highDS_WML,full,6,34,1,2021-03,2023-12,-0.011102870565,0.0076684452093,-1.44786462731,34,-0.0261327469927,0.00392700586262
zero_on_common,unknown_return_zero_scenario,value,common_highDS_WML,early_2021_2022,3,22,1,2021-03,2022-12,-0.0205939692914,0.0066310293389,-3.10569720611,22,-0.0335905479761,-0.00759739060677
zero_on_common,unknown_return_zero_scenario,value,common_highDS_WML,early_2021_2022,6,22,1,2021-03,2022-12,-0.0205939692914,0.00458527492713,-4.49132704554,22,-0.0295809430078,-0.0116069955751
zero_on_common,unknown_return_zero_scenario,value,common_highDS_WML,middle_2023,3,12,1,2023-01,2023-12,0.00629747710009,0.016090307915,0.391383255893,12,-0.0252389469135,0.0378339011137
zero_on_common,unknown_return_zero_scenario,value,common_highDS_WML,middle_2023,6,12,1,2023-01,2023-12,0.00629747710009,0.0126706798333,0.497011777029,12,-0.0185365990327,0.0311315532329
zero_on_common,unknown_return_zero_scenario,value,common_highDS_minus_unconditional,full,3,34,1,2021-03,2023-12,-0.0065872543872,0.0105861062803,-0.622254699962,34,-0.0273356414331,0.0141611326587
zero_on_common,unknown_return_zero_scenario,value,common_highDS_minus_unconditional,full,6,34,1,2021-03,2023-12,-0.0065872543872,0.00974343514954,-0.676071045386,34,-0.025684036366,0.0125095275916
zero_on_common,unknown_return_zero_scenario,value,common_highDS_minus_unconditional,early_2021_2022,3,22,1,2021-03,2022-12,-0.00981984167473,0.0155292115089,-0.632346443933,22,-0.0402565369405,0.020616853591
zero_on_common,unknown_return_zero_scenario,value,common_highDS_minus_unconditional,early_2021_2022,6,22,1,2021-03,2022-12,-0.00981984167473,0.0136261572549,-0.72066111458,22,-0.0365266191419,0.0168869357925
zero_on_common,unknown_return_zero_scenario,value,common_highDS_minus_unconditional,middle_2023,3,12,1,2023-01,2023-12,-0.000660844360061,0.00600811009048,-0.109992052427,12,-0.0124365237526,0.0111148350324
zero_on_common,unknown_return_zero_scenario,value,common_highDS_minus_unconditional,middle_2023,6,12,1,2023-01,2023-12,-0.000660844360061,0.00621609814479,-0.106311764176,12,-0.0128441728482,0.0115224841281
zero_on_common,unknown_return_zero_scenario,value,common_lowDS_WML,full,3,34,1,2021-03,2023-12,0.002648677759,0.0131196595009,0.20188616624,34,-0.0230653823521,0.0283627378701
zero_on_common,unknown_return_zero_scenario,value,common_lowDS_WML,full,6,34,1,2021-03,2023-12,0.002648677759,0.0105007907657,0.252236028515,34,-0.0179324939509,0.0232298494689
zero_on_common,unknown_return_zero_scenario,value,common_lowDS_WML,early_2021_2022,3,22,1,2021-03,2022-12,0.00100645008241,0.0191508607074,0.0525537780149,22,-0.036528547177,0.0385414473418
zero_on_common,unknown_return_zero_scenario,value,common_lowDS_WML,early_2021_2022,6,22,1,2021-03,2022-12,0.00100645008241,0.0162488210893,0.061939883323,22,-0.0308406540439,0.0328535542087
zero_on_common,unknown_return_zero_scenario,value,common_lowDS_WML,middle_2023,3,12,1,2023-01,2023-12,0.00565942849943,0.0113360995575,0.499239484511,12,-0.0165589183584,0.0278777753572
zero_on_common,unknown_return_zero_scenario,value,common_lowDS_WML,middle_2023,6,12,1,2023-01,2023-12,0.00565942849943,0.00857269909079,0.660168803255,12,-0.0111427529688,0.0224616099677
zero_on_common,unknown_return_zero_scenario,value,common_lowDS_minus_highDS,full,3,34,1,2021-03,2023-12,0.013751548324,0.0128364400197,1.07128988278,34,-0.0114074118042,0.0389105084523
zero_on_common,unknown_return_zero_scenario,value,common_lowDS_minus_highDS,full,6,34,1,2021-03,2023-12,0.013751548324,0.0118854850373,1.15700354515,34,-0.0095435742879,0.037046670936
zero_on_common,unknown_return_zero_scenario,value,common_lowDS_minus_highDS,early_2021_2022,3,22,1,2021-03,2022-12,0.0216004193739,0.0184810420701,1.16878795535,22,-0.0146217574804,0.0578225962281
zero_on_common,unknown_return_zero_scenario,value,common_lowDS_minus_highDS,early_2021_2022,6,22,1,2021-03,2022-12,0.0216004193739,0.0152645613005,1.41506977821,22,-0.00831757101485,0.0515184097626
zero_on_common,unknown_return_zero_scenario,value,common_lowDS_minus_highDS,middle_2023,3,12,1,2023-01,2023-12,-0.000638048600664,0.00825122273288,-0.0773277635716,12,-0.0168101479855,0.0155340507842
zero_on_common,unknown_return_zero_scenario,value,common_lowDS_minus_highDS,middle_2023,6,12,1,2023-01,2023-12,-0.000638048600664,0.00762858882764,-0.0836391389129,12,-0.0155898079557,0.0143137107544
zero_on_common,unknown_return_zero_scenario,value,common_lowDS_minus_unconditional,full,3,34,1,2021-03,2023-12,0.00716429393682,0.00799952203886,0.89559024927,34,-0.00851448115287,0.0228430690265
zero_on_common,unknown_return_zero_scenario,value,common_lowDS_minus_unconditional,full,6,34,1,2021-03,2023-12,0.00716429393682,0.00681237762153,1.05165836876,34,-0.00618772085046,0.0205163087241
zero_on_common,unknown_return_zero_scenario,value,common_lowDS_minus_unconditional,early_2021_2022,3,22,1,2021-03,2022-12,0.0117805776991,0.0105221416189,1.11959885409,22,-0.00884244091416,0.0324035963124
zero_on_common,unknown_return_zero_scenario,value,common_lowDS_minus_unconditional,early_2021_2022,6,22,1,2021-03,2022-12,0.0117805776991,0.00871838446389,1.35123402139,22,-0.00530714185348,0.0288682972517
zero_on_common,unknown_return_zero_scenario,value,common_lowDS_minus_unconditional,middle_2023,3,12,1,2023-01,2023-12,-0.00129889296072,0.00987211369943,-0.131571920692,12,-0.0206478802629,0.0180500943414
zero_on_common,unknown_return_zero_scenario,value,common_lowDS_minus_unconditional,middle_2023,6,12,1,2023-01,2023-12,-0.00129889296072,0.00661111789721,-0.196471002472,12,-0.0142564459368,0.0116586600153
zero_on_common,unknown_return_zero_scenario,value,common_unconditional_WML,full,3,34,1,2021-03,2023-12,-0.00451561617782,0.0128771467407,-0.350669000576,34,-0.0297543600132,0.0207231276575
zero_on_common,unknown_return_zero_scenario,value,common_unconditional_WML,full,6,34,1,2021-03,2023-12,-0.00451561617782,0.00985973734437,-0.457985443233,34,-0.0238403462698,0.0148091139142
zero_on_common,unknown_return_zero_scenario,value,common_unconditional_WML,early_2021_2022,3,22,1,2021-03,2022-12,-0.0107741276167,0.016783044477,-0.641965027945,22,-0.0436682903427,0.0221200351092
zero_on_common,unknown_return_zero_scenario,value,common_unconditional_WML,early_2021_2022,6,22,1,2021-03,2022-12,-0.0107741276167,0.0141528747396,-0.761267785872,22,-0.038513252384,0.0169649971505
zero_on_common,unknown_return_zero_scenario,value,common_unconditional_WML,middle_2023,3,12,1,2023-01,2023-12,0.00695832146015,0.0150933017516,0.461020496023,12,-0.0226240063808,0.0365406493011
zero_on_common,unknown_return_zero_scenario,value,common_unconditional_WML,middle_2023,6,12,1,2023-01,2023-12,0.00695832146015,0.00939778317831,0.740421579018,12,-0.0114609951039,0.0253776380242
zero_on_common,unknown_return_zero_scenario,value,highDS_WML,full,3,34,1,2021-03,2023-12,-0.011102870565,0.00857171786893,-1.29529118139,34,-0.0279031288738,0.00569738774371
zero_on_common,unknown_return_zero_scenario,value,highDS_WML,full,6,34,1,2021-03,2023-12,-0.011102870565,0.0076684452093,-1.44786462731,34,-0.0261327469927,0.00392700586262
zero_on_common,unknown_return_zero_scenario,value,highDS_WML,early_2021_2022,3,22,1,2021-03,2022-12,-0.0205939692914,0.0066310293389,-3.10569720611,22,-0.0335905479761,-0.00759739060677
zero_on_common,unknown_return_zero_scenario,value,highDS_WML,early_2021_2022,6,22,1,2021-03,2022-12,-0.0205939692914,0.00458527492713,-4.49132704554,22,-0.0295809430078,-0.0116069955751
zero_on_common,unknown_return_zero_scenario,value,highDS_WML,middle_2023,3,12,1,2023-01,2023-12,0.00629747710009,0.016090307915,0.391383255893,12,-0.0252389469135,0.0378339011137
zero_on_common,unknown_return_zero_scenario,value,highDS_WML,middle_2023,6,12,1,2023-01,2023-12,0.00629747710009,0.0126706798333,0.497011777029,12,-0.0185365990327,0.0311315532329
zero_on_common,unknown_return_zero_scenario,value,highDS_minus_unconditional,full,3,34,1,2021-03,2023-12,-0.0065872543872,0.0105861062803,-0.622254699962,34,-0.0273356414331,0.0141611326587
zero_on_common,unknown_return_zero_scenario,value,highDS_minus_unconditional,full,6,34,1,2021-03,2023-12,-0.0065872543872,0.00974343514954,-0.676071045386,34,-0.025684036366,0.0125095275916
zero_on_common,unknown_return_zero_scenario,value,highDS_minus_unconditional,early_2021_2022,3,22,1,2021-03,2022-12,-0.00981984167473,0.0155292115089,-0.632346443933,22,-0.0402565369405,0.020616853591
zero_on_common,unknown_return_zero_scenario,value,highDS_minus_unconditional,early_2021_2022,6,22,1,2021-03,2022-12,-0.00981984167473,0.0136261572549,-0.72066111458,22,-0.0365266191419,0.0168869357925
zero_on_common,unknown_return_zero_scenario,value,highDS_minus_unconditional,middle_2023,3,12,1,2023-01,2023-12,-0.000660844360061,0.00600811009048,-0.109992052427,12,-0.0124365237526,0.0111148350324
zero_on_common,unknown_return_zero_scenario,value,highDS_minus_unconditional,middle_2023,6,12,1,2023-01,2023-12,-0.000660844360061,0.00621609814479,-0.106311764176,12,-0.0128441728482,0.0115224841281
zero_on_common,unknown_return_zero_scenario,value,lowDS_WML,full,3,34,1,2021-03,2023-12,0.002648677759,0.0131196595009,0.20188616624,34,-0.0230653823521,0.0283627378701
zero_on_common,unknown_return_zero_scenario,value,lowDS_WML,full,6,34,1,2021-03,2023-12,0.002648677759,0.0105007907657,0.252236028515,34,-0.0179324939509,0.0232298494689
zero_on_common,unknown_return_zero_scenario,value,lowDS_WML,early_2021_2022,3,22,1,2021-03,2022-12,0.00100645008241,0.0191508607074,0.0525537780149,22,-0.036528547177,0.0385414473418
zero_on_common,unknown_return_zero_scenario,value,lowDS_WML,early_2021_2022,6,22,1,2021-03,2022-12,0.00100645008241,0.0162488210893,0.061939883323,22,-0.0308406540439,0.0328535542087
zero_on_common,unknown_return_zero_scenario,value,lowDS_WML,middle_2023,3,12,1,2023-01,2023-12,0.00565942849943,0.0113360995575,0.499239484511,12,-0.0165589183584,0.0278777753572
zero_on_common,unknown_return_zero_scenario,value,lowDS_WML,middle_2023,6,12,1,2023-01,2023-12,0.00565942849943,0.00857269909079,0.660168803255,12,-0.0111427529688,0.0224616099677
zero_on_common,unknown_return_zero_scenario,value,lowDS_minus_highDS,full,3,34,1,2021-03,2023-12,0.013751548324,0.0128364400197,1.07128988278,34,-0.0114074118042,0.0389105084523
zero_on_common,unknown_return_zero_scenario,value,lowDS_minus_highDS,full,6,34,1,2021-03,2023-12,0.013751548324,0.0118854850373,1.15700354515,34,-0.0095435742879,0.037046670936
zero_on_common,unknown_return_zero_scenario,value,lowDS_minus_highDS,early_2021_2022,3,22,1,2021-03,2022-12,0.0216004193739,0.0184810420701,1.16878795535,22,-0.0146217574804,0.0578225962281
zero_on_common,unknown_return_zero_scenario,value,lowDS_minus_highDS,early_2021_2022,6,22,1,2021-03,2022-12,0.0216004193739,0.0152645613005,1.41506977821,22,-0.00831757101485,0.0515184097626
zero_on_common,unknown_return_zero_scenario,value,lowDS_minus_highDS,middle_2023,3,12,1,2023-01,2023-12,-0.000638048600664,0.00825122273288,-0.0773277635716,12,-0.0168101479855,0.0155340507842
zero_on_common,unknown_return_zero_scenario,value,lowDS_minus_highDS,middle_2023,6,12,1,2023-01,2023-12,-0.000638048600664,0.00762858882764,-0.0836391389129,12,-0.0155898079557,0.0143137107544
zero_on_common,unknown_return_zero_scenario,value,lowDS_minus_unconditional,full,3,34,1,2021-03,2023-12,0.00716429393682,0.00799952203886,0.89559024927,34,-0.00851448115287,0.0228430690265
zero_on_common,unknown_return_zero_scenario,value,lowDS_minus_unconditional,full,6,34,1,2021-03,2023-12,0.00716429393682,0.00681237762153,1.05165836876,34,-0.00618772085046,0.0205163087241
zero_on_common,unknown_return_zero_scenario,value,lowDS_minus_unconditional,early_2021_2022,3,22,1,2021-03,2022-12,0.0117805776991,0.0105221416189,1.11959885409,22,-0.00884244091416,0.0324035963124
zero_on_common,unknown_return_zero_scenario,value,lowDS_minus_unconditional,early_2021_2022,6,22,1,2021-03,2022-12,0.0117805776991,0.00871838446389,1.35123402139,22,-0.00530714185348,0.0288682972517
zero_on_common,unknown_return_zero_scenario,value,lowDS_minus_unconditional,middle_2023,3,12,1,2023-01,2023-12,-0.00129889296072,0.00987211369943,-0.131571920692,12,-0.0206478802629,0.0180500943414
zero_on_common,unknown_return_zero_scenario,value,lowDS_minus_unconditional,middle_2023,6,12,1,2023-01,2023-12,-0.00129889296072,0.00661111789721,-0.196471002472,12,-0.0142564459368,0.0116586600153
zero_on_common,unknown_return_zero_scenario,value,unconditional_WML,full,3,34,1,2021-03,2023-12,-0.00451561617782,0.0128771467407,-0.350669000576,34,-0.0297543600132,0.0207231276575
zero_on_common,unknown_return_zero_scenario,value,unconditional_WML,full,6,34,1,2021-03,2023-12,-0.00451561617782,0.00985973734437,-0.457985443233,34,-0.0238403462698,0.0148091139142
zero_on_common,unknown_return_zero_scenario,value,unconditional_WML,early_2021_2022,3,22,1,2021-03,2022-12,-0.0107741276167,0.016783044477,-0.641965027945,22,-0.0436682903427,0.0221200351092
zero_on_common,unknown_return_zero_scenario,value,unconditional_WML,early_2021_2022,6,22,1,2021-03,2022-12,-0.0107741276167,0.0141528747396,-0.761267785872,22,-0.038513252384,0.0169649971505
zero_on_common,unknown_return_zero_scenario,value,unconditional_WML,middle_2023,3,12,1,2023-01,2023-12,0.00695832146015,0.0150933017516,0.461020496023,12,-0.0226240063808,0.0365406493011
zero_on_common,unknown_return_zero_scenario,value,unconditional_WML,middle_2023,6,12,1,2023-01,2023-12,0.00695832146015,0.00939778317831,0.740421579018,12,-0.0114609951039,0.0253776380242
zero_rf_matched,complete,equal,WML_DS1,full,3,34,1,2021-03,2023-12,0.00275155393344,0.0128993237175,0.213309937303,34,-0.0225306559778,0.0280337638447
zero_rf_matched,complete,equal,WML_DS1,full,6,34,1,2021-03,2023-12,0.00275155393344,0.0116560533623,0.236062228605,34,-0.0200938908585,0.0255969987254
zero_rf_matched,complete,equal,WML_DS1,early_2021_2022,3,22,1,2021-03,2022-12,0.00711714773693,0.018477332468,0.385182641989,22,-0.0290977584307,0.0433320539046
zero_rf_matched,complete,equal,WML_DS1,early_2021_2022,6,22,1,2021-03,2022-12,0.00711714773693,0.0164652462209,0.432252736548,22,-0.0251541418527,0.0393884373265
zero_rf_matched,complete,equal,WML_DS1,middle_2023,3,12,1,2023-01,2023-12,-0.00525203470631,0.00921924908416,-0.569681397949,12,-0.0233214308758,0.0128173614632
zero_rf_matched,complete,equal,WML_DS1,middle_2023,6,12,1,2023-01,2023-12,-0.00525203470631,0.0067893360462,-0.773571181418,12,-0.0185588888358,0.00805481942319
zero_rf_matched,complete,equal,WML_DS2,full,3,34,0.970588235294,2021-03,2023-12,-0.00228779626527,0.0142043199296,-0.161063414272,33,-0.0301277517521,0.0255521592216
zero_rf_matched,complete,equal,WML_DS2,full,6,34,0.970588235294,2021-03,2023-12,-0.00228779626527,0.0121866696225,-0.187729407307,33,-0.0261732298168,0.0215976372862
zero_rf_matched,complete,equal,WML_DS2,early_2021_2022,3,22,1,2021-03,2022-12,-0.00305627315514,0.0192596561028,-0.158687836315,22,-0.0408045054713,0.0346919591611
zero_rf_matched,complete,equal,WML_DS2,early_2021_2022,6,22,1,2021-03,2022-12,-0.00305627315514,0.0174390433929,-0.175254633312,22,-0.0372361701301,0.0311236238198
zero_rf_matched,complete,equal,WML_DS2,middle_2023,3,12,0.916666666667,2023-01,2023-12,-0.000750842485547,0.0137277944897,-0.0546950557941,11,-0.0276568252726,0.0261551403015
zero_rf_matched,complete,equal,WML_DS2,middle_2023,6,12,0.916666666667,2023-01,2023-12,-0.000750842485547,0.0085697588681,-0.0876153573401,11,-0.0175472612232,0.0160455762521
zero_rf_matched,complete,equal,WML_DS3,full,3,34,0.911764705882,2021-03,2023-12,0.00562390848405,0.0176860073949,0.317986324358,31,-0.0290400290402,0.0402878460083
zero_rf_matched,complete,equal,WML_DS3,full,6,34,0.911764705882,2021-03,2023-12,0.00562390848405,0.0155112284228,0.362570154391,31,-0.0247775405807,0.0360253575488
zero_rf_matched,complete,equal,WML_DS3,early_2021_2022,3,22,0.954545454545,2021-03,2022-12,-0.00354881681739,0.0217113675828,-0.163454319672,21,-0.0461023153348,0.0390046817
zero_rf_matched,complete,equal,WML_DS3,early_2021_2022,6,22,0.954545454545,2021-03,2022-12,-0.00354881681739,0.0187599784811,-0.189169556935,21,-0.0403176989911,0.0332200653564
zero_rf_matched,complete,equal,WML_DS3,middle_2023,3,12,0.833333333333,2023-01,2023-12,0.0248866316171,0.0237139587488,1.04945074252,10,-0.0215918734614,0.0713651366955
zero_rf_matched,complete,equal,WML_DS3,middle_2023,6,12,0.833333333333,2023-01,2023-12,0.0248866316171,0.0193641854489,1.28518866352,10,-0.0130664744526,0.0628397376868
zero_rf_matched,complete,equal,WML_DS4,full,3,34,0.735294117647,2021-03,2023-12,-0.0168471353121,0.017081994951,-0.986251041544,25,-0.0503272302001,0.016632959576
zero_rf_matched,complete,equal,WML_DS4,full,6,34,0.735294117647,2021-03,2023-12,-0.0168471353121,0.0138308852687,-1.21808076524,25,-0.043955172313,0.0102609016889
zero_rf_matched,complete,equal,WML_DS4,early_2021_2022,3,22,0.818181818182,2021-03,2022-12,-0.0206798534058,0.0148904239838,-1.38880218779,18,-0.0498645481287,0.00850484131705
zero_rf_matched,complete,equal,WML_DS4,early_2021_2022,6,22,0.818181818182,2021-03,2022-12,-0.0206798534058,0.0143987664074,-1.43622396674,18,-0.0489009169861,0.00754121017444
zero_rf_matched,complete,equal,WML_DS4,middle_2023,3,12,0.583333333333,2023-01,2023-12,-0.00699157449959,0.0420843041351,-0.166132591313,7,-0.0894752949189,0.0754921459197
zero_rf_matched,complete,equal,WML_DS4,middle_2023,6,12,0.583333333333,2023-01,2023-12,-0.00699157449959,0.026704421531,-0.261813366429,7,-0.0593312789284,0.0453481299292
zero_rf_matched,complete,equal,WML_DS5,full,3,34,0.705882352941,2021-04,2023-12,-0.0113916829697,0.00621104834,-1.83409987269,24,-0.0235651140223,0.000781748082969
zero_rf_matched,complete,equal,WML_DS5,full,6,34,0.705882352941,2021-04,2023-12,-0.0113916829697,0.00577790214472,-1.97159499838,24,-0.0227161630795,-6.72028598326e-05
zero_rf_matched,complete,equal,WML_DS5,early_2021_2022,3,22,0.772727272727,2021-04,2022-12,-0.0145684348772,0.00754239869636,-1.93153868732,17,-0.0293512646791,0.000214394924715
zero_rf_matched,complete,equal,WML_DS5,early_2021_2022,6,22,0.772727272727,2021-04,2022-12,-0.0145684348772,0.00695076028719,-2.09594839633,17,-0.0281916747052,-0.000945195049123
zero_rf_matched,complete,equal,WML_DS5,middle_2023,3,12,0.583333333333,2023-01,2023-12,-0.00367671405143,0.0103459267344,-0.355377932381,7,-0.0239543578375,0.0166009297346
zero_rf_matched,complete,equal,WML_DS5,middle_2023,6,12,0.583333333333,2023-01,2023-12,-0.00367671405143,0.00887559296985,-0.414249962106,7,-0.0210725566138,0.0137191285109
zero_rf_matched,complete,equal,common_highDS_WML,full,3,34,0.617647058824,2021-06,2023-12,-0.00869499480877,0.00597868295658,-1.45433281409,21,-0.0204129980787,0.00302300846111
zero_rf_matched,complete,equal,common_highDS_WML,full,6,34,0.617647058824,2021-06,2023-12,-0.00869499480877,0.00545530484911,-1.59386048063,21,-0.0193871958377,0.00199720622017
zero_rf_matched,complete,equal,common_highDS_WML,early_2021_2022,3,22,0.681818181818,2021-06,2022-12,-0.00809084543788,0.00745708637972,-1.08498749054,15,-0.0227064661717,0.00652477529598
zero_rf_matched,complete,equal,common_highDS_WML,early_2021_2022,6,22,0.681818181818,2021-06,2022-12,-0.00809084543788,0.00728114547266,-1.11120502512,15,-0.0223616283305,0.00617993745473
zero_rf_matched,complete,equal,common_highDS_WML,middle_2023,3,12,0.5,2023-01,2023-12,-0.010205368236,0.00997260173271,-1.02334059953,6,-0.0297513084643,0.00934057199225
zero_rf_matched,complete,equal,common_highDS_WML,middle_2023,6,12,0.5,2023-01,2023-12,-0.010205368236,0.0084252380715,-1.21128544374,6,-0.0267185314173,0.0063077949453
zero_rf_matched,complete,equal,common_highDS_minus_unconditional,full,3,34,0.617647058824,2021-06,2023-12,0.00295411541384,0.01769346687,0.166960801722,21,-0.031724442413,0.0376326732407
zero_rf_matched,complete,equal,common_highDS_minus_unconditional,full,6,34,0.617647058824,2021-06,2023-12,0.00295411541384,0.0176168182046,0.167687228166,21,-0.0315742137894,0.0374824446171
zero_rf_matched,complete,equal,common_highDS_minus_unconditional,early_2021_2022,3,22,0.681818181818,2021-06,2022-12,0.00667007908891,0.0206118363737,0.323604310065,15,-0.0337283778589,0.0470685360367
zero_rf_matched,complete,equal,common_highDS_minus_unconditional,early_2021_2022,6,22,0.681818181818,2021-06,2022-12,0.00667007908891,0.0204637396595,0.325946244425,15,-0.0334381136327,0.0467782718105
zero_rf_matched,complete,equal,common_highDS_minus_unconditional,middle_2023,3,12,0.5,2023-01,2023-12,-0.00633579377381,0.0283205385146,-0.223717277499,6,-0.0618430292853,0.0491714417376
zero_rf_matched,complete,equal,common_highDS_minus_unconditional,middle_2023,6,12,0.5,2023-01,2023-12,-0.00633579377381,0.0240461915533,-0.263484292711,6,-0.0534654631836,0.040793875636
zero_rf_matched,complete,equal,common_lowDS_WML,full,3,34,0.617647058824,2021-06,2023-12,-0.00395209924359,0.0209141947002,-0.188967316229,21,-0.0449431676217,0.0370389691345
zero_rf_matched,complete,equal,common_lowDS_WML,full,6,34,0.617647058824,2021-06,2023-12,-0.00395209924359,0.0229681825531,-0.172068435735,21,-0.0489689098379,0.0410647113508
zero_rf_matched,complete,equal,common_lowDS_WML,early_2021_2022,3,22,0.681818181818,2021-06,2022-12,0.00427583377642,0.0277013053702,0.154354956175,15,-0.0500177270739,0.0585693946268
zero_rf_matched,complete,equal,common_lowDS_WML,early_2021_2022,6,22,0.681818181818,2021-06,2022-12,0.00427583377642,0.0296589326188,0.144166812453,15,-0.0538546059764,0.0624062735293
zero_rf_matched,complete,equal,common_lowDS_WML,middle_2023,3,12,0.5,2023-01,2023-12,-0.0245219317936,0.0115595510812,-2.12135675697,6,-0.0471782355902,-0.00186562799706
zero_rf_matched,complete,equal,common_lowDS_WML,middle_2023,6,12,0.5,2023-01,2023-12,-0.0245219317936,0.0102764006144,-2.38623743017,6,-0.0446633068886,-0.00438055669862
zero_rf_matched,complete,equal,common_lowDS_minus_highDS,full,3,34,0.617647058824,2021-06,2023-12,0.00474289556518,0.0247918101613,0.191308965918,21,-0.0438481594625,0.0533339505929
zero_rf_matched,complete,equal,common_lowDS_minus_highDS,full,6,34,0.617647058824,2021-06,2023-12,0.00474289556518,0.0269363088907,0.176078154748,21,-0.048051299737,0.0575370908674
zero_rf_matched,complete,equal,common_lowDS_minus_highDS,early_2021_2022,3,22,0.681818181818,2021-06,2022-12,0.0123666792143,0.0335825269523,0.368247429143,15,-0.053453864122,0.0781872225506
zero_rf_matched,complete,equal,common_lowDS_minus_highDS,early_2021_2022,6,22,0.681818181818,2021-06,2022-12,0.0123666792143,0.0359468834256,0.344026464489,15,-0.0580879176563,0.0828212760849
zero_rf_matched,complete,equal,common_lowDS_minus_highDS,middle_2023,3,12,0.5,2023-01,2023-12,-0.0143165635576,0.0108531546509,-1.31911541097,6,-0.0355883557919,0.00695522867674
zero_rf_matched,complete,equal,common_lowDS_minus_highDS,middle_2023,6,12,0.5,2023-01,2023-12,-0.0143165635576,0.00836768741047,-1.71093431857,6,-0.030716929516,0.0020838024008
zero_rf_matched,complete,equal,common_lowDS_minus_unconditional,full,3,34,0.617647058824,2021-06,2023-12,0.00769701097903,0.015449212508,0.498213807016,21,-0.0225828891262,0.0379769110843
zero_rf_matched,complete,equal,common_lowDS_minus_unconditional,full,6,34,0.617647058824,2021-06,2023-12,0.00769701097903,0.0164550179286,0.467760716666,21,-0.024554231526,0.039948253484
zero_rf_matched,complete,equal,common_lowDS_minus_unconditional,early_2021_2022,3,22,0.681818181818,2021-06,2022-12,0.0190367583032,0.0166262741144,1.14498041908,15,-0.0135501401581,0.0516236567645
zero_rf_matched,complete,equal,common_lowDS_minus_unconditional,early_2021_2022,6,22,0.681818181818,2021-06,2022-12,0.0190367583032,0.017254081295,1.1033191497,15,-0.0147806196213,0.0528541362277
zero_rf_matched,complete,equal,common_lowDS_minus_unconditional,middle_2023,3,12,0.5,2023-01,2023-12,-0.0206523573314,0.0226660923417,-0.91115649844,6,-0.0650770819915,0.0237723673286
zero_rf_matched,complete,equal,common_lowDS_minus_unconditional,middle_2023,6,12,0.5,2023-01,2023-12,-0.0206523573314,0.0194971532868,-1.05924988267,6,-0.0588660755745,0.0175613609117
zero_rf_matched,complete,equal,common_unconditional_WML,full,3,34,0.617647058824,2021-06,2023-12,-0.0116491102226,0.0156207818028,-0.745744378845,21,-0.0422652799665,0.0189670595213
zero_rf_matched,complete,equal,common_unconditional_WML,full,6,34,0.617647058824,2021-06,2023-12,-0.0116491102226,0.0150889242879,-0.772030530497,21,-0.0412228583923,0.0179246379471
zero_rf_matched,complete,equal,common_unconditional_WML,early_2021_2022,3,22,0.681818181818,2021-06,2022-12,-0.0147609245268,0.0168430108092,-0.876382773481,15,-0.0477726191041,0.0182507700506
zero_rf_matched,complete,equal,common_unconditional_WML,early_2021_2022,6,22,0.681818181818,2021-06,2022-12,-0.0147609245268,0.0151849349107,-0.972076904746,15,-0.0445228500594,0.0150010010058
zero_rf_matched,complete,equal,common_unconditional_WML,middle_2023,3,12,0.5,2023-01,2023-12,-0.00386957446222,0.0272165593685,-0.142177209463,6,-0.0572130506076,0.0494739016832
zero_rf_matched,complete,equal,common_unconditional_WML,middle_2023,6,12,0.5,2023-01,2023-12,-0.00386957446222,0.0252929222807,-0.152990406536,6,-0.0534427911962,0.0457036422717
zero_rf_matched,complete,equal,highDS_WML,full,3,34,0.705882352941,2021-04,2023-12,-0.0113916829697,0.00621104834,-1.83409987269,24,-0.0235651140223,0.000781748082969
zero_rf_matched,complete,equal,highDS_WML,full,6,34,0.705882352941,2021-04,2023-12,-0.0113916829697,0.00577790214472,-1.97159499838,24,-0.0227161630795,-6.72028598326e-05
zero_rf_matched,complete,equal,highDS_WML,early_2021_2022,3,22,0.772727272727,2021-04,2022-12,-0.0145684348772,0.00754239869636,-1.93153868732,17,-0.0293512646791,0.000214394924715
zero_rf_matched,complete,equal,highDS_WML,early_2021_2022,6,22,0.772727272727,2021-04,2022-12,-0.0145684348772,0.00695076028719,-2.09594839633,17,-0.0281916747052,-0.000945195049123
zero_rf_matched,complete,equal,highDS_WML,middle_2023,3,12,0.583333333333,2023-01,2023-12,-0.00367671405143,0.0103459267344,-0.355377932381,7,-0.0239543578375,0.0166009297346
zero_rf_matched,complete,equal,highDS_WML,middle_2023,6,12,0.583333333333,2023-01,2023-12,-0.00367671405143,0.00887559296985,-0.414249962106,7,-0.0210725566138,0.0137191285109
zero_rf_matched,complete,equal,highDS_minus_unconditional,full,3,34,0.617647058824,2021-06,2023-12,0.00295411541384,0.01769346687,0.166960801722,21,-0.031724442413,0.0376326732407
zero_rf_matched,complete,equal,highDS_minus_unconditional,full,6,34,0.617647058824,2021-06,2023-12,0.00295411541384,0.0176168182046,0.167687228166,21,-0.0315742137894,0.0374824446171
zero_rf_matched,complete,equal,highDS_minus_unconditional,early_2021_2022,3,22,0.681818181818,2021-06,2022-12,0.00667007908891,0.0206118363737,0.323604310065,15,-0.0337283778589,0.0470685360367
zero_rf_matched,complete,equal,highDS_minus_unconditional,early_2021_2022,6,22,0.681818181818,2021-06,2022-12,0.00667007908891,0.0204637396595,0.325946244425,15,-0.0334381136327,0.0467782718105
zero_rf_matched,complete,equal,highDS_minus_unconditional,middle_2023,3,12,0.5,2023-01,2023-12,-0.00633579377381,0.0283205385146,-0.223717277499,6,-0.0618430292853,0.0491714417376
zero_rf_matched,complete,equal,highDS_minus_unconditional,middle_2023,6,12,0.5,2023-01,2023-12,-0.00633579377381,0.0240461915533,-0.263484292711,6,-0.0534654631836,0.040793875636
zero_rf_matched,complete,equal,lowDS_WML,full,3,34,1,2021-03,2023-12,0.00275155393344,0.0128993237175,0.213309937303,34,-0.0225306559778,0.0280337638447
zero_rf_matched,complete,equal,lowDS_WML,full,6,34,1,2021-03,2023-12,0.00275155393344,0.0116560533623,0.236062228605,34,-0.0200938908585,0.0255969987254
zero_rf_matched,complete,equal,lowDS_WML,early_2021_2022,3,22,1,2021-03,2022-12,0.00711714773693,0.018477332468,0.385182641989,22,-0.0290977584307,0.0433320539046
zero_rf_matched,complete,equal,lowDS_WML,early_2021_2022,6,22,1,2021-03,2022-12,0.00711714773693,0.0164652462209,0.432252736548,22,-0.0251541418527,0.0393884373265
zero_rf_matched,complete,equal,lowDS_WML,middle_2023,3,12,1,2023-01,2023-12,-0.00525203470631,0.00921924908416,-0.569681397949,12,-0.0233214308758,0.0128173614632
zero_rf_matched,complete,equal,lowDS_WML,middle_2023,6,12,1,2023-01,2023-12,-0.00525203470631,0.0067893360462,-0.773571181418,12,-0.0185588888358,0.00805481942319
zero_rf_matched,complete,equal,lowDS_minus_highDS,full,3,34,0.705882352941,2021-04,2023-12,0.00481702676857,0.0219527441236,0.219427090365,24,-0.0382095610755,0.0478436146127
zero_rf_matched,complete,equal,lowDS_minus_highDS,full,6,34,0.705882352941,2021-04,2023-12,0.00481702676857,0.0234208866558,0.205672263367,24,-0.0410870675628,0.0507211211
zero_rf_matched,complete,equal,lowDS_minus_highDS,early_2021_2022,3,22,0.772727272727,2021-04,2022-12,0.0155437807933,0.0293302796517,0.529956787929,17,-0.0419425109805,0.0730300725671
zero_rf_matched,complete,equal,lowDS_minus_highDS,early_2021_2022,6,22,0.772727272727,2021-04,2022-12,0.0155437807933,0.0300734694042,0.516860245965,17,-0.043399136129,0.0744866977156
zero_rf_matched,complete,equal,lowDS_minus_highDS,middle_2023,3,12,0.583333333333,2023-01,2023-12,-0.0212336615771,0.0133195310859,-1.59417485797,7,-0.0473394627965,0.00487213964231
zero_rf_matched,complete,equal,lowDS_minus_highDS,middle_2023,6,12,0.583333333333,2023-01,2023-12,-0.0212336615771,0.0115555685484,-1.83752633963,7,-0.0438821597529,0.0014148365987
zero_rf_matched,complete,equal,lowDS_minus_unconditional,full,3,34,0.617647058824,2021-06,2023-12,0.00769701097903,0.015449212508,0.498213807016,21,-0.0225828891262,0.0379769110843
zero_rf_matched,complete,equal,lowDS_minus_unconditional,full,6,34,0.617647058824,2021-06,2023-12,0.00769701097903,0.0164550179286,0.467760716666,21,-0.024554231526,0.039948253484
zero_rf_matched,complete,equal,lowDS_minus_unconditional,early_2021_2022,3,22,0.681818181818,2021-06,2022-12,0.0190367583032,0.0166262741144,1.14498041908,15,-0.0135501401581,0.0516236567645
zero_rf_matched,complete,equal,lowDS_minus_unconditional,early_2021_2022,6,22,0.681818181818,2021-06,2022-12,0.0190367583032,0.017254081295,1.1033191497,15,-0.0147806196213,0.0528541362277
zero_rf_matched,complete,equal,lowDS_minus_unconditional,middle_2023,3,12,0.5,2023-01,2023-12,-0.0206523573314,0.0226660923417,-0.91115649844,6,-0.0650770819915,0.0237723673286
zero_rf_matched,complete,equal,lowDS_minus_unconditional,middle_2023,6,12,0.5,2023-01,2023-12,-0.0206523573314,0.0194971532868,-1.05924988267,6,-0.0588660755745,0.0175613609117
zero_rf_matched,complete,equal,unconditional_WML,full,3,34,0.617647058824,2021-06,2023-12,-0.0116491102226,0.0156207818028,-0.745744378845,21,-0.0422652799665,0.0189670595213
zero_rf_matched,complete,equal,unconditional_WML,full,6,34,0.617647058824,2021-06,2023-12,-0.0116491102226,0.0150889242879,-0.772030530497,21,-0.0412228583923,0.0179246379471
zero_rf_matched,complete,equal,unconditional_WML,early_2021_2022,3,22,0.681818181818,2021-06,2022-12,-0.0147609245268,0.0168430108092,-0.876382773481,15,-0.0477726191041,0.0182507700506
zero_rf_matched,complete,equal,unconditional_WML,early_2021_2022,6,22,0.681818181818,2021-06,2022-12,-0.0147609245268,0.0151849349107,-0.972076904746,15,-0.0445228500594,0.0150010010058
zero_rf_matched,complete,equal,unconditional_WML,middle_2023,3,12,0.5,2023-01,2023-12,-0.00386957446222,0.0272165593685,-0.142177209463,6,-0.0572130506076,0.0494739016832
zero_rf_matched,complete,equal,unconditional_WML,middle_2023,6,12,0.5,2023-01,2023-12,-0.00386957446222,0.0252929222807,-0.152990406536,6,-0.0534427911962,0.0457036422717
zero_rf_matched,complete,value,WML_DS1,full,3,34,1,2021-03,2023-12,0.002648677759,0.0131196595009,0.20188616624,34,-0.0230653823521,0.0283627378701
zero_rf_matched,complete,value,WML_DS1,full,6,34,1,2021-03,2023-12,0.002648677759,0.0105007907657,0.252236028515,34,-0.0179324939509,0.0232298494689
zero_rf_matched,complete,value,WML_DS1,early_2021_2022,3,22,1,2021-03,2022-12,0.00100645008241,0.0191508607074,0.0525537780149,22,-0.036528547177,0.0385414473418
zero_rf_matched,complete,value,WML_DS1,early_2021_2022,6,22,1,2021-03,2022-12,0.00100645008241,0.0162488210893,0.061939883323,22,-0.0308406540439,0.0328535542087
zero_rf_matched,complete,value,WML_DS1,middle_2023,3,12,1,2023-01,2023-12,0.00565942849943,0.0113360995575,0.499239484511,12,-0.0165589183584,0.0278777753572
zero_rf_matched,complete,value,WML_DS1,middle_2023,6,12,1,2023-01,2023-12,0.00565942849943,0.00857269909079,0.660168803255,12,-0.0111427529688,0.0224616099677
zero_rf_matched,complete,value,WML_DS2,full,3,34,0.970588235294,2021-03,2023-12,-0.0102825073313,0.0141909434935,-0.724582360295,33,-0.0380962454852,0.0175312308226
zero_rf_matched,complete,value,WML_DS2,full,6,34,0.970588235294,2021-03,2023-12,-0.0102825073313,0.0119286942604,-0.861997726394,33,-0.0336623184643,0.0130973038017
zero_rf_matched,complete,value,WML_DS2,early_2021_2022,3,22,1,2021-03,2022-12,-0.011442307171,0.0206920460523,-0.552980944564,22,-0.0519979721999,0.029113357858
zero_rf_matched,complete,value,WML_DS2,early_2021_2022,6,22,1,2021-03,2022-12,-0.011442307171,0.0171886712617,-0.665688871277,22,-0.045131483786,0.0222468694441
zero_rf_matched,complete,value,WML_DS2,middle_2023,3,12,0.916666666667,2023-01,2023-12,-0.00796290765206,0.00900800701001,-0.883981067423,11,-0.0256182769642,0.00969246166004
zero_rf_matched,complete,value,WML_DS2,middle_2023,6,12,0.916666666667,2023-01,2023-12,-0.00796290765206,0.00751321643757,-1.05985335551,11,-0.0226885412777,0.00676272597363
zero_rf_matched,complete,value,WML_DS3,full,3,34,0.911764705882,2021-03,2023-12,0.00295429550783,0.0173232235498,0.170539593819,31,-0.030998598746,0.0369071897617
zero_rf_matched,complete,value,WML_DS3,full,6,34,0.911764705882,2021-03,2023-12,0.00295429550783,0.0135588230934,0.217887311271,31,-0.0236205094281,0.0295291004437
zero_rf_matched,complete,value,WML_DS3,early_2021_2022,3,22,0.954545454545,2021-03,2022-12,-0.00615026274886,0.0225734276254,-0.272455864964,21,-0.0503933679022,0.0380928424044
zero_rf_matched,complete,value,WML_DS3,early_2021_2022,6,22,0.954545454545,2021-03,2022-12,-0.00615026274886,0.018044011886,-0.340847855107,21,-0.041515876182,0.0292153506843
zero_rf_matched,complete,value,WML_DS3,middle_2023,3,12,0.833333333333,2023-01,2023-12,0.0220738678469,0.0151537049404,1.45666475186,10,-0.00762684806872,0.0517745837625
zero_rf_matched,complete,value,WML_DS3,middle_2023,6,12,0.833333333333,2023-01,2023-12,0.0220738678469,0.00921995032992,2.39414173146,10,0.00400309726098,0.0401446384328
zero_rf_matched,complete,value,WML_DS4,full,3,34,0.735294117647,2021-03,2023-12,-0.0318835953886,0.0167701698566,-1.90120885246,25,-0.0647525243221,0.000985333544854
zero_rf_matched,complete,value,WML_DS4,full,6,34,0.735294117647,2021-03,2023-12,-0.0318835953886,0.0133826390066,-2.38245949644,25,-0.0581130858596,-0.0056541049176
zero_rf_matched,complete,value,WML_DS4,early_2021_2022,3,22,0.818181818182,2021-03,2022-12,-0.0302897494062,0.0190559299406,-1.58951830221,18,-0.0676386857818,0.00705918696935
zero_rf_matched,complete,value,WML_DS4,early_2021_2022,6,22,0.818181818182,2021-03,2022-12,-0.0302897494062,0.0170466709476,-1.77687183024,18,-0.0637006105199,0.00312111170746
zero_rf_matched,complete,value,WML_DS4,middle_2023,3,12,0.583333333333,2023-01,2023-12,-0.0359820564862,0.0309827936621,-1.16135610231,7,-0.0967072162043,0.024743103232
zero_rf_matched,complete,value,WML_DS4,middle_2023,6,12,0.583333333333,2023-01,2023-12,-0.0359820564862,0.0188731141061,-1.90652460871,7,-0.0729726804102,0.00100856743789
zero_rf_matched,complete,value,WML_DS5,full,3,34,0.705882352941,2021-04,2023-12,-0.0135213547964,0.00673285302745,-2.00826525417,24,-0.0267175042434,-0.000325205349427
zero_rf_matched,complete,value,WML_DS5,full,6,34,0.705882352941,2021-04,2023-12,-0.0135213547964,0.00622582430017,-2.17181760109,24,-0.0257237461988,-0.00131896339401
zero_rf_matched,complete,value,WML_DS5,early_2021_2022,3,22,0.772727272727,2021-04,2022-12,-0.0200561547868,0.00723083303897,-2.77369905773,17,-0.0342283271214,-0.00588398245217
zero_rf_matched,complete,value,WML_DS5,early_2021_2022,6,22,0.772727272727,2021-04,2022-12,-0.0200561547868,0.00506071024891,-3.96311067031,17,-0.0299749646108,-0.0101373449627
zero_rf_matched,complete,value,WML_DS5,middle_2023,3,12,0.583333333333,2023-01,2023-12,0.00234887375157,0.00895846276228,0.262196072463,7,-0.0152093906193,0.0199071381225
zero_rf_matched,complete,value,WML_DS5,middle_2023,6,12,0.583333333333,2023-01,2023-12,0.00234887375157,0.00782799206673,0.300060824226,7,-0.0129937087705,0.0176914562736
zero_rf_matched,complete,value,common_highDS_WML,full,3,34,0.617647058824,2021-06,2023-12,-0.00928176815415,0.00776258073079,-1.19570648938,21,-0.0244961468136,0.00593261050529
zero_rf_matched,complete,value,common_highDS_WML,full,6,34,0.617647058824,2021-06,2023-12,-0.00928176815415,0.00697252857588,-1.3311911243,21,-0.0229476730441,0.00438413673576
zero_rf_matched,complete,value,common_highDS_WML,early_2021_2022,3,22,0.681818181818,2021-06,2022-12,-0.0135003160186,0.00892990204639,-1.51181009024,15,-0.031002602415,0.00400197037784
zero_rf_matched,complete,value,common_highDS_WML,early_2021_2022,6,22,0.681818181818,2021-06,2022-12,-0.0135003160186,0.00713220919827,-1.89286596106,15,-0.0274791891774,0.000478557140249
zero_rf_matched,complete,value,common_highDS_WML,middle_2023,3,12,0.5,2023-01,2023-12,0.00126460150688,0.0103986361034,0.121612247443,6,-0.0191163507442,0.021645553758
zero_rf_matched,complete,value,common_highDS_WML,middle_2023,6,12,0.5,2023-01,2023-12,0.00126460150688,0.00908703188253,0.139165518865,6,-0.0165456537092,0.019074856723
zero_rf_matched,complete,value,common_highDS_minus_unconditional,full,3,34,0.617647058824,2021-06,2023-12,0.00291222559438,0.0157254275521,0.185192140864,21,-0.0279090460493,0.0337334972381
zero_rf_matched,complete,value,common_highDS_minus_unconditional,full,6,34,0.617647058824,2021-06,2023-12,0.00291222559438,0.0149539578182,0.194746142111,21,-0.0263969931556,0.0322214443444
zero_rf_matched,complete,value,common_highDS_minus_unconditional,early_2021_2022,3,22,0.681818181818,2021-06,2022-12,0.000837774094623,0.0212026843457,0.0395126428788,15,-0.0407187235984,0.0423942717877
zero_rf_matched,complete,value,common_highDS_minus_unconditional,early_2021_2022,6,22,0.681818181818,2021-06,2022-12,0.000837774094623,0.0202574835478,0.0413562766889,15,-0.0388661640764,0.0405417122657
zero_rf_matched,complete,value,common_highDS_minus_unconditional,middle_2023,3,12,0.5,2023-01,2023-12,0.00809835434377,0.0125721223016,0.644151731069,6,-0.0165425525766,0.0327392612641
zero_rf_matched,complete,value,common_highDS_minus_unconditional,middle_2023,6,12,0.5,2023-01,2023-12,0.00809835434377,0.00971585650239,0.833519344566,6,-0.0109443744799,0.0271410831674
zero_rf_matched,complete,value,common_lowDS_WML,full,3,34,0.617647058824,2021-06,2023-12,-0.00158045883921,0.0204683469792,-0.0772147765921,21,-0.0416976817416,0.0385367640631
zero_rf_matched,complete,value,common_lowDS_WML,full,6,34,0.617647058824,2021-06,2023-12,-0.00158045883921,0.0206213527963,-0.0766418602514,21,-0.0419975676325,0.038836649954
zero_rf_matched,complete,value,common_lowDS_WML,early_2021_2022,3,22,0.681818181818,2021-06,2022-12,0.00117348682192,0.0284039226387,0.0413142521493,15,-0.0544971785695,0.0568441522134
zero_rf_matched,complete,value,common_lowDS_WML,early_2021_2022,6,22,0.681818181818,2021-06,2022-12,0.00117348682192,0.0285960595472,0.0410366617116,15,-0.0548737599903,0.0572207336341
zero_rf_matched,complete,value,common_lowDS_WML,middle_2023,3,12,0.5,2023-01,2023-12,-0.00846532299204,0.00896269384485,-0.944506544414,6,-0.0260318801324,0.00910123414832
zero_rf_matched,complete,value,common_lowDS_WML,middle_2023,6,12,0.5,2023-01,2023-12,-0.00846532299204,0.00692936823009,-1.22165870119,6,-0.0220466351586,0.00511598917455
zero_rf_matched,complete,value,common_lowDS_minus_highDS,full,3,34,0.617647058824,2021-06,2023-12,0.00770130931494,0.0208067320453,0.370135458954,21,-0.0330791361299,0.0484817547598
zero_rf_matched,complete,value,common_lowDS_minus_highDS,full,6,34,0.617647058824,2021-06,2023-12,0.00770130931494,0.0217162722202,0.354633117363,21,-0.0348618021151,0.050264420745
zero_rf_matched,complete,value,common_lowDS_minus_highDS,early_2021_2022,3,22,0.681818181818,2021-06,2022-12,0.0146738028405,0.0280487951164,0.52315269799,15,-0.0403008253973,0.0696484310783
zero_rf_matched,complete,value,common_lowDS_minus_highDS,early_2021_2022,6,22,0.681818181818,2021-06,2022-12,0.0146738028405,0.0291395350702,0.503570245892,15,-0.0424386364234,0.0717862421044
zero_rf_matched,complete,value,common_lowDS_minus_highDS,middle_2023,3,12,0.5,2023-01,2023-12,-0.00972992449892,0.015334437429,-0.634514604398,6,-0.0397848695829,0.0203250205851
zero_rf_matched,complete,value,common_lowDS_minus_highDS,middle_2023,6,12,0.5,2023-01,2023-12,-0.00972992449892,0.013058399267,-0.74510851598,6,-0.035323916758,0.0158640677602
zero_rf_matched,complete,value,common_lowDS_minus_unconditional,full,3,34,0.617647058824,2021-06,2023-12,0.0106135349093,0.0104391454291,1.01670534063,21,-0.00984681416108,0.0310738839797
zero_rf_matched,complete,value,common_lowDS_minus_unconditional,full,6,34,0.617647058824,2021-06,2023-12,0.0106135349093,0.0108013240728,0.982614245974,21,-0.0105566712587,0.0317837410774
zero_rf_matched,complete,value,common_lowDS_minus_unconditional,early_2021_2022,3,22,0.681818181818,2021-06,2022-12,0.0155115769351,0.0126981385643,1.22156305482,15,-0.00937631732167,0.0403994711919
zero_rf_matched,complete,value,common_lowDS_minus_unconditional,early_2021_2022,6,22,0.681818181818,2021-06,2022-12,0.0155115769351,0.0128783767381,1.20446677796,15,-0.00972957765086,0.0407527315211
zero_rf_matched,complete,value,common_lowDS_minus_unconditional,middle_2023,3,12,0.5,2023-01,2023-12,-0.00163157015515,0.0117063216706,-0.139375134313,6,-0.0245755390209,0.0213123987106
zero_rf_matched,complete,value,common_lowDS_minus_unconditional,middle_2023,6,12,0.5,2023-01,2023-12,-0.00163157015515,0.0119510027129,-0.13652161198,6,-0.0250551050517,0.0217919647414
zero_rf_matched,complete,value,common_unconditional_WML,full,3,34,0.617647058824,2021-06,2023-12,-0.0121939937485,0.0174673362882,-0.698102649844,21,-0.0464293437793,0.0220413562822
zero_rf_matched,complete,value,common_unconditional_WML,full,6,34,0.617647058824,2021-06,2023-12,-0.0121939937485,0.0156477863322,-0.779279157426,21,-0.0428630913974,0.0184751039003
zero_rf_matched,complete,value,common_unconditional_WML,early_2021_2022,3,22,0.681818181818,2021-06,2022-12,-0.0143380901132,0.0231015249082,-0.620655570147,15,-0.0596162469212,0.0309400666949
zero_rf_matched,complete,value,common_unconditional_WML,early_2021_2022,6,22,0.681818181818,2021-06,2022-12,-0.0143380901132,0.0201475888733,-0.711652903152,15,-0.0538266386802,0.0251504584538
zero_rf_matched,complete,value,common_unconditional_WML,middle_2023,3,12,0.5,2023-01,2023-12,-0.00683375283689,0.0119791631527,-0.570469969377,6,-0.0303124811812,0.0166449755074
zero_rf_matched,complete,value,common_unconditional_WML,middle_2023,6,12,0.5,2023-01,2023-12,-0.00683375283689,0.0111927953473,-0.610549252879,6,-0.0287712286038,0.0151037229301
zero_rf_matched,complete,value,highDS_WML,full,3,34,0.705882352941,2021-04,2023-12,-0.0135213547964,0.00673285302745,-2.00826525417,24,-0.0267175042434,-0.000325205349427
zero_rf_matched,complete,value,highDS_WML,full,6,34,0.705882352941,2021-04,2023-12,-0.0135213547964,0.00622582430017,-2.17181760109,24,-0.0257237461988,-0.00131896339401
zero_rf_matched,complete,value,highDS_WML,early_2021_2022,3,22,0.772727272727,2021-04,2022-12,-0.0200561547868,0.00723083303897,-2.77369905773,17,-0.0342283271214,-0.00588398245217
zero_rf_matched,complete,value,highDS_WML,early_2021_2022,6,22,0.772727272727,2021-04,2022-12,-0.0200561547868,0.00506071024891,-3.96311067031,17,-0.0299749646108,-0.0101373449627
zero_rf_matched,complete,value,highDS_WML,middle_2023,3,12,0.583333333333,2023-01,2023-12,0.00234887375157,0.00895846276228,0.262196072463,7,-0.0152093906193,0.0199071381225
zero_rf_matched,complete,value,highDS_WML,middle_2023,6,12,0.583333333333,2023-01,2023-12,0.00234887375157,0.00782799206673,0.300060824226,7,-0.0129937087705,0.0176914562736
zero_rf_matched,complete,value,highDS_minus_unconditional,full,3,34,0.617647058824,2021-06,2023-12,0.00291222559438,0.0157254275521,0.185192140864,21,-0.0279090460493,0.0337334972381
zero_rf_matched,complete,value,highDS_minus_unconditional,full,6,34,0.617647058824,2021-06,2023-12,0.00291222559438,0.0149539578182,0.194746142111,21,-0.0263969931556,0.0322214443444
zero_rf_matched,complete,value,highDS_minus_unconditional,early_2021_2022,3,22,0.681818181818,2021-06,2022-12,0.000837774094623,0.0212026843457,0.0395126428788,15,-0.0407187235984,0.0423942717877
zero_rf_matched,complete,value,highDS_minus_unconditional,early_2021_2022,6,22,0.681818181818,2021-06,2022-12,0.000837774094623,0.0202574835478,0.0413562766889,15,-0.0388661640764,0.0405417122657
zero_rf_matched,complete,value,highDS_minus_unconditional,middle_2023,3,12,0.5,2023-01,2023-12,0.00809835434377,0.0125721223016,0.644151731069,6,-0.0165425525766,0.0327392612641
zero_rf_matched,complete,value,highDS_minus_unconditional,middle_2023,6,12,0.5,2023-01,2023-12,0.00809835434377,0.00971585650239,0.833519344566,6,-0.0109443744799,0.0271410831674
zero_rf_matched,complete,value,lowDS_WML,full,3,34,1,2021-03,2023-12,0.002648677759,0.0131196595009,0.20188616624,34,-0.0230653823521,0.0283627378701
zero_rf_matched,complete,value,lowDS_WML,full,6,34,1,2021-03,2023-12,0.002648677759,0.0105007907657,0.252236028515,34,-0.0179324939509,0.0232298494689
zero_rf_matched,complete,value,lowDS_WML,early_2021_2022,3,22,1,2021-03,2022-12,0.00100645008241,0.0191508607074,0.0525537780149,22,-0.036528547177,0.0385414473418
zero_rf_matched,complete,value,lowDS_WML,early_2021_2022,6,22,1,2021-03,2022-12,0.00100645008241,0.0162488210893,0.061939883323,22,-0.0308406540439,0.0328535542087
zero_rf_matched,complete,value,lowDS_WML,middle_2023,3,12,1,2023-01,2023-12,0.00565942849943,0.0113360995575,0.499239484511,12,-0.0165589183584,0.0278777753572
zero_rf_matched,complete,value,lowDS_WML,middle_2023,6,12,1,2023-01,2023-12,0.00565942849943,0.00857269909079,0.660168803255,12,-0.0111427529688,0.0224616099677
zero_rf_matched,complete,value,lowDS_minus_highDS,full,3,34,0.705882352941,2021-04,2023-12,0.0115649281245,0.017735215005,0.652088408362,24,-0.0231954545432,0.0463253107923
zero_rf_matched,complete,value,lowDS_minus_highDS,full,6,34,0.705882352941,2021-04,2023-12,0.0115649281245,0.0175130592915,0.660360245005,24,-0.022760037346,0.0458898935951
zero_rf_matched,complete,value,lowDS_minus_highDS,early_2021_2022,3,22,0.772727272727,2021-04,2022-12,0.0196807529105,0.0237658887882,0.82810927401,17,-0.0268995331748,0.0662610389959
zero_rf_matched,complete,value,lowDS_minus_highDS,early_2021_2022,6,22,0.772727272727,2021-04,2022-12,0.0196807529105,0.0227618581626,0.864637358247,17,-0.0249316693095,0.0642931751305
zero_rf_matched,complete,value,lowDS_minus_highDS,middle_2023,3,12,0.583333333333,2023-01,2023-12,-0.00814493207004,0.0129785499481,-0.627568727063,7,-0.0335824225398,0.0172925583998
zero_rf_matched,complete,value,lowDS_minus_highDS,middle_2023,6,12,0.583333333333,2023-01,2023-12,-0.00814493207004,0.0112221145256,-0.725792991285,7,-0.0301398723705,0.0138500082304
zero_rf_matched,complete,value,lowDS_minus_unconditional,full,3,34,0.617647058824,2021-06,2023-12,0.0106135349093,0.0104391454291,1.01670534063,21,-0.00984681416108,0.0310738839797
zero_rf_matched,complete,value,lowDS_minus_unconditional,full,6,34,0.617647058824,2021-06,2023-12,0.0106135349093,0.0108013240728,0.982614245974,21,-0.0105566712587,0.0317837410774
zero_rf_matched,complete,value,lowDS_minus_unconditional,early_2021_2022,3,22,0.681818181818,2021-06,2022-12,0.0155115769351,0.0126981385643,1.22156305482,15,-0.00937631732167,0.0403994711919
zero_rf_matched,complete,value,lowDS_minus_unconditional,early_2021_2022,6,22,0.681818181818,2021-06,2022-12,0.0155115769351,0.0128783767381,1.20446677796,15,-0.00972957765086,0.0407527315211
zero_rf_matched,complete,value,lowDS_minus_unconditional,middle_2023,3,12,0.5,2023-01,2023-12,-0.00163157015515,0.0117063216706,-0.139375134313,6,-0.0245755390209,0.0213123987106
zero_rf_matched,complete,value,lowDS_minus_unconditional,middle_2023,6,12,0.5,2023-01,2023-12,-0.00163157015515,0.0119510027129,-0.13652161198,6,-0.0250551050517,0.0217919647414
zero_rf_matched,complete,value,unconditional_WML,full,3,34,0.617647058824,2021-06,2023-12,-0.0121939937485,0.0174673362882,-0.698102649844,21,-0.0464293437793,0.0220413562822
zero_rf_matched,complete,value,unconditional_WML,full,6,34,0.617647058824,2021-06,2023-12,-0.0121939937485,0.0156477863322,-0.779279157426,21,-0.0428630913974,0.0184751039003
zero_rf_matched,complete,value,unconditional_WML,early_2021_2022,3,22,0.681818181818,2021-06,2022-12,-0.0143380901132,0.0231015249082,-0.620655570147,15,-0.0596162469212,0.0309400666949
zero_rf_matched,complete,value,unconditional_WML,early_2021_2022,6,22,0.681818181818,2021-06,2022-12,-0.0143380901132,0.0201475888733,-0.711652903152,15,-0.0538266386802,0.0251504584538
zero_rf_matched,complete,value,unconditional_WML,middle_2023,3,12,0.5,2023-01,2023-12,-0.00683375283689,0.0119791631527,-0.570469969377,6,-0.0303124811812,0.0166449755074
zero_rf_matched,complete,value,unconditional_WML,middle_2023,6,12,0.5,2023-01,2023-12,-0.00683375283689,0.0111927953473,-0.610549252879,6,-0.0287712286038,0.0151037229301
zero_rf_matched,observed_only_selected_sample,equal,WML_DS1,full,3,34,1,2021-03,2023-12,0.00275155393344,0.0128993237175,0.213309937303,34,-0.0225306559778,0.0280337638447
zero_rf_matched,observed_only_selected_sample,equal,WML_DS1,full,6,34,1,2021-03,2023-12,0.00275155393344,0.0116560533623,0.236062228605,34,-0.0200938908585,0.0255969987254
zero_rf_matched,observed_only_selected_sample,equal,WML_DS1,early_2021_2022,3,22,1,2021-03,2022-12,0.00711714773693,0.018477332468,0.385182641989,22,-0.0290977584307,0.0433320539046
zero_rf_matched,observed_only_selected_sample,equal,WML_DS1,early_2021_2022,6,22,1,2021-03,2022-12,0.00711714773693,0.0164652462209,0.432252736548,22,-0.0251541418527,0.0393884373265
zero_rf_matched,observed_only_selected_sample,equal,WML_DS1,middle_2023,3,12,1,2023-01,2023-12,-0.00525203470631,0.00921924908416,-0.569681397949,12,-0.0233214308758,0.0128173614632
zero_rf_matched,observed_only_selected_sample,equal,WML_DS1,middle_2023,6,12,1,2023-01,2023-12,-0.00525203470631,0.0067893360462,-0.773571181418,12,-0.0185588888358,0.00805481942319
zero_rf_matched,observed_only_selected_sample,equal,WML_DS2,full,3,34,1,2021-03,2023-12,-0.00171740597587,0.0137966289026,-0.124480116701,34,-0.028758301733,0.0253234897812
zero_rf_matched,observed_only_selected_sample,equal,WML_DS2,full,6,34,1,2021-03,2023-12,-0.00171740597587,0.0118854715103,-0.144496242693,34,-0.0250125020753,0.0215776901235
zero_rf_matched,observed_only_selected_sample,equal,WML_DS2,early_2021_2022,3,22,1,2021-03,2022-12,-0.00305627315514,0.0192596561028,-0.158687836315,22,-0.0408045054713,0.0346919591611
zero_rf_matched,observed_only_selected_sample,equal,WML_DS2,early_2021_2022,6,22,1,2021-03,2022-12,-0.00305627315514,0.0174390433929,-0.175254633312,22,-0.0372361701301,0.0311236238198
zero_rf_matched,observed_only_selected_sample,equal,WML_DS2,middle_2023,3,12,1,2023-01,2023-12,0.000737183852777,0.0125072394701,0.0589405723412,12,-0.0237765550546,0.0252509227602
zero_rf_matched,observed_only_selected_sample,equal,WML_DS2,middle_2023,6,12,1,2023-01,2023-12,0.000737183852777,0.00798920648962,0.0922724745861,12,-0.0149213731319,0.0163957408375
zero_rf_matched,observed_only_selected_sample,equal,WML_DS3,full,3,34,1,2021-03,2023-12,0.00227156423593,0.0161178303274,0.140934864668,34,-0.0293188027148,0.0338619311867
zero_rf_matched,observed_only_selected_sample,equal,WML_DS3,full,6,34,1,2021-03,2023-12,0.00227156423593,0.0133388844173,0.170296417967,34,-0.0238721688159,0.0284152972878
zero_rf_matched,observed_only_selected_sample,equal,WML_DS3,early_2021_2022,3,22,1,2021-03,2022-12,-0.00492347930534,0.0203057744151,-0.242466955689,22,-0.0447220658371,0.0348751072264
zero_rf_matched,observed_only_selected_sample,equal,WML_DS3,early_2021_2022,6,22,1,2021-03,2022-12,-0.00492347930534,0.0170760236768,-0.2883270367,22,-0.038391870711,0.0285449121003
zero_rf_matched,observed_only_selected_sample,equal,WML_DS3,middle_2023,3,12,1,2023-01,2023-12,0.0154624773949,0.0234430691044,0.659575643703,12,-0.0304850937368,0.0614100485267
zero_rf_matched,observed_only_selected_sample,equal,WML_DS3,middle_2023,6,12,1,2023-01,2023-12,0.0154624773949,0.0180735390193,0.855531248109,12,-0.0199610081561,0.050885962946
zero_rf_matched,observed_only_selected_sample,equal,WML_DS4,full,3,34,0.852941176471,2021-03,2023-12,-0.0148534091354,0.0158127709421,-0.939329937159,29,-0.0458458706777,0.016139052407
zero_rf_matched,observed_only_selected_sample,equal,WML_DS4,full,6,34,0.852941176471,2021-03,2023-12,-0.0148534091354,0.0118838011037,-1.24988705262,29,-0.038145231298,0.00843841302724
zero_rf_matched,observed_only_selected_sample,equal,WML_DS4,early_2021_2022,3,22,0.863636363636,2021-03,2022-12,-0.0205810748395,0.0141648879814,-1.45296417921,19,-0.048343745128,0.00718159544906
zero_rf_matched,observed_only_selected_sample,equal,WML_DS4,early_2021_2022,6,22,0.863636363636,2021-03,2022-12,-0.0205810748395,0.0137021708739,-1.50203022783,19,-0.0474368362624,0.00627468658339
zero_rf_matched,observed_only_selected_sample,equal,WML_DS4,middle_2023,3,12,0.833333333333,2023-01,2023-12,-0.00397084429755,0.0333170289687,-0.119183625325,10,-0.069271021148,0.0613293325529
zero_rf_matched,observed_only_selected_sample,equal,WML_DS4,middle_2023,6,12,0.833333333333,2023-01,2023-12,-0.00397084429755,0.018735879971,-0.211937966282,10,-0.0406924942594,0.0327508056643
zero_rf_matched,observed_only_selected_sample,equal,WML_DS5,full,3,34,1,2021-03,2023-12,-0.0114736800599,0.00498864391787,-2.29995971827,34,-0.0212512424706,-0.00169611764915
zero_rf_matched,observed_only_selected_sample,equal,WML_DS5,full,6,34,1,2021-03,2023-12,-0.0114736800599,0.00390145830156,-2.94086958595,34,-0.0191203978181,-0.00382696230165
zero_rf_matched,observed_only_selected_sample,equal,WML_DS5,early_2021_2022,3,22,1,2021-03,2022-12,-0.0138798890949,0.00550224379337,-2.52258707832,22,-0.0246640887641,-0.00309568942577
zero_rf_matched,observed_only_selected_sample,equal,WML_DS5,early_2021_2022,6,22,1,2021-03,2022-12,-0.0138798890949,0.00388208500463,-3.57536969912,22,-0.0214886358889,-0.00627114230095
zero_rf_matched,observed_only_selected_sample,equal,WML_DS5,middle_2023,3,12,1,2023-01,2023-12,-0.00706229682894,0.00929629464034,-0.759689435649,12,-0.0252826995137,0.0111581058558
zero_rf_matched,observed_only_selected_sample,equal,WML_DS5,middle_2023,6,12,1,2023-01,2023-12,-0.00706229682894,0.0075552761612,-0.934750322591,12,-0.0218703659981,0.00774577234026
zero_rf_matched,observed_only_selected_sample,equal,common_highDS_WML,full,3,34,1,2021-03,2023-12,-0.0114736800599,0.00498864391787,-2.29995971827,34,-0.0212512424706,-0.00169611764915
zero_rf_matched,observed_only_selected_sample,equal,common_highDS_WML,full,6,34,1,2021-03,2023-12,-0.0114736800599,0.00390145830156,-2.94086958595,34,-0.0191203978181,-0.00382696230165
zero_rf_matched,observed_only_selected_sample,equal,common_highDS_WML,early_2021_2022,3,22,1,2021-03,2022-12,-0.0138798890949,0.00550224379337,-2.52258707832,22,-0.0246640887641,-0.00309568942577
zero_rf_matched,observed_only_selected_sample,equal,common_highDS_WML,early_2021_2022,6,22,1,2021-03,2022-12,-0.0138798890949,0.00388208500463,-3.57536969912,22,-0.0214886358889,-0.00627114230095
zero_rf_matched,observed_only_selected_sample,equal,common_highDS_WML,middle_2023,3,12,1,2023-01,2023-12,-0.00706229682894,0.00929629464034,-0.759689435649,12,-0.0252826995137,0.0111581058558
zero_rf_matched,observed_only_selected_sample,equal,common_highDS_WML,middle_2023,6,12,1,2023-01,2023-12,-0.00706229682894,0.0075552761612,-0.934750322591,12,-0.0218703659981,0.00774577234026
zero_rf_matched,observed_only_selected_sample,equal,common_highDS_minus_unconditional,full,3,34,1,2021-03,2023-12,-0.0063509996117,0.0113599974821,-0.559066991141,34,-0.0286161855411,0.0159141863177
zero_rf_matched,observed_only_selected_sample,equal,common_highDS_minus_unconditional,full,6,34,1,2021-03,2023-12,-0.0063509996117,0.0107726839604,-0.589546638056,34,-0.0274650721909,0.0147630729675
zero_rf_matched,observed_only_selected_sample,equal,common_highDS_minus_unconditional,early_2021_2022,3,22,1,2021-03,2022-12,-0.00363522886947,0.0151243154393,-0.240356588968,22,-0.0332783424213,0.0260078846824
zero_rf_matched,observed_only_selected_sample,equal,common_highDS_minus_unconditional,early_2021_2022,6,22,1,2021-03,2022-12,-0.00363522886947,0.0142818643953,-0.25453461599,22,-0.0316271687163,0.0243567109773
zero_rf_matched,observed_only_selected_sample,equal,common_highDS_minus_unconditional,middle_2023,3,12,1,2023-01,2023-12,-0.0113299126391,0.0133173909192,-0.850760686373,12,-0.0374315192088,0.0147716939306
zero_rf_matched,observed_only_selected_sample,equal,common_highDS_minus_unconditional,middle_2023,6,12,1,2023-01,2023-12,-0.0113299126391,0.0113082145228,-1.00191879242,12,-0.0334936058332,0.010833780555
zero_rf_matched,observed_only_selected_sample,equal,common_lowDS_WML,full,3,34,1,2021-03,2023-12,0.00275155393344,0.0128993237175,0.213309937303,34,-0.0225306559778,0.0280337638447
zero_rf_matched,observed_only_selected_sample,equal,common_lowDS_WML,full,6,34,1,2021-03,2023-12,0.00275155393344,0.0116560533623,0.236062228605,34,-0.0200938908585,0.0255969987254
zero_rf_matched,observed_only_selected_sample,equal,common_lowDS_WML,early_2021_2022,3,22,1,2021-03,2022-12,0.00711714773693,0.018477332468,0.385182641989,22,-0.0290977584307,0.0433320539046
zero_rf_matched,observed_only_selected_sample,equal,common_lowDS_WML,early_2021_2022,6,22,1,2021-03,2022-12,0.00711714773693,0.0164652462209,0.432252736548,22,-0.0251541418527,0.0393884373265
zero_rf_matched,observed_only_selected_sample,equal,common_lowDS_WML,middle_2023,3,12,1,2023-01,2023-12,-0.00525203470631,0.00921924908416,-0.569681397949,12,-0.0233214308758,0.0128173614632
zero_rf_matched,observed_only_selected_sample,equal,common_lowDS_WML,middle_2023,6,12,1,2023-01,2023-12,-0.00525203470631,0.0067893360462,-0.773571181418,12,-0.0185588888358,0.00805481942319
zero_rf_matched,observed_only_selected_sample,equal,common_lowDS_minus_highDS,full,3,34,1,2021-03,2023-12,0.0142252339933,0.0149285586966,0.952887300271,34,-0.0150342033931,0.0434846713797
zero_rf_matched,observed_only_selected_sample,equal,common_lowDS_minus_highDS,full,6,34,1,2021-03,2023-12,0.0142252339933,0.0140093490506,1.01541006238,34,-0.0132325855927,0.0416830535794
zero_rf_matched,observed_only_selected_sample,equal,common_lowDS_minus_highDS,early_2021_2022,3,22,1,2021-03,2022-12,0.0209970368319,0.0221028280052,0.949970602264,22,-0.0223237100149,0.0643177836786
zero_rf_matched,observed_only_selected_sample,equal,common_lowDS_minus_highDS,early_2021_2022,6,22,1,2021-03,2022-12,0.0209970368319,0.0195254169828,1.07536944539,22,-0.0172720772375,0.0592661509013
zero_rf_matched,observed_only_selected_sample,equal,common_lowDS_minus_highDS,middle_2023,3,12,1,2023-01,2023-12,0.00181026212264,0.00414366474472,0.436874659067,12,-0.00631117154102,0.00993169578629
zero_rf_matched,observed_only_selected_sample,equal,common_lowDS_minus_highDS,middle_2023,6,12,1,2023-01,2023-12,0.00181026212264,0.00461903390228,0.391913582133,12,-0.00724287796919,0.0108634022145
zero_rf_matched,observed_only_selected_sample,equal,common_lowDS_minus_unconditional,full,3,34,1,2021-03,2023-12,0.00787423438163,0.010119388534,0.778133417368,34,-0.0119594026906,0.0277078714538
zero_rf_matched,observed_only_selected_sample,equal,common_lowDS_minus_unconditional,full,6,34,1,2021-03,2023-12,0.00787423438163,0.00938069362648,0.839408544311,34,-0.0105115872763,0.0262600560395
zero_rf_matched,observed_only_selected_sample,equal,common_lowDS_minus_unconditional,early_2021_2022,3,22,1,2021-03,2022-12,0.0173618079624,0.0124256721814,1.39725301851,22,-0.00699206199677,0.0417156779216
zero_rf_matched,observed_only_selected_sample,equal,common_lowDS_minus_unconditional,early_2021_2022,6,22,1,2021-03,2022-12,0.0173618079624,0.0102019810828,1.70180750401,22,-0.00263370753077,0.0373573234556
zero_rf_matched,observed_only_selected_sample,equal,common_lowDS_minus_unconditional,middle_2023,3,12,1,2023-01,2023-12,-0.00951965051647,0.0137081690942,-0.694450911064,12,-0.036387168235,0.0173478672021
zero_rf_matched,observed_only_selected_sample,equal,common_lowDS_minus_unconditional,middle_2023,6,12,1,2023-01,2023-12,-0.00951965051647,0.0119779268152,-0.794766128007,12,-0.0329959556837,0.0139566546508
zero_rf_matched,observed_only_selected_sample,equal,common_unconditional_WML,full,3,34,1,2021-03,2023-12,-0.00512268044819,0.0106558202128,-0.48074013505,34,-0.0260077042911,0.0157623433947
zero_rf_matched,observed_only_selected_sample,equal,common_unconditional_WML,full,6,34,1,2021-03,2023-12,-0.00512268044819,0.00867339606048,-0.590619915483,34,-0.0221222243504,0.011876863454
zero_rf_matched,observed_only_selected_sample,equal,common_unconditional_WML,early_2021_2022,3,22,1,2021-03,2022-12,-0.0102446602255,0.0123821552885,-0.827372940072,22,-0.0345132386419,0.014023918191
zero_rf_matched,observed_only_selected_sample,equal,common_unconditional_WML,early_2021_2022,6,22,1,2021-03,2022-12,-0.0102446602255,0.0109818296084,-0.932873718747,22,-0.0317686507424,0.0112793302914
zero_rf_matched,observed_only_selected_sample,equal,common_unconditional_WML,middle_2023,3,12,1,2023-01,2023-12,0.00426761581016,0.0158605423696,0.269071240485,12,-0.0268184760096,0.0353537076299
zero_rf_matched,observed_only_selected_sample,equal,common_unconditional_WML,middle_2023,6,12,1,2023-01,2023-12,0.00426761581016,0.0100996540035,0.422550694181,12,-0.015527342293,0.0240625739133
zero_rf_matched,observed_only_selected_sample,equal,highDS_WML,full,3,34,1,2021-03,2023-12,-0.0114736800599,0.00498864391787,-2.29995971827,34,-0.0212512424706,-0.00169611764915
zero_rf_matched,observed_only_selected_sample,equal,highDS_WML,full,6,34,1,2021-03,2023-12,-0.0114736800599,0.00390145830156,-2.94086958595,34,-0.0191203978181,-0.00382696230165
zero_rf_matched,observed_only_selected_sample,equal,highDS_WML,early_2021_2022,3,22,1,2021-03,2022-12,-0.0138798890949,0.00550224379337,-2.52258707832,22,-0.0246640887641,-0.00309568942577
zero_rf_matched,observed_only_selected_sample,equal,highDS_WML,early_2021_2022,6,22,1,2021-03,2022-12,-0.0138798890949,0.00388208500463,-3.57536969912,22,-0.0214886358889,-0.00627114230095
zero_rf_matched,observed_only_selected_sample,equal,highDS_WML,middle_2023,3,12,1,2023-01,2023-12,-0.00706229682894,0.00929629464034,-0.759689435649,12,-0.0252826995137,0.0111581058558
zero_rf_matched,observed_only_selected_sample,equal,highDS_WML,middle_2023,6,12,1,2023-01,2023-12,-0.00706229682894,0.0075552761612,-0.934750322591,12,-0.0218703659981,0.00774577234026
zero_rf_matched,observed_only_selected_sample,equal,highDS_minus_unconditional,full,3,34,1,2021-03,2023-12,-0.0063509996117,0.0113599974821,-0.559066991141,34,-0.0286161855411,0.0159141863177
zero_rf_matched,observed_only_selected_sample,equal,highDS_minus_unconditional,full,6,34,1,2021-03,2023-12,-0.0063509996117,0.0107726839604,-0.589546638056,34,-0.0274650721909,0.0147630729675
zero_rf_matched,observed_only_selected_sample,equal,highDS_minus_unconditional,early_2021_2022,3,22,1,2021-03,2022-12,-0.00363522886947,0.0151243154393,-0.240356588968,22,-0.0332783424213,0.0260078846824
zero_rf_matched,observed_only_selected_sample,equal,highDS_minus_unconditional,early_2021_2022,6,22,1,2021-03,2022-12,-0.00363522886947,0.0142818643953,-0.25453461599,22,-0.0316271687163,0.0243567109773
zero_rf_matched,observed_only_selected_sample,equal,highDS_minus_unconditional,middle_2023,3,12,1,2023-01,2023-12,-0.0113299126391,0.0133173909192,-0.850760686373,12,-0.0374315192088,0.0147716939306
zero_rf_matched,observed_only_selected_sample,equal,highDS_minus_unconditional,middle_2023,6,12,1,2023-01,2023-12,-0.0113299126391,0.0113082145228,-1.00191879242,12,-0.0334936058332,0.010833780555
zero_rf_matched,observed_only_selected_sample,equal,lowDS_WML,full,3,34,1,2021-03,2023-12,0.00275155393344,0.0128993237175,0.213309937303,34,-0.0225306559778,0.0280337638447
zero_rf_matched,observed_only_selected_sample,equal,lowDS_WML,full,6,34,1,2021-03,2023-12,0.00275155393344,0.0116560533623,0.236062228605,34,-0.0200938908585,0.0255969987254
zero_rf_matched,observed_only_selected_sample,equal,lowDS_WML,early_2021_2022,3,22,1,2021-03,2022-12,0.00711714773693,0.018477332468,0.385182641989,22,-0.0290977584307,0.0433320539046
zero_rf_matched,observed_only_selected_sample,equal,lowDS_WML,early_2021_2022,6,22,1,2021-03,2022-12,0.00711714773693,0.0164652462209,0.432252736548,22,-0.0251541418527,0.0393884373265
zero_rf_matched,observed_only_selected_sample,equal,lowDS_WML,middle_2023,3,12,1,2023-01,2023-12,-0.00525203470631,0.00921924908416,-0.569681397949,12,-0.0233214308758,0.0128173614632
zero_rf_matched,observed_only_selected_sample,equal,lowDS_WML,middle_2023,6,12,1,2023-01,2023-12,-0.00525203470631,0.0067893360462,-0.773571181418,12,-0.0185588888358,0.00805481942319
zero_rf_matched,observed_only_selected_sample,equal,lowDS_minus_highDS,full,3,34,1,2021-03,2023-12,0.0142252339933,0.0149285586966,0.952887300271,34,-0.0150342033931,0.0434846713797
zero_rf_matched,observed_only_selected_sample,equal,lowDS_minus_highDS,full,6,34,1,2021-03,2023-12,0.0142252339933,0.0140093490506,1.01541006238,34,-0.0132325855927,0.0416830535794
zero_rf_matched,observed_only_selected_sample,equal,lowDS_minus_highDS,early_2021_2022,3,22,1,2021-03,2022-12,0.0209970368319,0.0221028280052,0.949970602264,22,-0.0223237100149,0.0643177836786
zero_rf_matched,observed_only_selected_sample,equal,lowDS_minus_highDS,early_2021_2022,6,22,1,2021-03,2022-12,0.0209970368319,0.0195254169828,1.07536944539,22,-0.0172720772375,0.0592661509013
zero_rf_matched,observed_only_selected_sample,equal,lowDS_minus_highDS,middle_2023,3,12,1,2023-01,2023-12,0.00181026212264,0.00414366474472,0.436874659067,12,-0.00631117154102,0.00993169578629
zero_rf_matched,observed_only_selected_sample,equal,lowDS_minus_highDS,middle_2023,6,12,1,2023-01,2023-12,0.00181026212264,0.00461903390228,0.391913582133,12,-0.00724287796919,0.0108634022145
zero_rf_matched,observed_only_selected_sample,equal,lowDS_minus_unconditional,full,3,34,1,2021-03,2023-12,0.00787423438163,0.010119388534,0.778133417368,34,-0.0119594026906,0.0277078714538
zero_rf_matched,observed_only_selected_sample,equal,lowDS_minus_unconditional,full,6,34,1,2021-03,2023-12,0.00787423438163,0.00938069362648,0.839408544311,34,-0.0105115872763,0.0262600560395
zero_rf_matched,observed_only_selected_sample,equal,lowDS_minus_unconditional,early_2021_2022,3,22,1,2021-03,2022-12,0.0173618079624,0.0124256721814,1.39725301851,22,-0.00699206199677,0.0417156779216
zero_rf_matched,observed_only_selected_sample,equal,lowDS_minus_unconditional,early_2021_2022,6,22,1,2021-03,2022-12,0.0173618079624,0.0102019810828,1.70180750401,22,-0.00263370753077,0.0373573234556
zero_rf_matched,observed_only_selected_sample,equal,lowDS_minus_unconditional,middle_2023,3,12,1,2023-01,2023-12,-0.00951965051647,0.0137081690942,-0.694450911064,12,-0.036387168235,0.0173478672021
zero_rf_matched,observed_only_selected_sample,equal,lowDS_minus_unconditional,middle_2023,6,12,1,2023-01,2023-12,-0.00951965051647,0.0119779268152,-0.794766128007,12,-0.0329959556837,0.0139566546508
zero_rf_matched,observed_only_selected_sample,equal,unconditional_WML,full,3,34,1,2021-03,2023-12,-0.00512268044819,0.0106558202128,-0.48074013505,34,-0.0260077042911,0.0157623433947
zero_rf_matched,observed_only_selected_sample,equal,unconditional_WML,full,6,34,1,2021-03,2023-12,-0.00512268044819,0.00867339606048,-0.590619915483,34,-0.0221222243504,0.011876863454
zero_rf_matched,observed_only_selected_sample,equal,unconditional_WML,early_2021_2022,3,22,1,2021-03,2022-12,-0.0102446602255,0.0123821552885,-0.827372940072,22,-0.0345132386419,0.014023918191
zero_rf_matched,observed_only_selected_sample,equal,unconditional_WML,early_2021_2022,6,22,1,2021-03,2022-12,-0.0102446602255,0.0109818296084,-0.932873718747,22,-0.0317686507424,0.0112793302914
zero_rf_matched,observed_only_selected_sample,equal,unconditional_WML,middle_2023,3,12,1,2023-01,2023-12,0.00426761581016,0.0158605423696,0.269071240485,12,-0.0268184760096,0.0353537076299
zero_rf_matched,observed_only_selected_sample,equal,unconditional_WML,middle_2023,6,12,1,2023-01,2023-12,0.00426761581016,0.0100996540035,0.422550694181,12,-0.015527342293,0.0240625739133
zero_rf_matched,observed_only_selected_sample,value,WML_DS1,full,3,34,1,2021-03,2023-12,0.002648677759,0.0131196595009,0.20188616624,34,-0.0230653823521,0.0283627378701
zero_rf_matched,observed_only_selected_sample,value,WML_DS1,full,6,34,1,2021-03,2023-12,0.002648677759,0.0105007907657,0.252236028515,34,-0.0179324939509,0.0232298494689
zero_rf_matched,observed_only_selected_sample,value,WML_DS1,early_2021_2022,3,22,1,2021-03,2022-12,0.00100645008241,0.0191508607074,0.0525537780149,22,-0.036528547177,0.0385414473418
zero_rf_matched,observed_only_selected_sample,value,WML_DS1,early_2021_2022,6,22,1,2021-03,2022-12,0.00100645008241,0.0162488210893,0.061939883323,22,-0.0308406540439,0.0328535542087
zero_rf_matched,observed_only_selected_sample,value,WML_DS1,middle_2023,3,12,1,2023-01,2023-12,0.00565942849943,0.0113360995575,0.499239484511,12,-0.0165589183584,0.0278777753572
zero_rf_matched,observed_only_selected_sample,value,WML_DS1,middle_2023,6,12,1,2023-01,2023-12,0.00565942849943,0.00857269909079,0.660168803255,12,-0.0111427529688,0.0224616099677
zero_rf_matched,observed_only_selected_sample,value,WML_DS2,full,3,34,1,2021-03,2023-12,-0.00666912640365,0.014301059569,-0.466337922129,34,-0.0346986880997,0.0213604352924
zero_rf_matched,observed_only_selected_sample,value,WML_DS2,full,6,34,1,2021-03,2023-12,-0.00666912640365,0.0125014037605,-0.533470203138,34,-0.0311714275305,0.0178331747232
zero_rf_matched,observed_only_selected_sample,value,WML_DS2,early_2021_2022,3,22,1,2021-03,2022-12,-0.011442307171,0.0206920460523,-0.552980944564,22,-0.0519979721999,0.029113357858
zero_rf_matched,observed_only_selected_sample,value,WML_DS2,early_2021_2022,6,22,1,2021-03,2022-12,-0.011442307171,0.0171886712617,-0.665688871277,22,-0.045131483786,0.0222468694441
zero_rf_matched,observed_only_selected_sample,value,WML_DS2,middle_2023,3,12,1,2023-01,2023-12,0.00208170500308,0.0116874153195,0.178115087568,12,-0.0208252080954,0.0249886181016
zero_rf_matched,observed_only_selected_sample,value,WML_DS2,middle_2023,6,12,1,2023-01,2023-12,0.00208170500308,0.0103999002311,0.200165862828,12,-0.0183017248926,0.0224651348988
zero_rf_matched,observed_only_selected_sample,value,WML_DS3,full,3,34,1,2021-03,2023-12,0.000806492040128,0.0160129583113,0.0503649622041,34,-0.0305783295361,0.0321913136163
zero_rf_matched,observed_only_selected_sample,value,WML_DS3,full,6,34,1,2021-03,2023-12,0.000806492040128,0.0120224912748,0.0670819401481,34,-0.0227571578629,0.0243701419432
zero_rf_matched,observed_only_selected_sample,value,WML_DS3,early_2021_2022,3,22,1,2021-03,2022-12,-0.00567681558599,0.0216754193903,-0.261901072535,22,-0.0481598569409,0.0368062257689
zero_rf_matched,observed_only_selected_sample,value,WML_DS3,early_2021_2022,6,22,1,2021-03,2022-12,-0.00567681558599,0.0174813590066,-0.32473537005,22,-0.0399396496397,0.0285860184677
zero_rf_matched,observed_only_selected_sample,value,WML_DS3,middle_2023,3,12,1,2023-01,2023-12,0.0126925560213,0.0174902335095,0.725693914517,12,-0.0215876717385,0.0469727837812
zero_rf_matched,observed_only_selected_sample,value,WML_DS3,middle_2023,6,12,1,2023-01,2023-12,0.0126925560213,0.00988078520257,1.28456957227,12,-0.00667342711468,0.0320585391574
zero_rf_matched,observed_only_selected_sample,value,WML_DS4,full,3,34,0.852941176471,2021-03,2023-12,-0.0309652541192,0.0152922742097,-2.02489529645,29,-0.0609375608119,-0.000992947426476
zero_rf_matched,observed_only_selected_sample,value,WML_DS4,full,6,34,0.852941176471,2021-03,2023-12,-0.0309652541192,0.0108575303837,-2.85196108367,29,-0.0522456226323,-0.00968488560604
zero_rf_matched,observed_only_selected_sample,value,WML_DS4,early_2021_2022,3,22,0.863636363636,2021-03,2022-12,-0.0343805309437,0.0167711470475,-2.04998088958,19,-0.0672513751363,-0.00150968675115
zero_rf_matched,observed_only_selected_sample,value,WML_DS4,early_2021_2022,6,22,0.863636363636,2021-03,2022-12,-0.0343805309437,0.0139028007777,-2.4729212116,19,-0.0616295197522,-0.00713154213527
zero_rf_matched,observed_only_selected_sample,value,WML_DS4,middle_2023,3,12,0.833333333333,2023-01,2023-12,-0.0244762281526,0.0287914544061,-0.850121282772,10,-0.080906441851,0.0319539855459
zero_rf_matched,observed_only_selected_sample,value,WML_DS4,middle_2023,6,12,0.833333333333,2023-01,2023-12,-0.0244762281526,0.0175485799996,-1.39476972799,10,-0.0588708129315,0.0099183566264
zero_rf_matched,observed_only_selected_sample,value,WML_DS5,full,3,34,1,2021-03,2023-12,-0.0111151147419,0.00857530628263,-1.29617699655,34,-0.0279224062122,0.00569217672848
zero_rf_matched,observed_only_selected_sample,value,WML_DS5,full,6,34,1,2021-03,2023-12,-0.0111151147419,0.00767188002623,-1.44881237765,34,-0.026151723287,0.00392149380325
zero_rf_matched,observed_only_selected_sample,value,WML_DS5,early_2021_2022,3,22,1,2021-03,2022-12,-0.0206089052645,0.00663874134921,-3.10433923848,22,-0.0336205992116,-0.00759721131734
zero_rf_matched,observed_only_selected_sample,value,WML_DS5,early_2021_2022,6,22,1,2021-03,2022-12,-0.0206089052645,0.00459305039617,-4.48697564513,22,-0.0296111186201,-0.0116066919088
zero_rf_matched,observed_only_selected_sample,value,WML_DS5,middle_2023,3,12,1,2023-01,2023-12,0.00629016788287,0.0160921114888,0.390885179192,12,-0.0252497910704,0.0378301268361
zero_rf_matched,observed_only_selected_sample,value,WML_DS5,middle_2023,6,12,1,2023-01,2023-12,0.00629016788287,0.0126712572527,0.496412294171,12,-0.0185450399714,0.0311253757371
zero_rf_matched,observed_only_selected_sample,value,common_highDS_WML,full,3,34,1,2021-03,2023-12,-0.0111151147419,0.00857530628263,-1.29617699655,34,-0.0279224062122,0.00569217672848
zero_rf_matched,observed_only_selected_sample,value,common_highDS_WML,full,6,34,1,2021-03,2023-12,-0.0111151147419,0.00767188002623,-1.44881237765,34,-0.026151723287,0.00392149380325
zero_rf_matched,observed_only_selected_sample,value,common_highDS_WML,early_2021_2022,3,22,1,2021-03,2022-12,-0.0206089052645,0.00663874134921,-3.10433923848,22,-0.0336205992116,-0.00759721131734
zero_rf_matched,observed_only_selected_sample,value,common_highDS_WML,early_2021_2022,6,22,1,2021-03,2022-12,-0.0206089052645,0.00459305039617,-4.48697564513,22,-0.0296111186201,-0.0116066919088
zero_rf_matched,observed_only_selected_sample,value,common_highDS_WML,middle_2023,3,12,1,2023-01,2023-12,0.00629016788287,0.0160921114888,0.390885179192,12,-0.0252497910704,0.0378301268361
zero_rf_matched,observed_only_selected_sample,value,common_highDS_WML,middle_2023,6,12,1,2023-01,2023-12,0.00629016788287,0.0126712572527,0.496412294171,12,-0.0185450399714,0.0311253757371
zero_rf_matched,observed_only_selected_sample,value,common_highDS_minus_unconditional,full,3,34,1,2021-03,2023-12,-0.00659880794911,0.0105885869727,-0.623200051726,34,-0.0273520570629,0.0141544411646
zero_rf_matched,observed_only_selected_sample,value,common_highDS_minus_unconditional,full,6,34,1,2021-03,2023-12,-0.00659880794911,0.00974472711055,-0.677167033438,34,-0.025698122125,0.0125005062267
zero_rf_matched,observed_only_selected_sample,value,common_highDS_minus_unconditional,early_2021_2022,3,22,1,2021-03,2022-12,-0.00983412246816,0.0155327848701,-0.633120367689,22,-0.0402778213931,0.0206095764568
zero_rf_matched,observed_only_selected_sample,value,common_highDS_minus_unconditional,early_2021_2022,6,22,1,2021-03,2022-12,-0.00983412246816,0.01362713758,-0.721657238024,22,-0.0365428213373,0.016874576401
zero_rf_matched,observed_only_selected_sample,value,common_highDS_minus_unconditional,middle_2023,3,12,1,2023-01,2023-12,-0.00066739799753,0.00600807203308,-0.111083554567,12,-0.0124430027989,0.0111082068038
zero_rf_matched,observed_only_selected_sample,value,common_highDS_minus_unconditional,middle_2023,6,12,1,2023-01,2023-12,-0.00066739799753,0.00621660225281,-0.107357358632,12,-0.0128517145193,0.0115169185242
zero_rf_matched,observed_only_selected_sample,value,common_lowDS_WML,full,3,34,1,2021-03,2023-12,0.002648677759,0.0131196595009,0.20188616624,34,-0.0230653823521,0.0283627378701
zero_rf_matched,observed_only_selected_sample,value,common_lowDS_WML,full,6,34,1,2021-03,2023-12,0.002648677759,0.0105007907657,0.252236028515,34,-0.0179324939509,0.0232298494689
zero_rf_matched,observed_only_selected_sample,value,common_lowDS_WML,early_2021_2022,3,22,1,2021-03,2022-12,0.00100645008241,0.0191508607074,0.0525537780149,22,-0.036528547177,0.0385414473418
zero_rf_matched,observed_only_selected_sample,value,common_lowDS_WML,early_2021_2022,6,22,1,2021-03,2022-12,0.00100645008241,0.0162488210893,0.061939883323,22,-0.0308406540439,0.0328535542087
zero_rf_matched,observed_only_selected_sample,value,common_lowDS_WML,middle_2023,3,12,1,2023-01,2023-12,0.00565942849943,0.0113360995575,0.499239484511,12,-0.0165589183584,0.0278777753572
zero_rf_matched,observed_only_selected_sample,value,common_lowDS_WML,middle_2023,6,12,1,2023-01,2023-12,0.00565942849943,0.00857269909079,0.660168803255,12,-0.0111427529688,0.0224616099677
zero_rf_matched,observed_only_selected_sample,value,common_lowDS_minus_highDS,full,3,34,1,2021-03,2023-12,0.0137637925009,0.0128393177594,1.07200341629,34,-0.0114008078935,0.0389283928953
zero_rf_matched,observed_only_selected_sample,value,common_lowDS_minus_highDS,full,6,34,1,2021-03,2023-12,0.0137637925009,0.0118867489527,1.15791059066,34,-0.00953380733977,0.0370613923415
zero_rf_matched,observed_only_selected_sample,value,common_lowDS_minus_highDS,early_2021_2022,3,22,1,2021-03,2022-12,0.0216153553469,0.0184847810606,1.16935955455,22,-0.0146141497939,0.0578448604877
zero_rf_matched,observed_only_selected_sample,value,common_lowDS_minus_highDS,early_2021_2022,6,22,1,2021-03,2022-12,0.0216153553469,0.0152647807629,1.4160278934,22,-0.00830306518036,0.0515337758741
zero_rf_matched,observed_only_selected_sample,value,common_lowDS_minus_highDS,middle_2023,3,12,1,2023-01,2023-12,-0.000630739383443,0.00825352335752,-0.0764206213663,12,-0.0168073479097,0.0155458691428
zero_rf_matched,observed_only_selected_sample,value,common_lowDS_minus_highDS,middle_2023,6,12,1,2023-01,2023-12,-0.000630739383443,0.00762994637096,-0.0826662931529,12,-0.0155851594745,0.0143236807076
zero_rf_matched,observed_only_selected_sample,value,common_lowDS_minus_unconditional,full,3,34,1,2021-03,2023-12,0.00716498455177,0.007999686371,0.895658182019,34,-0.00851411262301,0.0228440817266
zero_rf_matched,observed_only_selected_sample,value,common_lowDS_minus_unconditional,full,6,34,1,2021-03,2023-12,0.00716498455177,0.00681239006552,1.05175782403,34,-0.00618705462528,0.0205170237288
zero_rf_matched,observed_only_selected_sample,value,common_lowDS_minus_unconditional,early_2021_2022,3,22,1,2021-03,2022-12,0.0117812328787,0.0105222902701,1.1196453031,22,-0.00884207708554,0.032404542843
zero_rf_matched,observed_only_selected_sample,value,common_lowDS_minus_unconditional,early_2021_2022,6,22,1,2021-03,2022-12,0.0117812328787,0.00871836878448,1.35131160082,22,-0.00530645594278,0.0288689217002
zero_rf_matched,observed_only_selected_sample,value,common_lowDS_minus_unconditional,middle_2023,3,12,1,2023-01,2023-12,-0.00129813738097,0.00987268110511,-0.131487826574,12,-0.0206482367778,0.0180519620159
zero_rf_matched,observed_only_selected_sample,value,common_lowDS_minus_unconditional,middle_2023,6,12,1,2023-01,2023-12,-0.00129813738097,0.00661139074066,-0.19634860983,12,-0.0142562251204,0.0116599503584
zero_rf_matched,observed_only_selected_sample,value,common_unconditional_WML,full,3,34,1,2021-03,2023-12,-0.00451630679277,0.0128772364002,-0.350720189676,34,-0.0297552263575,0.020722612772
zero_rf_matched,observed_only_selected_sample,value,common_unconditional_WML,full,6,34,1,2021-03,2023-12,-0.00451630679277,0.0098597951351,-0.458052802405,34,-0.0238411501525,0.014808536567
zero_rf_matched,observed_only_selected_sample,value,common_unconditional_WML,early_2021_2022,3,22,1,2021-03,2022-12,-0.0107747827963,0.0167830573539,-0.642003573552,22,-0.0436689707604,0.0221194051677
zero_rf_matched,observed_only_selected_sample,value,common_unconditional_WML,early_2021_2022,6,22,1,2021-03,2022-12,-0.0107747827963,0.0141529918831,-0.761307777558,22,-0.0385141371607,0.016964571568
zero_rf_matched,observed_only_selected_sample,value,common_unconditional_WML,middle_2023,3,12,1,2023-01,2023-12,0.0069575658804,0.0150939181456,0.460951610661,12,-0.0226259700706,0.0365411018314
zero_rf_matched,observed_only_selected_sample,value,common_unconditional_WML,middle_2023,6,12,1,2023-01,2023-12,0.0069575658804,0.00939811308807,0.740315190422,12,-0.0114623972948,0.0253775290556
zero_rf_matched,observed_only_selected_sample,value,highDS_WML,full,3,34,1,2021-03,2023-12,-0.0111151147419,0.00857530628263,-1.29617699655,34,-0.0279224062122,0.00569217672848
zero_rf_matched,observed_only_selected_sample,value,highDS_WML,full,6,34,1,2021-03,2023-12,-0.0111151147419,0.00767188002623,-1.44881237765,34,-0.026151723287,0.00392149380325
zero_rf_matched,observed_only_selected_sample,value,highDS_WML,early_2021_2022,3,22,1,2021-03,2022-12,-0.0206089052645,0.00663874134921,-3.10433923848,22,-0.0336205992116,-0.00759721131734
zero_rf_matched,observed_only_selected_sample,value,highDS_WML,early_2021_2022,6,22,1,2021-03,2022-12,-0.0206089052645,0.00459305039617,-4.48697564513,22,-0.0296111186201,-0.0116066919088
zero_rf_matched,observed_only_selected_sample,value,highDS_WML,middle_2023,3,12,1,2023-01,2023-12,0.00629016788287,0.0160921114888,0.390885179192,12,-0.0252497910704,0.0378301268361
zero_rf_matched,observed_only_selected_sample,value,highDS_WML,middle_2023,6,12,1,2023-01,2023-12,0.00629016788287,0.0126712572527,0.496412294171,12,-0.0185450399714,0.0311253757371
zero_rf_matched,observed_only_selected_sample,value,highDS_minus_unconditional,full,3,34,1,2021-03,2023-12,-0.00659880794911,0.0105885869727,-0.623200051726,34,-0.0273520570629,0.0141544411646
zero_rf_matched,observed_only_selected_sample,value,highDS_minus_unconditional,full,6,34,1,2021-03,2023-12,-0.00659880794911,0.00974472711055,-0.677167033438,34,-0.025698122125,0.0125005062267
zero_rf_matched,observed_only_selected_sample,value,highDS_minus_unconditional,early_2021_2022,3,22,1,2021-03,2022-12,-0.00983412246816,0.0155327848701,-0.633120367689,22,-0.0402778213931,0.0206095764568
zero_rf_matched,observed_only_selected_sample,value,highDS_minus_unconditional,early_2021_2022,6,22,1,2021-03,2022-12,-0.00983412246816,0.01362713758,-0.721657238024,22,-0.0365428213373,0.016874576401
zero_rf_matched,observed_only_selected_sample,value,highDS_minus_unconditional,middle_2023,3,12,1,2023-01,2023-12,-0.00066739799753,0.00600807203308,-0.111083554567,12,-0.0124430027989,0.0111082068038
zero_rf_matched,observed_only_selected_sample,value,highDS_minus_unconditional,middle_2023,6,12,1,2023-01,2023-12,-0.00066739799753,0.00621660225281,-0.107357358632,12,-0.0128517145193,0.0115169185242
zero_rf_matched,observed_only_selected_sample,value,lowDS_WML,full,3,34,1,2021-03,2023-12,0.002648677759,0.0131196595009,0.20188616624,34,-0.0230653823521,0.0283627378701
zero_rf_matched,observed_only_selected_sample,value,lowDS_WML,full,6,34,1,2021-03,2023-12,0.002648677759,0.0105007907657,0.252236028515,34,-0.0179324939509,0.0232298494689
zero_rf_matched,observed_only_selected_sample,value,lowDS_WML,early_2021_2022,3,22,1,2021-03,2022-12,0.00100645008241,0.0191508607074,0.0525537780149,22,-0.036528547177,0.0385414473418
zero_rf_matched,observed_only_selected_sample,value,lowDS_WML,early_2021_2022,6,22,1,2021-03,2022-12,0.00100645008241,0.0162488210893,0.061939883323,22,-0.0308406540439,0.0328535542087
zero_rf_matched,observed_only_selected_sample,value,lowDS_WML,middle_2023,3,12,1,2023-01,2023-12,0.00565942849943,0.0113360995575,0.499239484511,12,-0.0165589183584,0.0278777753572
zero_rf_matched,observed_only_selected_sample,value,lowDS_WML,middle_2023,6,12,1,2023-01,2023-12,0.00565942849943,0.00857269909079,0.660168803255,12,-0.0111427529688,0.0224616099677
zero_rf_matched,observed_only_selected_sample,value,lowDS_minus_highDS,full,3,34,1,2021-03,2023-12,0.0137637925009,0.0128393177594,1.07200341629,34,-0.0114008078935,0.0389283928953
zero_rf_matched,observed_only_selected_sample,value,lowDS_minus_highDS,full,6,34,1,2021-03,2023-12,0.0137637925009,0.0118867489527,1.15791059066,34,-0.00953380733977,0.0370613923415
zero_rf_matched,observed_only_selected_sample,value,lowDS_minus_highDS,early_2021_2022,3,22,1,2021-03,2022-12,0.0216153553469,0.0184847810606,1.16935955455,22,-0.0146141497939,0.0578448604877
zero_rf_matched,observed_only_selected_sample,value,lowDS_minus_highDS,early_2021_2022,6,22,1,2021-03,2022-12,0.0216153553469,0.0152647807629,1.4160278934,22,-0.00830306518036,0.0515337758741
zero_rf_matched,observed_only_selected_sample,value,lowDS_minus_highDS,middle_2023,3,12,1,2023-01,2023-12,-0.000630739383443,0.00825352335752,-0.0764206213663,12,-0.0168073479097,0.0155458691428
zero_rf_matched,observed_only_selected_sample,value,lowDS_minus_highDS,middle_2023,6,12,1,2023-01,2023-12,-0.000630739383443,0.00762994637096,-0.0826662931529,12,-0.0155851594745,0.0143236807076
zero_rf_matched,observed_only_selected_sample,value,lowDS_minus_unconditional,full,3,34,1,2021-03,2023-12,0.00716498455177,0.007999686371,0.895658182019,34,-0.00851411262301,0.0228440817266
zero_rf_matched,observed_only_selected_sample,value,lowDS_minus_unconditional,full,6,34,1,2021-03,2023-12,0.00716498455177,0.00681239006552,1.05175782403,34,-0.00618705462528,0.0205170237288
zero_rf_matched,observed_only_selected_sample,value,lowDS_minus_unconditional,early_2021_2022,3,22,1,2021-03,2022-12,0.0117812328787,0.0105222902701,1.1196453031,22,-0.00884207708554,0.032404542843
zero_rf_matched,observed_only_selected_sample,value,lowDS_minus_unconditional,early_2021_2022,6,22,1,2021-03,2022-12,0.0117812328787,0.00871836878448,1.35131160082,22,-0.00530645594278,0.0288689217002
zero_rf_matched,observed_only_selected_sample,value,lowDS_minus_unconditional,middle_2023,3,12,1,2023-01,2023-12,-0.00129813738097,0.00987268110511,-0.131487826574,12,-0.0206482367778,0.0180519620159
zero_rf_matched,observed_only_selected_sample,value,lowDS_minus_unconditional,middle_2023,6,12,1,2023-01,2023-12,-0.00129813738097,0.00661139074066,-0.19634860983,12,-0.0142562251204,0.0116599503584
zero_rf_matched,observed_only_selected_sample,value,unconditional_WML,full,3,34,1,2021-03,2023-12,-0.00451630679277,0.0128772364002,-0.350720189676,34,-0.0297552263575,0.020722612772
zero_rf_matched,observed_only_selected_sample,value,unconditional_WML,full,6,34,1,2021-03,2023-12,-0.00451630679277,0.0098597951351,-0.458052802405,34,-0.0238411501525,0.014808536567
zero_rf_matched,observed_only_selected_sample,value,unconditional_WML,early_2021_2022,3,22,1,2021-03,2022-12,-0.0107747827963,0.0167830573539,-0.642003573552,22,-0.0436689707604,0.0221194051677
zero_rf_matched,observed_only_selected_sample,value,unconditional_WML,early_2021_2022,6,22,1,2021-03,2022-12,-0.0107747827963,0.0141529918831,-0.761307777558,22,-0.0385141371607,0.016964571568
zero_rf_matched,observed_only_selected_sample,value,unconditional_WML,middle_2023,3,12,1,2023-01,2023-12,0.0069575658804,0.0150939181456,0.460951610661,12,-0.0226259700706,0.0365411018314
zero_rf_matched,observed_only_selected_sample,value,unconditional_WML,middle_2023,6,12,1,2023-01,2023-12,0.0069575658804,0.00939811308807,0.740315190422,12,-0.0114623972948,0.0253775290556
zero_rf_matched,unknown_return_loss100_scenario,equal,WML_DS1,full,3,34,1,2021-03,2023-12,0.00275155393344,0.0128993237175,0.213309937303,34,-0.0225306559778,0.0280337638447
zero_rf_matched,unknown_return_loss100_scenario,equal,WML_DS1,full,6,34,1,2021-03,2023-12,0.00275155393344,0.0116560533623,0.236062228605,34,-0.0200938908585,0.0255969987254
zero_rf_matched,unknown_return_loss100_scenario,equal,WML_DS1,early_2021_2022,3,22,1,2021-03,2022-12,0.00711714773693,0.018477332468,0.385182641989,22,-0.0290977584307,0.0433320539046
zero_rf_matched,unknown_return_loss100_scenario,equal,WML_DS1,early_2021_2022,6,22,1,2021-03,2022-12,0.00711714773693,0.0164652462209,0.432252736548,22,-0.0251541418527,0.0393884373265
zero_rf_matched,unknown_return_loss100_scenario,equal,WML_DS1,middle_2023,3,12,1,2023-01,2023-12,-0.00525203470631,0.00921924908416,-0.569681397949,12,-0.0233214308758,0.0128173614632
zero_rf_matched,unknown_return_loss100_scenario,equal,WML_DS1,middle_2023,6,12,1,2023-01,2023-12,-0.00525203470631,0.0067893360462,-0.773571181418,12,-0.0185588888358,0.00805481942319
zero_rf_matched,unknown_return_loss100_scenario,equal,WML_DS2,full,3,34,1,2021-03,2023-12,-0.00142883190453,0.0138096096765,-0.103466494564,34,-0.0284951695111,0.025637505702
zero_rf_matched,unknown_return_loss100_scenario,equal,WML_DS2,full,6,34,1,2021-03,2023-12,-0.00142883190453,0.0119224364746,-0.119843951995,34,-0.0247963780027,0.0219387141937
zero_rf_matched,unknown_return_loss100_scenario,equal,WML_DS2,early_2021_2022,3,22,1,2021-03,2022-12,-0.00305627315514,0.0192596561028,-0.158687836315,22,-0.0408045054713,0.0346919591611
zero_rf_matched,unknown_return_loss100_scenario,equal,WML_DS2,early_2021_2022,6,22,1,2021-03,2022-12,-0.00305627315514,0.0174390433929,-0.175254633312,22,-0.0372361701301,0.0311236238198
zero_rf_matched,unknown_return_loss100_scenario,equal,WML_DS2,middle_2023,3,12,1,2023-01,2023-12,0.00155481038825,0.0125126605168,0.124258976431,12,-0.0229695535755,0.026079174352
zero_rf_matched,unknown_return_loss100_scenario,equal,WML_DS2,middle_2023,6,12,1,2023-01,2023-12,0.00155481038825,0.00810008845511,0.191949803618,12,-0.0143210712554,0.0174306920319
zero_rf_matched,unknown_return_loss100_scenario,equal,WML_DS3,full,3,34,1,2021-03,2023-12,0.00348862614352,0.0161296330725,0.216286764109,34,-0.0281248737624,0.0351021260494
zero_rf_matched,unknown_return_loss100_scenario,equal,WML_DS3,full,6,34,1,2021-03,2023-12,0.00348862614352,0.0135713442017,0.257058261264,34,-0.0231107197137,0.0300879720007
zero_rf_matched,unknown_return_loss100_scenario,equal,WML_DS3,early_2021_2022,3,22,1,2021-03,2022-12,-0.00437523297902,0.0204640976143,-0.213800435352,22,-0.0444841272791,0.0357336613211
zero_rf_matched,unknown_return_loss100_scenario,equal,WML_DS3,early_2021_2022,6,22,1,2021-03,2022-12,-0.00437523297902,0.0174013154689,-0.251431162595,22,-0.0384811845816,0.0297307186236
zero_rf_matched,unknown_return_loss100_scenario,equal,WML_DS3,middle_2023,3,12,1,2023-01,2023-12,0.0179057012015,0.0226276931454,0.791318014012,12,-0.0264437624167,0.0622551648197
zero_rf_matched,unknown_return_loss100_scenario,equal,WML_DS3,middle_2023,6,12,1,2023-01,2023-12,0.0179057012015,0.0173748382084,1.0305535503,12,-0.0161483559242,0.0519597583272
zero_rf_matched,unknown_return_loss100_scenario,equal,WML_DS4,full,3,34,0.852941176471,2021-03,2023-12,-0.00268392915925,0.0188983748406,-0.142019045652,29,-0.0397240632132,0.0343562048947
zero_rf_matched,unknown_return_loss100_scenario,equal,WML_DS4,full,6,34,0.852941176471,2021-03,2023-12,-0.00268392915925,0.0164437136527,-0.163219161799,29,-0.0349130156905,0.0295451573721
zero_rf_matched,unknown_return_loss100_scenario,equal,WML_DS4,early_2021_2022,3,22,0.863636363636,2021-03,2022-12,-0.0194467889147,0.0148525491335,-1.30932331817,19,-0.048557250295,0.00966367246554
zero_rf_matched,unknown_return_loss100_scenario,equal,WML_DS4,early_2021_2022,6,22,0.863636363636,2021-03,2022-12,-0.0194467889147,0.0144144131022,-1.34912110377,19,-0.0476985194534,0.00880494162392
zero_rf_matched,unknown_return_loss100_scenario,equal,WML_DS4,middle_2023,3,12,0.833333333333,2023-01,2023-12,0.0291655043762,0.0363589056769,0.802155725899,10,-0.0420966412679,0.10042765002
zero_rf_matched,unknown_return_loss100_scenario,equal,WML_DS4,middle_2023,6,12,0.833333333333,2023-01,2023-12,0.0291655043762,0.0209284779744,1.39357981081,10,-0.0118535587049,0.0701845674573
zero_rf_matched,unknown_return_loss100_scenario,equal,WML_DS5,full,3,34,1,2021-03,2023-12,-0.00203091363315,0.0061888395823,-0.32815742049,34,-0.0141608163205,0.0100989890542
zero_rf_matched,unknown_return_loss100_scenario,equal,WML_DS5,full,6,34,1,2021-03,2023-12,-0.00203091363315,0.0059935351243,-0.338850710145,34,-0.0137780266169,0.00971619935056
zero_rf_matched,unknown_return_loss100_scenario,equal,WML_DS5,early_2021_2022,3,22,1,2021-03,2022-12,-0.00349327279865,0.00784750495499,-0.445144389037,22,-0.0188740998789,0.0118875542816
zero_rf_matched,unknown_return_loss100_scenario,equal,WML_DS5,early_2021_2022,6,22,1,2021-03,2022-12,-0.00349327279865,0.00812432778565,-0.429976841263,22,-0.0194166626571,0.0124301170598
zero_rf_matched,unknown_return_loss100_scenario,equal,WML_DS5,middle_2023,3,12,1,2023-01,2023-12,0.000650078170275,0.00949405417061,0.0684721362016,12,-0.0179579260714,0.0192580824119
zero_rf_matched,unknown_return_loss100_scenario,equal,WML_DS5,middle_2023,6,12,1,2023-01,2023-12,0.000650078170275,0.00829249384719,0.0783935667912,12,-0.0156029111122,0.0169030674528
zero_rf_matched,unknown_return_loss100_scenario,equal,common_highDS_WML,full,3,34,1,2021-03,2023-12,-0.00203091363315,0.0061888395823,-0.32815742049,34,-0.0141608163205,0.0100989890542
zero_rf_matched,unknown_return_loss100_scenario,equal,common_highDS_WML,full,6,34,1,2021-03,2023-12,-0.00203091363315,0.0059935351243,-0.338850710145,34,-0.0137780266169,0.00971619935056
zero_rf_matched,unknown_return_loss100_scenario,equal,common_highDS_WML,early_2021_2022,3,22,1,2021-03,2022-12,-0.00349327279865,0.00784750495499,-0.445144389037,22,-0.0188740998789,0.0118875542816
zero_rf_matched,unknown_return_loss100_scenario,equal,common_highDS_WML,early_2021_2022,6,22,1,2021-03,2022-12,-0.00349327279865,0.00812432778565,-0.429976841263,22,-0.0194166626571,0.0124301170598
zero_rf_matched,unknown_return_loss100_scenario,equal,common_highDS_WML,middle_2023,3,12,1,2023-01,2023-12,0.000650078170275,0.00949405417061,0.0684721362016,12,-0.0179579260714,0.0192580824119
zero_rf_matched,unknown_return_loss100_scenario,equal,common_highDS_WML,middle_2023,6,12,1,2023-01,2023-12,0.000650078170275,0.00829249384719,0.0783935667912,12,-0.0156029111122,0.0169030674528
zero_rf_matched,unknown_return_loss100_scenario,equal,common_highDS_minus_unconditional,full,3,34,1,2021-03,2023-12,-0.000486934191923,0.0115538987244,-0.0421445785131,34,-0.0231321595727,0.0221582911889
zero_rf_matched,unknown_return_loss100_scenario,equal,common_highDS_minus_unconditional,full,6,34,1,2021-03,2023-12,-0.000486934191923,0.0116665532423,-0.0417376222275,34,-0.0233529583705,0.0223790899866
zero_rf_matched,unknown_return_loss100_scenario,equal,common_highDS_minus_unconditional,early_2021_2022,3,22,1,2021-03,2022-12,0.00386114888343,0.0153061422645,0.25226140047,22,-0.0261383386972,0.033860636464
zero_rf_matched,unknown_return_loss100_scenario,equal,common_highDS_minus_unconditional,early_2021_2022,6,22,1,2021-03,2022-12,0.00386114888343,0.0157228195762,0.245576110869,22,-0.0269550112214,0.0346773089882
zero_rf_matched,unknown_return_loss100_scenario,equal,common_highDS_minus_unconditional,middle_2023,3,12,1,2023-01,2023-12,-0.00845841983006,0.0139754066281,-0.605236044655,12,-0.0358497134905,0.0189328738304
zero_rf_matched,unknown_return_loss100_scenario,equal,common_highDS_minus_unconditional,middle_2023,6,12,1,2023-01,2023-12,-0.00845841983006,0.0118898380492,-0.711399078358,12,-0.0317620741886,0.0148452345285
zero_rf_matched,unknown_return_loss100_scenario,equal,common_lowDS_WML,full,3,34,1,2021-03,2023-12,0.00275155393344,0.0128993237175,0.213309937303,34,-0.0225306559778,0.0280337638447
zero_rf_matched,unknown_return_loss100_scenario,equal,common_lowDS_WML,full,6,34,1,2021-03,2023-12,0.00275155393344,0.0116560533623,0.236062228605,34,-0.0200938908585,0.0255969987254
zero_rf_matched,unknown_return_loss100_scenario,equal,common_lowDS_WML,early_2021_2022,3,22,1,2021-03,2022-12,0.00711714773693,0.018477332468,0.385182641989,22,-0.0290977584307,0.0433320539046
zero_rf_matched,unknown_return_loss100_scenario,equal,common_lowDS_WML,early_2021_2022,6,22,1,2021-03,2022-12,0.00711714773693,0.0164652462209,0.432252736548,22,-0.0251541418527,0.0393884373265
zero_rf_matched,unknown_return_loss100_scenario,equal,common_lowDS_WML,middle_2023,3,12,1,2023-01,2023-12,-0.00525203470631,0.00921924908416,-0.569681397949,12,-0.0233214308758,0.0128173614632
zero_rf_matched,unknown_return_loss100_scenario,equal,common_lowDS_WML,middle_2023,6,12,1,2023-01,2023-12,-0.00525203470631,0.0067893360462,-0.773571181418,12,-0.0185588888358,0.00805481942319
zero_rf_matched,unknown_return_loss100_scenario,equal,common_lowDS_minus_highDS,full,3,34,1,2021-03,2023-12,0.00478246756659,0.0147551490171,0.324121942859,34,-0.0241370930934,0.0337020282266
zero_rf_matched,unknown_return_loss100_scenario,equal,common_lowDS_minus_highDS,full,6,34,1,2021-03,2023-12,0.00478246756659,0.0151211846145,0.316275985547,34,-0.0248545096814,0.0344194448146
zero_rf_matched,unknown_return_loss100_scenario,equal,common_lowDS_minus_highDS,early_2021_2022,3,22,1,2021-03,2022-12,0.0106104205356,0.0220719279611,0.480720150695,22,-0.0326497633375,0.0538706044087
zero_rf_matched,unknown_return_loss100_scenario,equal,common_lowDS_minus_highDS,early_2021_2022,6,22,1,2021-03,2022-12,0.0106104205356,0.0219382142332,0.483650146854,22,-0.0323876892466,0.0536085303178
zero_rf_matched,unknown_return_loss100_scenario,equal,common_lowDS_minus_highDS,middle_2023,3,12,1,2023-01,2023-12,-0.00590211287658,0.00382943510183,-1.54124896222,12,-0.0134076677573,0.00160344200414
zero_rf_matched,unknown_return_loss100_scenario,equal,common_lowDS_minus_highDS,middle_2023,6,12,1,2023-01,2023-12,-0.00590211287658,0.00376450030187,-1.56783434807,12,-0.013280397888,0.00147617213488
zero_rf_matched,unknown_return_loss100_scenario,equal,common_lowDS_minus_unconditional,full,3,34,1,2021-03,2023-12,0.00429553337466,0.0101102028034,0.424871138414,34,-0.0155200999963,0.0241111667457
zero_rf_matched,unknown_return_loss100_scenario,equal,common_lowDS_minus_unconditional,full,6,34,1,2021-03,2023-12,0.00429553337466,0.00979794500219,0.438411664253,34,-0.0149080859521,0.0234991527015
zero_rf_matched,unknown_return_loss100_scenario,equal,common_lowDS_minus_unconditional,early_2021_2022,3,22,1,2021-03,2022-12,0.014471569419,0.0123876728693,1.1682234082,22,-0.00980782325703,0.0387509620951
zero_rf_matched,unknown_return_loss100_scenario,equal,common_lowDS_minus_unconditional,early_2021_2022,6,22,1,2021-03,2022-12,0.014471569419,0.01078825851,1.34141848803,22,-0.00667302871653,0.0356161675546
zero_rf_matched,unknown_return_loss100_scenario,equal,common_lowDS_minus_unconditional,middle_2023,3,12,1,2023-01,2023-12,-0.0143605327066,0.012716093033,-1.12931956925,12,-0.0392836170755,0.0105625516622
zero_rf_matched,unknown_return_loss100_scenario,equal,common_lowDS_minus_unconditional,middle_2023,6,12,1,2023-01,2023-12,-0.0143605327066,0.0110052459999,-1.30488066389,12,-0.0359304185075,0.00720935309417
zero_rf_matched,unknown_return_loss100_scenario,equal,common_unconditional_WML,full,3,34,1,2021-03,2023-12,-0.00154397944123,0.0107699015358,-0.143360590261,34,-0.0226525985685,0.0195646396861
zero_rf_matched,unknown_return_loss100_scenario,equal,common_unconditional_WML,full,6,34,1,2021-03,2023-12,-0.00154397944123,0.00881843279709,-0.175085468898,34,-0.0188277901236,0.0157398312412
zero_rf_matched,unknown_return_loss100_scenario,equal,common_unconditional_WML,early_2021_2022,3,22,1,2021-03,2022-12,-0.00735442168208,0.0126314298338,-0.582231922976,22,-0.0321115692296,0.0174027258655
zero_rf_matched,unknown_return_loss100_scenario,equal,common_unconditional_WML,early_2021_2022,6,22,1,2021-03,2022-12,-0.00735442168208,0.0109250234632,-0.673172163599,22,-0.0287670742002,0.014058230836
zero_rf_matched,unknown_return_loss100_scenario,equal,common_unconditional_WML,middle_2023,3,12,1,2023-01,2023-12,0.00910849800034,0.0149874266334,0.607742624742,12,-0.0202663184222,0.0384833144228
zero_rf_matched,unknown_return_loss100_scenario,equal,common_unconditional_WML,middle_2023,6,12,1,2023-01,2023-12,0.00910849800034,0.00946566216587,0.962267387186,12,-0.00944385893459,0.0276608549353
zero_rf_matched,unknown_return_loss100_scenario,equal,highDS_WML,full,3,34,1,2021-03,2023-12,-0.00203091363315,0.0061888395823,-0.32815742049,34,-0.0141608163205,0.0100989890542
zero_rf_matched,unknown_return_loss100_scenario,equal,highDS_WML,full,6,34,1,2021-03,2023-12,-0.00203091363315,0.0059935351243,-0.338850710145,34,-0.0137780266169,0.00971619935056
zero_rf_matched,unknown_return_loss100_scenario,equal,highDS_WML,early_2021_2022,3,22,1,2021-03,2022-12,-0.00349327279865,0.00784750495499,-0.445144389037,22,-0.0188740998789,0.0118875542816
zero_rf_matched,unknown_return_loss100_scenario,equal,highDS_WML,early_2021_2022,6,22,1,2021-03,2022-12,-0.00349327279865,0.00812432778565,-0.429976841263,22,-0.0194166626571,0.0124301170598
zero_rf_matched,unknown_return_loss100_scenario,equal,highDS_WML,middle_2023,3,12,1,2023-01,2023-12,0.000650078170275,0.00949405417061,0.0684721362016,12,-0.0179579260714,0.0192580824119
zero_rf_matched,unknown_return_loss100_scenario,equal,highDS_WML,middle_2023,6,12,1,2023-01,2023-12,0.000650078170275,0.00829249384719,0.0783935667912,12,-0.0156029111122,0.0169030674528
zero_rf_matched,unknown_return_loss100_scenario,equal,highDS_minus_unconditional,full,3,34,1,2021-03,2023-12,-0.000486934191923,0.0115538987244,-0.0421445785131,34,-0.0231321595727,0.0221582911889
zero_rf_matched,unknown_return_loss100_scenario,equal,highDS_minus_unconditional,full,6,34,1,2021-03,2023-12,-0.000486934191923,0.0116665532423,-0.0417376222275,34,-0.0233529583705,0.0223790899866
zero_rf_matched,unknown_return_loss100_scenario,equal,highDS_minus_unconditional,early_2021_2022,3,22,1,2021-03,2022-12,0.00386114888343,0.0153061422645,0.25226140047,22,-0.0261383386972,0.033860636464
zero_rf_matched,unknown_return_loss100_scenario,equal,highDS_minus_unconditional,early_2021_2022,6,22,1,2021-03,2022-12,0.00386114888343,0.0157228195762,0.245576110869,22,-0.0269550112214,0.0346773089882
zero_rf_matched,unknown_return_loss100_scenario,equal,highDS_minus_unconditional,middle_2023,3,12,1,2023-01,2023-12,-0.00845841983006,0.0139754066281,-0.605236044655,12,-0.0358497134905,0.0189328738304
zero_rf_matched,unknown_return_loss100_scenario,equal,highDS_minus_unconditional,middle_2023,6,12,1,2023-01,2023-12,-0.00845841983006,0.0118898380492,-0.711399078358,12,-0.0317620741886,0.0148452345285
zero_rf_matched,unknown_return_loss100_scenario,equal,lowDS_WML,full,3,34,1,2021-03,2023-12,0.00275155393344,0.0128993237175,0.213309937303,34,-0.0225306559778,0.0280337638447
zero_rf_matched,unknown_return_loss100_scenario,equal,lowDS_WML,full,6,34,1,2021-03,2023-12,0.00275155393344,0.0116560533623,0.236062228605,34,-0.0200938908585,0.0255969987254
zero_rf_matched,unknown_return_loss100_scenario,equal,lowDS_WML,early_2021_2022,3,22,1,2021-03,2022-12,0.00711714773693,0.018477332468,0.385182641989,22,-0.0290977584307,0.0433320539046
zero_rf_matched,unknown_return_loss100_scenario,equal,lowDS_WML,early_2021_2022,6,22,1,2021-03,2022-12,0.00711714773693,0.0164652462209,0.432252736548,22,-0.0251541418527,0.0393884373265
zero_rf_matched,unknown_return_loss100_scenario,equal,lowDS_WML,middle_2023,3,12,1,2023-01,2023-12,-0.00525203470631,0.00921924908416,-0.569681397949,12,-0.0233214308758,0.0128173614632
zero_rf_matched,unknown_return_loss100_scenario,equal,lowDS_WML,middle_2023,6,12,1,2023-01,2023-12,-0.00525203470631,0.0067893360462,-0.773571181418,12,-0.0185588888358,0.00805481942319
zero_rf_matched,unknown_return_loss100_scenario,equal,lowDS_minus_highDS,full,3,34,1,2021-03,2023-12,0.00478246756659,0.0147551490171,0.324121942859,34,-0.0241370930934,0.0337020282266
zero_rf_matched,unknown_return_loss100_scenario,equal,lowDS_minus_highDS,full,6,34,1,2021-03,2023-12,0.00478246756659,0.0151211846145,0.316275985547,34,-0.0248545096814,0.0344194448146
zero_rf_matched,unknown_return_loss100_scenario,equal,lowDS_minus_highDS,early_2021_2022,3,22,1,2021-03,2022-12,0.0106104205356,0.0220719279611,0.480720150695,22,-0.0326497633375,0.0538706044087
zero_rf_matched,unknown_return_loss100_scenario,equal,lowDS_minus_highDS,early_2021_2022,6,22,1,2021-03,2022-12,0.0106104205356,0.0219382142332,0.483650146854,22,-0.0323876892466,0.0536085303178
zero_rf_matched,unknown_return_loss100_scenario,equal,lowDS_minus_highDS,middle_2023,3,12,1,2023-01,2023-12,-0.00590211287658,0.00382943510183,-1.54124896222,12,-0.0134076677573,0.00160344200414
zero_rf_matched,unknown_return_loss100_scenario,equal,lowDS_minus_highDS,middle_2023,6,12,1,2023-01,2023-12,-0.00590211287658,0.00376450030187,-1.56783434807,12,-0.013280397888,0.00147617213488
zero_rf_matched,unknown_return_loss100_scenario,equal,lowDS_minus_unconditional,full,3,34,1,2021-03,2023-12,0.00429553337466,0.0101102028034,0.424871138414,34,-0.0155200999963,0.0241111667457
zero_rf_matched,unknown_return_loss100_scenario,equal,lowDS_minus_unconditional,full,6,34,1,2021-03,2023-12,0.00429553337466,0.00979794500219,0.438411664253,34,-0.0149080859521,0.0234991527015
zero_rf_matched,unknown_return_loss100_scenario,equal,lowDS_minus_unconditional,early_2021_2022,3,22,1,2021-03,2022-12,0.014471569419,0.0123876728693,1.1682234082,22,-0.00980782325703,0.0387509620951
zero_rf_matched,unknown_return_loss100_scenario,equal,lowDS_minus_unconditional,early_2021_2022,6,22,1,2021-03,2022-12,0.014471569419,0.01078825851,1.34141848803,22,-0.00667302871653,0.0356161675546
zero_rf_matched,unknown_return_loss100_scenario,equal,lowDS_minus_unconditional,middle_2023,3,12,1,2023-01,2023-12,-0.0143605327066,0.012716093033,-1.12931956925,12,-0.0392836170755,0.0105625516622
zero_rf_matched,unknown_return_loss100_scenario,equal,lowDS_minus_unconditional,middle_2023,6,12,1,2023-01,2023-12,-0.0143605327066,0.0110052459999,-1.30488066389,12,-0.0359304185075,0.00720935309417
zero_rf_matched,unknown_return_loss100_scenario,equal,unconditional_WML,full,3,34,1,2021-03,2023-12,-0.00154397944123,0.0107699015358,-0.143360590261,34,-0.0226525985685,0.0195646396861
zero_rf_matched,unknown_return_loss100_scenario,equal,unconditional_WML,full,6,34,1,2021-03,2023-12,-0.00154397944123,0.00881843279709,-0.175085468898,34,-0.0188277901236,0.0157398312412
zero_rf_matched,unknown_return_loss100_scenario,equal,unconditional_WML,early_2021_2022,3,22,1,2021-03,2022-12,-0.00735442168208,0.0126314298338,-0.582231922976,22,-0.0321115692296,0.0174027258655
zero_rf_matched,unknown_return_loss100_scenario,equal,unconditional_WML,early_2021_2022,6,22,1,2021-03,2022-12,-0.00735442168208,0.0109250234632,-0.673172163599,22,-0.0287670742002,0.014058230836
zero_rf_matched,unknown_return_loss100_scenario,equal,unconditional_WML,middle_2023,3,12,1,2023-01,2023-12,0.00910849800034,0.0149874266334,0.607742624742,12,-0.0202663184222,0.0384833144228
zero_rf_matched,unknown_return_loss100_scenario,equal,unconditional_WML,middle_2023,6,12,1,2023-01,2023-12,0.00910849800034,0.00946566216587,0.962267387186,12,-0.00944385893459,0.0276608549353
zero_rf_matched,unknown_return_loss100_scenario,value,WML_DS1,full,3,34,1,2021-03,2023-12,0.002648677759,0.0131196595009,0.20188616624,34,-0.0230653823521,0.0283627378701
zero_rf_matched,unknown_return_loss100_scenario,value,WML_DS1,full,6,34,1,2021-03,2023-12,0.002648677759,0.0105007907657,0.252236028515,34,-0.0179324939509,0.0232298494689
zero_rf_matched,unknown_return_loss100_scenario,value,WML_DS1,early_2021_2022,3,22,1,2021-03,2022-12,0.00100645008241,0.0191508607074,0.0525537780149,22,-0.036528547177,0.0385414473418
zero_rf_matched,unknown_return_loss100_scenario,value,WML_DS1,early_2021_2022,6,22,1,2021-03,2022-12,0.00100645008241,0.0162488210893,0.061939883323,22,-0.0308406540439,0.0328535542087
zero_rf_matched,unknown_return_loss100_scenario,value,WML_DS1,middle_2023,3,12,1,2023-01,2023-12,0.00565942849943,0.0113360995575,0.499239484511,12,-0.0165589183584,0.0278777753572
zero_rf_matched,unknown_return_loss100_scenario,value,WML_DS1,middle_2023,6,12,1,2023-01,2023-12,0.00565942849943,0.00857269909079,0.660168803255,12,-0.0111427529688,0.0224616099677
zero_rf_matched,unknown_return_loss100_scenario,value,WML_DS2,full,3,34,1,2021-03,2023-12,-0.00665530333654,0.0143045790394,-0.465256846652,34,-0.0346917630677,0.0213811563946
zero_rf_matched,unknown_return_loss100_scenario,value,WML_DS2,full,6,34,1,2021-03,2023-12,-0.00665530333654,0.0125063700621,-0.532153079071,34,-0.0311673382355,0.0178567315625
zero_rf_matched,unknown_return_loss100_scenario,value,WML_DS2,early_2021_2022,3,22,1,2021-03,2022-12,-0.011442307171,0.0206920460523,-0.552980944564,22,-0.0519979721999,0.029113357858
zero_rf_matched,unknown_return_loss100_scenario,value,WML_DS2,early_2021_2022,6,22,1,2021-03,2022-12,-0.011442307171,0.0171886712617,-0.665688871277,22,-0.045131483786,0.0222468694441
zero_rf_matched,unknown_return_loss100_scenario,value,WML_DS2,middle_2023,3,12,1,2023-01,2023-12,0.0021208703599,0.0117094834109,0.181124161115,12,-0.0208292954031,0.0250710361229
zero_rf_matched,unknown_return_loss100_scenario,value,WML_DS2,middle_2023,6,12,1,2023-01,2023-12,0.0021208703599,0.0104175227417,0.203586823133,12,-0.018297099022,0.0225388397417
zero_rf_matched,unknown_return_loss100_scenario,value,WML_DS3,full,3,34,1,2021-03,2023-12,0.000842205174428,0.0160113977582,0.0526003530201,34,-0.0305395577739,0.0322239681227
zero_rf_matched,unknown_return_loss100_scenario,value,WML_DS3,full,6,34,1,2021-03,2023-12,0.000842205174428,0.012028682549,0.070016410442,34,-0.0227335794031,0.0244179897519
zero_rf_matched,unknown_return_loss100_scenario,value,WML_DS3,early_2021_2022,3,22,1,2021-03,2022-12,-0.00567373831791,0.0216762788783,-0.261748723098,22,-0.0481584642382,0.0368109876024
zero_rf_matched,unknown_return_loss100_scenario,value,WML_DS3,early_2021_2022,6,22,1,2021-03,2022-12,-0.00567373831791,0.0174830558416,-0.324527838229,22,-0.0399398981072,0.0285924214714
zero_rf_matched,unknown_return_loss100_scenario,value,WML_DS3,middle_2023,3,12,1,2023-01,2023-12,0.0127881015771,0.0174520202223,0.732757664395,12,-0.0214172295161,0.0469934326702
zero_rf_matched,unknown_return_loss100_scenario,value,WML_DS3,middle_2023,6,12,1,2023-01,2023-12,0.0127881015771,0.00985855396129,1.29715794297,12,-0.00653430912673,0.0321105122808
zero_rf_matched,unknown_return_loss100_scenario,value,WML_DS4,full,3,34,0.852941176471,2021-03,2023-12,-0.0303456077675,0.0154211587114,-1.96779038044,29,-0.0605705234417,-0.000120692093335
zero_rf_matched,unknown_return_loss100_scenario,value,WML_DS4,full,6,34,0.852941176471,2021-03,2023-12,-0.0303456077675,0.010999609653,-2.75878951389,29,-0.0519044465313,-0.00878676900369
zero_rf_matched,unknown_return_loss100_scenario,value,WML_DS4,early_2021_2022,3,22,0.863636363636,2021-03,2022-12,-0.0343180162097,0.016785738212,-2.04447464724,19,-0.0672174585591,-0.00141857386018
zero_rf_matched,unknown_return_loss100_scenario,value,WML_DS4,early_2021_2022,6,22,0.863636363636,2021-03,2022-12,-0.0343180162097,0.0139346964655,-2.46277457817,19,-0.0616295194174,-0.00700651300187
zero_rf_matched,unknown_return_loss100_scenario,value,WML_DS4,middle_2023,3,12,0.833333333333,2023-01,2023-12,-0.0227980317274,0.0291401938681,-0.782356899566,10,-0.0799117622114,0.0343156987566
zero_rf_matched,unknown_return_loss100_scenario,value,WML_DS4,middle_2023,6,12,0.833333333333,2023-01,2023-12,-0.0227980317274,0.0177772196152,-1.28242954865,10,-0.0576407419184,0.0120446784636
zero_rf_matched,unknown_return_loss100_scenario,value,WML_DS5,full,3,34,1,2021-03,2023-12,-0.0109071919571,0.00856148503966,-1.27398364964,34,-0.0276873942891,0.00587301037477
zero_rf_matched,unknown_return_loss100_scenario,value,WML_DS5,full,6,34,1,2021-03,2023-12,-0.0109071919571,0.00767929046105,-1.42033850816,34,-0.0259583246876,0.00414394077333
zero_rf_matched,unknown_return_loss100_scenario,value,WML_DS5,early_2021_2022,3,22,1,2021-03,2022-12,-0.0204514308856,0.00656425597899,-3.11557485738,22,-0.0333171361897,-0.00758572558145
zero_rf_matched,unknown_return_loss100_scenario,value,WML_DS5,early_2021_2022,6,22,1,2021-03,2022-12,-0.0204514308856,0.00452922796042,-4.51543421181,22,-0.0293285545658,-0.0115743072054
zero_rf_matched,unknown_return_loss100_scenario,value,WML_DS5,middle_2023,3,12,1,2023-01,2023-12,0.00659057941164,0.0160748564991,0.409993047963,12,-0.0249155603833,0.0380967192066
zero_rf_matched,unknown_return_loss100_scenario,value,WML_DS5,middle_2023,6,12,1,2023-01,2023-12,0.00659057941164,0.0126860722066,0.51951299853,12,-0.0182736652187,0.0314548240419
zero_rf_matched,unknown_return_loss100_scenario,value,common_highDS_WML,full,3,34,1,2021-03,2023-12,-0.0109071919571,0.00856148503966,-1.27398364964,34,-0.0276873942891,0.00587301037477
zero_rf_matched,unknown_return_loss100_scenario,value,common_highDS_WML,full,6,34,1,2021-03,2023-12,-0.0109071919571,0.00767929046105,-1.42033850816,34,-0.0259583246876,0.00414394077333
zero_rf_matched,unknown_return_loss100_scenario,value,common_highDS_WML,early_2021_2022,3,22,1,2021-03,2022-12,-0.0204514308856,0.00656425597899,-3.11557485738,22,-0.0333171361897,-0.00758572558145
zero_rf_matched,unknown_return_loss100_scenario,value,common_highDS_WML,early_2021_2022,6,22,1,2021-03,2022-12,-0.0204514308856,0.00452922796042,-4.51543421181,22,-0.0293285545658,-0.0115743072054
zero_rf_matched,unknown_return_loss100_scenario,value,common_highDS_WML,middle_2023,3,12,1,2023-01,2023-12,0.00659057941164,0.0160748564991,0.409993047963,12,-0.0249155603833,0.0380967192066
zero_rf_matched,unknown_return_loss100_scenario,value,common_highDS_WML,middle_2023,6,12,1,2023-01,2023-12,0.00659057941164,0.0126860722066,0.51951299853,12,-0.0182736652187,0.0314548240419
zero_rf_matched,unknown_return_loss100_scenario,value,common_highDS_minus_unconditional,full,3,34,1,2021-03,2023-12,-0.00647795658034,0.0105714641213,-0.612777615855,34,-0.0271976455219,0.0142417323613
zero_rf_matched,unknown_return_loss100_scenario,value,common_highDS_minus_unconditional,full,6,34,1,2021-03,2023-12,-0.00647795658034,0.00973881508673,-0.665168865273,34,-0.0255656834024,0.0126097702417
zero_rf_matched,unknown_return_loss100_scenario,value,common_highDS_minus_unconditional,early_2021_2022,3,22,1,2021-03,2022-12,-0.00973003944841,0.0154996568027,-0.627758380218,22,-0.0401088085545,0.0206487296576
zero_rf_matched,unknown_return_loss100_scenario,value,common_highDS_minus_unconditional,early_2021_2022,6,22,1,2021-03,2022-12,-0.00973003944841,0.0136093019302,-0.714955072515,22,-0.0364037810864,0.0169437021896
zero_rf_matched,unknown_return_loss100_scenario,value,common_highDS_minus_unconditional,middle_2023,3,12,1,2023-01,2023-12,-0.000515804655555,0.00602174881857,-0.0856569530042,12,-0.0123182154639,0.0112866061528
zero_rf_matched,unknown_return_loss100_scenario,value,common_highDS_minus_unconditional,middle_2023,6,12,1,2023-01,2023-12,-0.000515804655555,0.00621689196706,-0.0829682513848,12,-0.0127006890068,0.0116690796957
zero_rf_matched,unknown_return_loss100_scenario,value,common_lowDS_WML,full,3,34,1,2021-03,2023-12,0.002648677759,0.0131196595009,0.20188616624,34,-0.0230653823521,0.0283627378701
zero_rf_matched,unknown_return_loss100_scenario,value,common_lowDS_WML,full,6,34,1,2021-03,2023-12,0.002648677759,0.0105007907657,0.252236028515,34,-0.0179324939509,0.0232298494689
zero_rf_matched,unknown_return_loss100_scenario,value,common_lowDS_WML,early_2021_2022,3,22,1,2021-03,2022-12,0.00100645008241,0.0191508607074,0.0525537780149,22,-0.036528547177,0.0385414473418
zero_rf_matched,unknown_return_loss100_scenario,value,common_lowDS_WML,early_2021_2022,6,22,1,2021-03,2022-12,0.00100645008241,0.0162488210893,0.061939883323,22,-0.0308406540439,0.0328535542087
zero_rf_matched,unknown_return_loss100_scenario,value,common_lowDS_WML,middle_2023,3,12,1,2023-01,2023-12,0.00565942849943,0.0113360995575,0.499239484511,12,-0.0165589183584,0.0278777753572
zero_rf_matched,unknown_return_loss100_scenario,value,common_lowDS_WML,middle_2023,6,12,1,2023-01,2023-12,0.00565942849943,0.00857269909079,0.660168803255,12,-0.0111427529688,0.0224616099677
zero_rf_matched,unknown_return_loss100_scenario,value,common_lowDS_minus_highDS,full,3,34,1,2021-03,2023-12,0.0135558697161,0.0128233533159,1.05712362298,34,-0.0115774409441,0.0386891803764
zero_rf_matched,unknown_return_loss100_scenario,value,common_lowDS_minus_highDS,full,6,34,1,2021-03,2023-12,0.0135558697161,0.0118965593799,1.13947817039,34,-0.00976095820848,0.0368726976408
zero_rf_matched,unknown_return_loss100_scenario,value,common_lowDS_minus_highDS,early_2021_2022,3,22,1,2021-03,2022-12,0.021457880968,0.0184495177774,1.16305917731,22,-0.0147025094079,0.0576182713438
zero_rf_matched,unknown_return_loss100_scenario,value,common_lowDS_minus_highDS,early_2021_2022,6,22,1,2021-03,2022-12,0.021457880968,0.015257696529,1.40636438319,22,-0.00844665471599,0.0513624166519
zero_rf_matched,unknown_return_loss100_scenario,value,common_lowDS_minus_highDS,middle_2023,3,12,1,2023-01,2023-12,-0.00093115091221,0.00821143133647,-0.113396906587,12,-0.0170252605932,0.0151629587688
zero_rf_matched,unknown_return_loss100_scenario,value,common_lowDS_minus_highDS,middle_2023,6,12,1,2023-01,2023-12,-0.00093115091221,0.00760471608507,-0.122443875852,12,-0.0158361205516,0.0139738187272
zero_rf_matched,unknown_return_loss100_scenario,value,common_lowDS_minus_unconditional,full,3,34,1,2021-03,2023-12,0.00707791313581,0.00800074070272,0.884657233473,34,-0.00860325049117,0.0227590767628
zero_rf_matched,unknown_return_loss100_scenario,value,common_lowDS_minus_unconditional,full,6,34,1,2021-03,2023-12,0.00707791313581,0.00682466061269,1.03710844209,34,-0.00629817587177,0.0204540021434
zero_rf_matched,unknown_return_loss100_scenario,value,common_lowDS_minus_unconditional,early_2021_2022,3,22,1,2021-03,2022-12,0.0117278415196,0.0105233474158,1.11445921684,22,-0.00889754041228,0.0323532234514
zero_rf_matched,unknown_return_loss100_scenario,value,common_lowDS_minus_unconditional,early_2021_2022,6,22,1,2021-03,2022-12,0.0117278415196,0.00872664952311,1.34391114121,22,-0.00537607725143,0.0288317602906
zero_rf_matched,unknown_return_loss100_scenario,value,common_lowDS_minus_unconditional,middle_2023,3,12,1,2023-01,2023-12,-0.00144695556777,0.00984208999219,-0.14701710398,12,-0.0207370974851,0.0178431863495
zero_rf_matched,unknown_return_loss100_scenario,value,common_lowDS_minus_unconditional,middle_2023,6,12,1,2023-01,2023-12,-0.00144695556777,0.00659413387506,-0.219430723607,12,-0.0143712204721,0.0114773093366
zero_rf_matched,unknown_return_loss100_scenario,value,common_unconditional_WML,full,3,34,1,2021-03,2023-12,-0.0044292353768,0.0128801321489,-0.343881206001,34,-0.0296738305047,0.0208153597511
zero_rf_matched,unknown_return_loss100_scenario,value,common_unconditional_WML,full,6,34,1,2021-03,2023-12,-0.0044292353768,0.00986784816765,-0.448855241949,34,-0.0237698623903,0.0149113916367
zero_rf_matched,unknown_return_loss100_scenario,value,common_unconditional_WML,early_2021_2022,3,22,1,2021-03,2022-12,-0.0107213914372,0.0167857972605,-0.638718034704,22,-0.0436209495195,0.0221781666452
zero_rf_matched,unknown_return_loss100_scenario,value,common_unconditional_WML,early_2021_2022,6,22,1,2021-03,2022-12,-0.0107213914372,0.014150589294,-0.757663954087,22,-0.0384560368135,0.0170132539391
zero_rf_matched,unknown_return_loss100_scenario,value,common_unconditional_WML,middle_2023,3,12,1,2023-01,2023-12,0.00710638406719,0.015069957481,0.471559662738,12,-0.022430189844,0.0366429579784
zero_rf_matched,unknown_return_loss100_scenario,value,common_unconditional_WML,middle_2023,6,12,1,2023-01,2023-12,0.00710638406719,0.00939868827927,0.756103815345,12,-0.0113147064621,0.0255274745965
zero_rf_matched,unknown_return_loss100_scenario,value,highDS_WML,full,3,34,1,2021-03,2023-12,-0.0109071919571,0.00856148503966,-1.27398364964,34,-0.0276873942891,0.00587301037477
zero_rf_matched,unknown_return_loss100_scenario,value,highDS_WML,full,6,34,1,2021-03,2023-12,-0.0109071919571,0.00767929046105,-1.42033850816,34,-0.0259583246876,0.00414394077333
zero_rf_matched,unknown_return_loss100_scenario,value,highDS_WML,early_2021_2022,3,22,1,2021-03,2022-12,-0.0204514308856,0.00656425597899,-3.11557485738,22,-0.0333171361897,-0.00758572558145
zero_rf_matched,unknown_return_loss100_scenario,value,highDS_WML,early_2021_2022,6,22,1,2021-03,2022-12,-0.0204514308856,0.00452922796042,-4.51543421181,22,-0.0293285545658,-0.0115743072054
zero_rf_matched,unknown_return_loss100_scenario,value,highDS_WML,middle_2023,3,12,1,2023-01,2023-12,0.00659057941164,0.0160748564991,0.409993047963,12,-0.0249155603833,0.0380967192066
zero_rf_matched,unknown_return_loss100_scenario,value,highDS_WML,middle_2023,6,12,1,2023-01,2023-12,0.00659057941164,0.0126860722066,0.51951299853,12,-0.0182736652187,0.0314548240419
zero_rf_matched,unknown_return_loss100_scenario,value,highDS_minus_unconditional,full,3,34,1,2021-03,2023-12,-0.00647795658034,0.0105714641213,-0.612777615855,34,-0.0271976455219,0.0142417323613
zero_rf_matched,unknown_return_loss100_scenario,value,highDS_minus_unconditional,full,6,34,1,2021-03,2023-12,-0.00647795658034,0.00973881508673,-0.665168865273,34,-0.0255656834024,0.0126097702417
zero_rf_matched,unknown_return_loss100_scenario,value,highDS_minus_unconditional,early_2021_2022,3,22,1,2021-03,2022-12,-0.00973003944841,0.0154996568027,-0.627758380218,22,-0.0401088085545,0.0206487296576
zero_rf_matched,unknown_return_loss100_scenario,value,highDS_minus_unconditional,early_2021_2022,6,22,1,2021-03,2022-12,-0.00973003944841,0.0136093019302,-0.714955072515,22,-0.0364037810864,0.0169437021896
zero_rf_matched,unknown_return_loss100_scenario,value,highDS_minus_unconditional,middle_2023,3,12,1,2023-01,2023-12,-0.000515804655555,0.00602174881857,-0.0856569530042,12,-0.0123182154639,0.0112866061528
zero_rf_matched,unknown_return_loss100_scenario,value,highDS_minus_unconditional,middle_2023,6,12,1,2023-01,2023-12,-0.000515804655555,0.00621689196706,-0.0829682513848,12,-0.0127006890068,0.0116690796957
zero_rf_matched,unknown_return_loss100_scenario,value,lowDS_WML,full,3,34,1,2021-03,2023-12,0.002648677759,0.0131196595009,0.20188616624,34,-0.0230653823521,0.0283627378701
zero_rf_matched,unknown_return_loss100_scenario,value,lowDS_WML,full,6,34,1,2021-03,2023-12,0.002648677759,0.0105007907657,0.252236028515,34,-0.0179324939509,0.0232298494689
zero_rf_matched,unknown_return_loss100_scenario,value,lowDS_WML,early_2021_2022,3,22,1,2021-03,2022-12,0.00100645008241,0.0191508607074,0.0525537780149,22,-0.036528547177,0.0385414473418
zero_rf_matched,unknown_return_loss100_scenario,value,lowDS_WML,early_2021_2022,6,22,1,2021-03,2022-12,0.00100645008241,0.0162488210893,0.061939883323,22,-0.0308406540439,0.0328535542087
zero_rf_matched,unknown_return_loss100_scenario,value,lowDS_WML,middle_2023,3,12,1,2023-01,2023-12,0.00565942849943,0.0113360995575,0.499239484511,12,-0.0165589183584,0.0278777753572
zero_rf_matched,unknown_return_loss100_scenario,value,lowDS_WML,middle_2023,6,12,1,2023-01,2023-12,0.00565942849943,0.00857269909079,0.660168803255,12,-0.0111427529688,0.0224616099677
zero_rf_matched,unknown_return_loss100_scenario,value,lowDS_minus_highDS,full,3,34,1,2021-03,2023-12,0.0135558697161,0.0128233533159,1.05712362298,34,-0.0115774409441,0.0386891803764
zero_rf_matched,unknown_return_loss100_scenario,value,lowDS_minus_highDS,full,6,34,1,2021-03,2023-12,0.0135558697161,0.0118965593799,1.13947817039,34,-0.00976095820848,0.0368726976408
zero_rf_matched,unknown_return_loss100_scenario,value,lowDS_minus_highDS,early_2021_2022,3,22,1,2021-03,2022-12,0.021457880968,0.0184495177774,1.16305917731,22,-0.0147025094079,0.0576182713438
zero_rf_matched,unknown_return_loss100_scenario,value,lowDS_minus_highDS,early_2021_2022,6,22,1,2021-03,2022-12,0.021457880968,0.015257696529,1.40636438319,22,-0.00844665471599,0.0513624166519
zero_rf_matched,unknown_return_loss100_scenario,value,lowDS_minus_highDS,middle_2023,3,12,1,2023-01,2023-12,-0.00093115091221,0.00821143133647,-0.113396906587,12,-0.0170252605932,0.0151629587688
zero_rf_matched,unknown_return_loss100_scenario,value,lowDS_minus_highDS,middle_2023,6,12,1,2023-01,2023-12,-0.00093115091221,0.00760471608507,-0.122443875852,12,-0.0158361205516,0.0139738187272
zero_rf_matched,unknown_return_loss100_scenario,value,lowDS_minus_unconditional,full,3,34,1,2021-03,2023-12,0.00707791313581,0.00800074070272,0.884657233473,34,-0.00860325049117,0.0227590767628
zero_rf_matched,unknown_return_loss100_scenario,value,lowDS_minus_unconditional,full,6,34,1,2021-03,2023-12,0.00707791313581,0.00682466061269,1.03710844209,34,-0.00629817587177,0.0204540021434
zero_rf_matched,unknown_return_loss100_scenario,value,lowDS_minus_unconditional,early_2021_2022,3,22,1,2021-03,2022-12,0.0117278415196,0.0105233474158,1.11445921684,22,-0.00889754041228,0.0323532234514
zero_rf_matched,unknown_return_loss100_scenario,value,lowDS_minus_unconditional,early_2021_2022,6,22,1,2021-03,2022-12,0.0117278415196,0.00872664952311,1.34391114121,22,-0.00537607725143,0.0288317602906
zero_rf_matched,unknown_return_loss100_scenario,value,lowDS_minus_unconditional,middle_2023,3,12,1,2023-01,2023-12,-0.00144695556777,0.00984208999219,-0.14701710398,12,-0.0207370974851,0.0178431863495
zero_rf_matched,unknown_return_loss100_scenario,value,lowDS_minus_unconditional,middle_2023,6,12,1,2023-01,2023-12,-0.00144695556777,0.00659413387506,-0.219430723607,12,-0.0143712204721,0.0114773093366
zero_rf_matched,unknown_return_loss100_scenario,value,unconditional_WML,full,3,34,1,2021-03,2023-12,-0.0044292353768,0.0128801321489,-0.343881206001,34,-0.0296738305047,0.0208153597511
zero_rf_matched,unknown_return_loss100_scenario,value,unconditional_WML,full,6,34,1,2021-03,2023-12,-0.0044292353768,0.00986784816765,-0.448855241949,34,-0.0237698623903,0.0149113916367
zero_rf_matched,unknown_return_loss100_scenario,value,unconditional_WML,early_2021_2022,3,22,1,2021-03,2022-12,-0.0107213914372,0.0167857972605,-0.638718034704,22,-0.0436209495195,0.0221781666452
zero_rf_matched,unknown_return_loss100_scenario,value,unconditional_WML,early_2021_2022,6,22,1,2021-03,2022-12,-0.0107213914372,0.014150589294,-0.757663954087,22,-0.0384560368135,0.0170132539391
zero_rf_matched,unknown_return_loss100_scenario,value,unconditional_WML,middle_2023,3,12,1,2023-01,2023-12,0.00710638406719,0.015069957481,0.471559662738,12,-0.022430189844,0.0366429579784
zero_rf_matched,unknown_return_loss100_scenario,value,unconditional_WML,middle_2023,6,12,1,2023-01,2023-12,0.00710638406719,0.00939868827927,0.756103815345,12,-0.0113147064621,0.0255274745965
zero_rf_matched,unknown_return_zero_scenario,equal,WML_DS1,full,3,34,1,2021-03,2023-12,0.00275155393344,0.0128993237175,0.213309937303,34,-0.0225306559778,0.0280337638447
zero_rf_matched,unknown_return_zero_scenario,equal,WML_DS1,full,6,34,1,2021-03,2023-12,0.00275155393344,0.0116560533623,0.236062228605,34,-0.0200938908585,0.0255969987254
zero_rf_matched,unknown_return_zero_scenario,equal,WML_DS1,early_2021_2022,3,22,1,2021-03,2022-12,0.00711714773693,0.018477332468,0.385182641989,22,-0.0290977584307,0.0433320539046
zero_rf_matched,unknown_return_zero_scenario,equal,WML_DS1,early_2021_2022,6,22,1,2021-03,2022-12,0.00711714773693,0.0164652462209,0.432252736548,22,-0.0251541418527,0.0393884373265
zero_rf_matched,unknown_return_zero_scenario,equal,WML_DS1,middle_2023,3,12,1,2023-01,2023-12,-0.00525203470631,0.00921924908416,-0.569681397949,12,-0.0233214308758,0.0128173614632
zero_rf_matched,unknown_return_zero_scenario,equal,WML_DS1,middle_2023,6,12,1,2023-01,2023-12,-0.00525203470631,0.0067893360462,-0.773571181418,12,-0.0185588888358,0.00805481942319
zero_rf_matched,unknown_return_zero_scenario,equal,WML_DS2,full,3,34,1,2021-03,2023-12,-0.00171438301818,0.0137967374786,-0.124260030376,34,-0.0287554915804,0.025326725544
zero_rf_matched,unknown_return_zero_scenario,equal,WML_DS2,full,6,34,1,2021-03,2023-12,-0.00171438301818,0.0118858309988,-0.1442375395,34,-0.0250101837022,0.0215814176658
zero_rf_matched,unknown_return_zero_scenario,equal,WML_DS2,early_2021_2022,3,22,1,2021-03,2022-12,-0.00305627315514,0.0192596561028,-0.158687836315,22,-0.0408045054713,0.0346919591611
zero_rf_matched,unknown_return_zero_scenario,equal,WML_DS2,early_2021_2022,6,22,1,2021-03,2022-12,-0.00305627315514,0.0174390433929,-0.175254633312,22,-0.0372361701301,0.0311236238198
zero_rf_matched,unknown_return_zero_scenario,equal,WML_DS2,middle_2023,3,12,1,2023-01,2023-12,0.000745748899575,0.0125071212053,0.0596259432794,12,-0.023767758213,0.0252592560122
zero_rf_matched,unknown_return_zero_scenario,equal,WML_DS2,middle_2023,6,12,1,2023-01,2023-12,0.000745748899575,0.00799023318644,0.093332557658,12,-0.0149148203739,0.0164063181731
zero_rf_matched,unknown_return_zero_scenario,equal,WML_DS3,full,3,34,1,2021-03,2023-12,0.00228183274655,0.0161195373845,0.141556962344,34,-0.0293118799746,0.0338755454677
zero_rf_matched,unknown_return_zero_scenario,equal,WML_DS3,full,6,34,1,2021-03,2023-12,0.00228183274655,0.0133413586102,0.171034511043,34,-0.0238667496343,0.0284304151274
zero_rf_matched,unknown_return_zero_scenario,equal,WML_DS3,early_2021_2022,3,22,1,2021-03,2022-12,-0.00491635852014,0.0203077555652,-0.24209265787,22,-0.0447188280348,0.0348861109945
zero_rf_matched,unknown_return_zero_scenario,equal,WML_DS3,early_2021_2022,6,22,1,2021-03,2022-12,-0.00491635852014,0.0170801932197,-0.287839748469,22,-0.0383929220797,0.0285602050394
zero_rf_matched,unknown_return_zero_scenario,equal,WML_DS3,middle_2023,3,12,1,2023-01,2023-12,0.0154785167355,0.0234444946602,0.660219678854,12,-0.0304718484343,0.0614288819053
zero_rf_matched,unknown_return_zero_scenario,equal,WML_DS3,middle_2023,6,12,1,2023-01,2023-12,0.0154785167355,0.0180674534571,0.856707159768,12,-0.0199330413328,0.0508900748038
zero_rf_matched,unknown_return_zero_scenario,equal,WML_DS4,full,3,34,0.852941176471,2021-03,2023-12,-0.0149358138067,0.0157241983206,-0.949861703737,29,-0.0457546762009,0.0158830485875
zero_rf_matched,unknown_return_zero_scenario,equal,WML_DS4,full,6,34,0.852941176471,2021-03,2023-12,-0.0149358138067,0.0118258670935,-1.26297832444,29,-0.0381140873959,0.00824245978243
zero_rf_matched,unknown_return_zero_scenario,equal,WML_DS4,early_2021_2022,3,22,0.863636363636,2021-03,2022-12,-0.0208138429134,0.014028275656,-1.48370643861,19,-0.0483087579644,0.00668107213762
zero_rf_matched,unknown_return_zero_scenario,equal,WML_DS4,early_2021_2022,6,22,0.863636363636,2021-03,2022-12,-0.0208138429134,0.0135580897817,-1.53516042809,19,-0.0473872105846,0.00575952475786
zero_rf_matched,unknown_return_zero_scenario,equal,WML_DS4,middle_2023,3,12,0.833333333333,2023-01,2023-12,-0.00376755850414,0.0331363969184,-0.113698496352,10,-0.0687137030416,0.0611785860333
zero_rf_matched,unknown_return_zero_scenario,equal,WML_DS4,middle_2023,6,12,0.833333333333,2023-01,2023-12,-0.00376755850414,0.0186712140278,-0.201784334888,10,-0.0403624655463,0.032827348538
zero_rf_matched,unknown_return_zero_scenario,equal,WML_DS5,full,3,34,1,2021-03,2023-12,-0.011230250036,0.00492244049569,-2.28143947009,34,-0.0208780561236,-0.00158244394844
zero_rf_matched,unknown_return_zero_scenario,equal,WML_DS5,full,6,34,1,2021-03,2023-12,-0.011230250036,0.00387045815067,-2.90152989617,34,-0.018816208615,-0.00364429145705
zero_rf_matched,unknown_return_zero_scenario,equal,WML_DS5,early_2021_2022,3,22,1,2021-03,2022-12,-0.0135040916333,0.00543282465748,-2.48564834772,22,-0.0241522322963,-0.00285595097034
zero_rf_matched,unknown_return_zero_scenario,equal,WML_DS5,early_2021_2022,6,22,1,2021-03,2022-12,-0.0135040916333,0.00392871908582,-3.43727595135,22,-0.0212042395469,-0.00580394371972
zero_rf_matched,unknown_return_zero_scenario,equal,WML_DS5,middle_2023,3,12,1,2023-01,2023-12,-0.00706154044102,0.00921387672331,-0.766402748058,12,-0.0251204069767,0.0109973260947
zero_rf_matched,unknown_return_zero_scenario,equal,WML_DS5,middle_2023,6,12,1,2023-01,2023-12,-0.00706154044102,0.00750116255296,-0.941392802937,12,-0.021763548887,0.00764046800496
zero_rf_matched,unknown_return_zero_scenario,equal,common_highDS_WML,full,3,34,1,2021-03,2023-12,-0.011230250036,0.00492244049569,-2.28143947009,34,-0.0208780561236,-0.00158244394844
zero_rf_matched,unknown_return_zero_scenario,equal,common_highDS_WML,full,6,34,1,2021-03,2023-12,-0.011230250036,0.00387045815067,-2.90152989617,34,-0.018816208615,-0.00364429145705
zero_rf_matched,unknown_return_zero_scenario,equal,common_highDS_WML,early_2021_2022,3,22,1,2021-03,2022-12,-0.0135040916333,0.00543282465748,-2.48564834772,22,-0.0241522322963,-0.00285595097034
zero_rf_matched,unknown_return_zero_scenario,equal,common_highDS_WML,early_2021_2022,6,22,1,2021-03,2022-12,-0.0135040916333,0.00392871908582,-3.43727595135,22,-0.0212042395469,-0.00580394371972
zero_rf_matched,unknown_return_zero_scenario,equal,common_highDS_WML,middle_2023,3,12,1,2023-01,2023-12,-0.00706154044102,0.00921387672331,-0.766402748058,12,-0.0251204069767,0.0109973260947
zero_rf_matched,unknown_return_zero_scenario,equal,common_highDS_WML,middle_2023,6,12,1,2023-01,2023-12,-0.00706154044102,0.00750116255296,-0.941392802937,12,-0.021763548887,0.00764046800496
zero_rf_matched,unknown_return_zero_scenario,equal,common_highDS_minus_unconditional,full,3,34,1,2021-03,2023-12,-0.00616057412076,0.011342090713,-0.543160364048,34,-0.0283906634277,0.0160695151862
zero_rf_matched,unknown_return_zero_scenario,equal,common_highDS_minus_unconditional,full,6,34,1,2021-03,2023-12,-0.00616057412076,0.0107725808031,-0.571875415312,34,-0.0272744445154,0.0149532962739
zero_rf_matched,unknown_return_zero_scenario,equal,common_highDS_minus_unconditional,early_2021_2022,3,22,1,2021-03,2022-12,-0.00334249427063,0.0150880415128,-0.22153267989,22,-0.032914512233,0.0262295236918
zero_rf_matched,unknown_return_zero_scenario,equal,common_highDS_minus_unconditional,early_2021_2022,6,22,1,2021-03,2022-12,-0.00334249427063,0.0142984335024,-0.2337664661,22,-0.0313669089708,0.0246819204295
zero_rf_matched,unknown_return_zero_scenario,equal,common_highDS_minus_unconditional,middle_2023,3,12,1,2023-01,2023-12,-0.011327053846,0.0133321935374,-0.84960166639,12,-0.0374576730142,0.0148035653222
zero_rf_matched,unknown_return_zero_scenario,equal,common_highDS_minus_unconditional,middle_2023,6,12,1,2023-01,2023-12,-0.011327053846,0.0112929738916,-1.00301780157,12,-0.0334608759519,0.0108067682599
zero_rf_matched,unknown_return_zero_scenario,equal,common_lowDS_WML,full,3,34,1,2021-03,2023-12,0.00275155393344,0.0128993237175,0.213309937303,34,-0.0225306559778,0.0280337638447
zero_rf_matched,unknown_return_zero_scenario,equal,common_lowDS_WML,full,6,34,1,2021-03,2023-12,0.00275155393344,0.0116560533623,0.236062228605,34,-0.0200938908585,0.0255969987254
zero_rf_matched,unknown_return_zero_scenario,equal,common_lowDS_WML,early_2021_2022,3,22,1,2021-03,2022-12,0.00711714773693,0.018477332468,0.385182641989,22,-0.0290977584307,0.0433320539046
zero_rf_matched,unknown_return_zero_scenario,equal,common_lowDS_WML,early_2021_2022,6,22,1,2021-03,2022-12,0.00711714773693,0.0164652462209,0.432252736548,22,-0.0251541418527,0.0393884373265
zero_rf_matched,unknown_return_zero_scenario,equal,common_lowDS_WML,middle_2023,3,12,1,2023-01,2023-12,-0.00525203470631,0.00921924908416,-0.569681397949,12,-0.0233214308758,0.0128173614632
zero_rf_matched,unknown_return_zero_scenario,equal,common_lowDS_WML,middle_2023,6,12,1,2023-01,2023-12,-0.00525203470631,0.0067893360462,-0.773571181418,12,-0.0185588888358,0.00805481942319
zero_rf_matched,unknown_return_zero_scenario,equal,common_lowDS_minus_highDS,full,3,34,1,2021-03,2023-12,0.0139818039695,0.0148829083921,0.939453741237,34,-0.0151881604643,0.0431517684032
zero_rf_matched,unknown_return_zero_scenario,equal,common_lowDS_minus_highDS,full,6,34,1,2021-03,2023-12,0.0139818039695,0.0139987892148,0.998786663258,34,-0.0134553187186,0.0414189266576
zero_rf_matched,unknown_return_zero_scenario,equal,common_lowDS_minus_highDS,early_2021_2022,3,22,1,2021-03,2022-12,0.0206212393702,0.0220543071054,0.93502095857,22,-0.0226044082602,0.0638468870007
zero_rf_matched,unknown_return_zero_scenario,equal,common_lowDS_minus_highDS,early_2021_2022,6,22,1,2021-03,2022-12,0.0206212393702,0.0195739271748,1.05350547113,22,-0.0177429529284,0.0589854316689
zero_rf_matched,unknown_return_zero_scenario,equal,common_lowDS_minus_highDS,middle_2023,3,12,1,2023-01,2023-12,0.00180950573471,0.00411842890423,0.439367966957,12,-0.00626246659048,0.0098814780599
zero_rf_matched,unknown_return_zero_scenario,equal,common_lowDS_minus_highDS,middle_2023,6,12,1,2023-01,2023-12,0.00180950573471,0.00459270217613,0.393995879836,12,-0.00719202512223,0.0108110365917
zero_rf_matched,unknown_return_zero_scenario,equal,common_lowDS_minus_unconditional,full,3,34,1,2021-03,2023-12,0.00782122984871,0.0101065798638,0.773875035282,34,-0.0119873026913,0.0276297623887
zero_rf_matched,unknown_return_zero_scenario,equal,common_lowDS_minus_unconditional,full,6,34,1,2021-03,2023-12,0.00782122984871,0.00937620051221,0.834157699435,34,-0.0105557854671,0.0261982451645
zero_rf_matched,unknown_return_zero_scenario,equal,common_lowDS_minus_unconditional,early_2021_2022,3,22,1,2021-03,2022-12,0.0172787450996,0.0124108148684,1.39223292611,22,-0.00704600506118,0.0416034952604
zero_rf_matched,unknown_return_zero_scenario,equal,common_lowDS_minus_unconditional,early_2021_2022,6,22,1,2021-03,2022-12,0.0172787450996,0.0102160254198,1.69133732441,22,-0.00274429678838,0.0373017869876
zero_rf_matched,unknown_return_zero_scenario,equal,common_lowDS_minus_unconditional,middle_2023,3,12,1,2023-01,2023-12,-0.00951754811128,0.0137073726708,-0.694337882236,12,-0.0363835048688,0.0173484086462
zero_rf_matched,unknown_return_zero_scenario,equal,common_lowDS_minus_unconditional,middle_2023,6,12,1,2023-01,2023-12,-0.00951754811128,0.0119780054665,-0.794585387183,12,-0.0329940074323,0.0139589112097
zero_rf_matched,unknown_return_zero_scenario,equal,common_unconditional_WML,full,3,34,1,2021-03,2023-12,-0.00506967591527,0.0106521880359,-0.475928128397,34,-0.0259475808222,0.0158082289917
zero_rf_matched,unknown_return_zero_scenario,equal,common_unconditional_WML,full,6,34,1,2021-03,2023-12,-0.00506967591527,0.00866272363322,-0.585228864491,34,-0.0220483022444,0.0119089504139
zero_rf_matched,unknown_return_zero_scenario,equal,common_unconditional_WML,early_2021_2022,3,22,1,2021-03,2022-12,-0.0101615973627,0.0123808748784,-0.820749540115,22,-0.0344276662215,0.0141044714961
zero_rf_matched,unknown_return_zero_scenario,equal,common_unconditional_WML,early_2021_2022,6,22,1,2021-03,2022-12,-0.0101615973627,0.0109656024085,-0.926679354601,22,-0.031653783152,0.0113305884267
zero_rf_matched,unknown_return_zero_scenario,equal,common_unconditional_WML,middle_2023,3,12,1,2023-01,2023-12,0.00426551340497,0.0158535512803,0.269057281209,12,-0.0268068761314,0.0353379029414
zero_rf_matched,unknown_return_zero_scenario,equal,common_unconditional_WML,middle_2023,6,12,1,2023-01,2023-12,0.00426551340497,0.0100960824275,0.422491935424,12,-0.0155224445378,0.0240534713477
zero_rf_matched,unknown_return_zero_scenario,equal,highDS_WML,full,3,34,1,2021-03,2023-12,-0.011230250036,0.00492244049569,-2.28143947009,34,-0.0208780561236,-0.00158244394844
zero_rf_matched,unknown_return_zero_scenario,equal,highDS_WML,full,6,34,1,2021-03,2023-12,-0.011230250036,0.00387045815067,-2.90152989617,34,-0.018816208615,-0.00364429145705
zero_rf_matched,unknown_return_zero_scenario,equal,highDS_WML,early_2021_2022,3,22,1,2021-03,2022-12,-0.0135040916333,0.00543282465748,-2.48564834772,22,-0.0241522322963,-0.00285595097034
zero_rf_matched,unknown_return_zero_scenario,equal,highDS_WML,early_2021_2022,6,22,1,2021-03,2022-12,-0.0135040916333,0.00392871908582,-3.43727595135,22,-0.0212042395469,-0.00580394371972
zero_rf_matched,unknown_return_zero_scenario,equal,highDS_WML,middle_2023,3,12,1,2023-01,2023-12,-0.00706154044102,0.00921387672331,-0.766402748058,12,-0.0251204069767,0.0109973260947
zero_rf_matched,unknown_return_zero_scenario,equal,highDS_WML,middle_2023,6,12,1,2023-01,2023-12,-0.00706154044102,0.00750116255296,-0.941392802937,12,-0.021763548887,0.00764046800496
zero_rf_matched,unknown_return_zero_scenario,equal,highDS_minus_unconditional,full,3,34,1,2021-03,2023-12,-0.00616057412076,0.011342090713,-0.543160364048,34,-0.0283906634277,0.0160695151862
zero_rf_matched,unknown_return_zero_scenario,equal,highDS_minus_unconditional,full,6,34,1,2021-03,2023-12,-0.00616057412076,0.0107725808031,-0.571875415312,34,-0.0272744445154,0.0149532962739
zero_rf_matched,unknown_return_zero_scenario,equal,highDS_minus_unconditional,early_2021_2022,3,22,1,2021-03,2022-12,-0.00334249427063,0.0150880415128,-0.22153267989,22,-0.032914512233,0.0262295236918
zero_rf_matched,unknown_return_zero_scenario,equal,highDS_minus_unconditional,early_2021_2022,6,22,1,2021-03,2022-12,-0.00334249427063,0.0142984335024,-0.2337664661,22,-0.0313669089708,0.0246819204295
zero_rf_matched,unknown_return_zero_scenario,equal,highDS_minus_unconditional,middle_2023,3,12,1,2023-01,2023-12,-0.011327053846,0.0133321935374,-0.84960166639,12,-0.0374576730142,0.0148035653222
zero_rf_matched,unknown_return_zero_scenario,equal,highDS_minus_unconditional,middle_2023,6,12,1,2023-01,2023-12,-0.011327053846,0.0112929738916,-1.00301780157,12,-0.0334608759519,0.0108067682599
zero_rf_matched,unknown_return_zero_scenario,equal,lowDS_WML,full,3,34,1,2021-03,2023-12,0.00275155393344,0.0128993237175,0.213309937303,34,-0.0225306559778,0.0280337638447
zero_rf_matched,unknown_return_zero_scenario,equal,lowDS_WML,full,6,34,1,2021-03,2023-12,0.00275155393344,0.0116560533623,0.236062228605,34,-0.0200938908585,0.0255969987254
zero_rf_matched,unknown_return_zero_scenario,equal,lowDS_WML,early_2021_2022,3,22,1,2021-03,2022-12,0.00711714773693,0.018477332468,0.385182641989,22,-0.0290977584307,0.0433320539046
zero_rf_matched,unknown_return_zero_scenario,equal,lowDS_WML,early_2021_2022,6,22,1,2021-03,2022-12,0.00711714773693,0.0164652462209,0.432252736548,22,-0.0251541418527,0.0393884373265
zero_rf_matched,unknown_return_zero_scenario,equal,lowDS_WML,middle_2023,3,12,1,2023-01,2023-12,-0.00525203470631,0.00921924908416,-0.569681397949,12,-0.0233214308758,0.0128173614632
zero_rf_matched,unknown_return_zero_scenario,equal,lowDS_WML,middle_2023,6,12,1,2023-01,2023-12,-0.00525203470631,0.0067893360462,-0.773571181418,12,-0.0185588888358,0.00805481942319
zero_rf_matched,unknown_return_zero_scenario,equal,lowDS_minus_highDS,full,3,34,1,2021-03,2023-12,0.0139818039695,0.0148829083921,0.939453741237,34,-0.0151881604643,0.0431517684032
zero_rf_matched,unknown_return_zero_scenario,equal,lowDS_minus_highDS,full,6,34,1,2021-03,2023-12,0.0139818039695,0.0139987892148,0.998786663258,34,-0.0134553187186,0.0414189266576
zero_rf_matched,unknown_return_zero_scenario,equal,lowDS_minus_highDS,early_2021_2022,3,22,1,2021-03,2022-12,0.0206212393702,0.0220543071054,0.93502095857,22,-0.0226044082602,0.0638468870007
zero_rf_matched,unknown_return_zero_scenario,equal,lowDS_minus_highDS,early_2021_2022,6,22,1,2021-03,2022-12,0.0206212393702,0.0195739271748,1.05350547113,22,-0.0177429529284,0.0589854316689
zero_rf_matched,unknown_return_zero_scenario,equal,lowDS_minus_highDS,middle_2023,3,12,1,2023-01,2023-12,0.00180950573471,0.00411842890423,0.439367966957,12,-0.00626246659048,0.0098814780599
zero_rf_matched,unknown_return_zero_scenario,equal,lowDS_minus_highDS,middle_2023,6,12,1,2023-01,2023-12,0.00180950573471,0.00459270217613,0.393995879836,12,-0.00719202512223,0.0108110365917
zero_rf_matched,unknown_return_zero_scenario,equal,lowDS_minus_unconditional,full,3,34,1,2021-03,2023-12,0.00782122984871,0.0101065798638,0.773875035282,34,-0.0119873026913,0.0276297623887
zero_rf_matched,unknown_return_zero_scenario,equal,lowDS_minus_unconditional,full,6,34,1,2021-03,2023-12,0.00782122984871,0.00937620051221,0.834157699435,34,-0.0105557854671,0.0261982451645
zero_rf_matched,unknown_return_zero_scenario,equal,lowDS_minus_unconditional,early_2021_2022,3,22,1,2021-03,2022-12,0.0172787450996,0.0124108148684,1.39223292611,22,-0.00704600506118,0.0416034952604
zero_rf_matched,unknown_return_zero_scenario,equal,lowDS_minus_unconditional,early_2021_2022,6,22,1,2021-03,2022-12,0.0172787450996,0.0102160254198,1.69133732441,22,-0.00274429678838,0.0373017869876
zero_rf_matched,unknown_return_zero_scenario,equal,lowDS_minus_unconditional,middle_2023,3,12,1,2023-01,2023-12,-0.00951754811128,0.0137073726708,-0.694337882236,12,-0.0363835048688,0.0173484086462
zero_rf_matched,unknown_return_zero_scenario,equal,lowDS_minus_unconditional,middle_2023,6,12,1,2023-01,2023-12,-0.00951754811128,0.0119780054665,-0.794585387183,12,-0.0329940074323,0.0139589112097
zero_rf_matched,unknown_return_zero_scenario,equal,unconditional_WML,full,3,34,1,2021-03,2023-12,-0.00506967591527,0.0106521880359,-0.475928128397,34,-0.0259475808222,0.0158082289917
zero_rf_matched,unknown_return_zero_scenario,equal,unconditional_WML,full,6,34,1,2021-03,2023-12,-0.00506967591527,0.00866272363322,-0.585228864491,34,-0.0220483022444,0.0119089504139
zero_rf_matched,unknown_return_zero_scenario,equal,unconditional_WML,early_2021_2022,3,22,1,2021-03,2022-12,-0.0101615973627,0.0123808748784,-0.820749540115,22,-0.0344276662215,0.0141044714961
zero_rf_matched,unknown_return_zero_scenario,equal,unconditional_WML,early_2021_2022,6,22,1,2021-03,2022-12,-0.0101615973627,0.0109656024085,-0.926679354601,22,-0.031653783152,0.0113305884267
zero_rf_matched,unknown_return_zero_scenario,equal,unconditional_WML,middle_2023,3,12,1,2023-01,2023-12,0.00426551340497,0.0158535512803,0.269057281209,12,-0.0268068761314,0.0353379029414
zero_rf_matched,unknown_return_zero_scenario,equal,unconditional_WML,middle_2023,6,12,1,2023-01,2023-12,0.00426551340497,0.0100960824275,0.422491935424,12,-0.0155224445378,0.0240534713477
zero_rf_matched,unknown_return_zero_scenario,value,WML_DS1,full,3,34,1,2021-03,2023-12,0.002648677759,0.0131196595009,0.20188616624,34,-0.0230653823521,0.0283627378701
zero_rf_matched,unknown_return_zero_scenario,value,WML_DS1,full,6,34,1,2021-03,2023-12,0.002648677759,0.0105007907657,0.252236028515,34,-0.0179324939509,0.0232298494689
zero_rf_matched,unknown_return_zero_scenario,value,WML_DS1,early_2021_2022,3,22,1,2021-03,2022-12,0.00100645008241,0.0191508607074,0.0525537780149,22,-0.036528547177,0.0385414473418
zero_rf_matched,unknown_return_zero_scenario,value,WML_DS1,early_2021_2022,6,22,1,2021-03,2022-12,0.00100645008241,0.0162488210893,0.061939883323,22,-0.0308406540439,0.0328535542087
zero_rf_matched,unknown_return_zero_scenario,value,WML_DS1,middle_2023,3,12,1,2023-01,2023-12,0.00565942849943,0.0113360995575,0.499239484511,12,-0.0165589183584,0.0278777753572
zero_rf_matched,unknown_return_zero_scenario,value,WML_DS1,middle_2023,6,12,1,2023-01,2023-12,0.00565942849943,0.00857269909079,0.660168803255,12,-0.0111427529688,0.0224616099677
zero_rf_matched,unknown_return_zero_scenario,value,WML_DS2,full,3,34,1,2021-03,2023-12,-0.00666929011272,0.0143010179524,-0.466350726565,34,-0.0346987702417,0.0213601900162
zero_rf_matched,unknown_return_zero_scenario,value,WML_DS2,full,6,34,1,2021-03,2023-12,-0.00666929011272,0.0125013450034,-0.5334858058,34,-0.0311714760777,0.0178328958522
zero_rf_matched,unknown_return_zero_scenario,value,WML_DS2,early_2021_2022,3,22,1,2021-03,2022-12,-0.011442307171,0.0206920460523,-0.552980944564,22,-0.0519979721999,0.029113357858
zero_rf_matched,unknown_return_zero_scenario,value,WML_DS2,early_2021_2022,6,22,1,2021-03,2022-12,-0.011442307171,0.0171886712617,-0.665688871277,22,-0.045131483786,0.0222468694441
zero_rf_matched,unknown_return_zero_scenario,value,WML_DS2,middle_2023,3,12,1,2023-01,2023-12,0.00208124116073,0.0116871542104,0.178079378714,12,-0.0208251601734,0.0249876424949
zero_rf_matched,unknown_return_zero_scenario,value,WML_DS2,middle_2023,6,12,1,2023-01,2023-12,0.00208124116073,0.0103996916367,0.200125276156,12,-0.0183017798975,0.0224642622189
zero_rf_matched,unknown_return_zero_scenario,value,WML_DS3,full,3,34,1,2021-03,2023-12,0.000806992842935,0.0160129502089,0.0503962625506,34,-0.0305778128527,0.0321917985385
zero_rf_matched,unknown_return_zero_scenario,value,WML_DS3,full,6,34,1,2021-03,2023-12,0.000806992842935,0.0120225866246,0.0671230632921,34,-0.0227568439422,0.0243708296281
zero_rf_matched,unknown_return_zero_scenario,value,WML_DS3,early_2021_2022,3,22,1,2021-03,2022-12,-0.00567677325708,0.0216754312105,-0.261898976862,22,-0.0481598377791,0.0368062912649
zero_rf_matched,unknown_return_zero_scenario,value,WML_DS3,early_2021_2022,6,22,1,2021-03,2022-12,-0.00567677325708,0.0174813823452,-0.324732515141,22,-0.0399396530536,0.0285861065394
zero_rf_matched,unknown_return_zero_scenario,value,WML_DS3,middle_2023,3,12,1,2023-01,2023-12,0.0126938973596,0.0174898008327,0.725788559918,12,-0.0215854823693,0.0469732770885
zero_rf_matched,unknown_return_zero_scenario,value,WML_DS3,middle_2023,6,12,1,2023-01,2023-12,0.0126938973596,0.00988053221042,1.28473821949,12,-0.00667158992087,0.0320593846401
zero_rf_matched,unknown_return_zero_scenario,value,WML_DS4,full,3,34,0.852941176471,2021-03,2023-12,-0.0309838158564,0.0152857653321,-2.02697183839,29,-0.0609433653834,-0.0010242663293
zero_rf_matched,unknown_return_zero_scenario,value,WML_DS4,full,6,34,0.852941176471,2021-03,2023-12,-0.0309838158564,0.0108517180708,-2.85519911725,29,-0.0522527924455,-0.00971483926723
zero_rf_matched,unknown_return_zero_scenario,value,WML_DS4,early_2021_2022,3,22,0.863636363636,2021-03,2022-12,-0.0343844627305,0.0167702348852,-2.05032684193,19,-0.0672535191177,-0.0015154063433
zero_rf_matched,unknown_return_zero_scenario,value,WML_DS4,early_2021_2022,6,22,0.863636363636,2021-03,2022-12,-0.0343844627305,0.0139007976614,-2.47356040768,19,-0.0616295255033,-0.00713939995767
zero_rf_matched,unknown_return_zero_scenario,value,WML_DS4,middle_2023,3,12,0.833333333333,2023-01,2023-12,-0.0245225867955,0.0287692247784,-0.852389558092,10,-0.0809092312243,0.0318640576333
zero_rf_matched,unknown_return_zero_scenario,value,WML_DS4,middle_2023,6,12,0.833333333333,2023-01,2023-12,-0.0245225867955,0.017533268293,-1.39863181158,10,-0.058887161181,0.00984198759002
zero_rf_matched,unknown_return_zero_scenario,value,WML_DS5,full,3,34,1,2021-03,2023-12,-0.011102870565,0.00857171786893,-1.29529118139,34,-0.0279031288738,0.00569738774371
zero_rf_matched,unknown_return_zero_scenario,value,WML_DS5,full,6,34,1,2021-03,2023-12,-0.011102870565,0.0076684452093,-1.44786462731,34,-0.0261327469927,0.00392700586262
zero_rf_matched,unknown_return_zero_scenario,value,WML_DS5,early_2021_2022,3,22,1,2021-03,2022-12,-0.0205939692914,0.0066310293389,-3.10569720611,22,-0.0335905479761,-0.00759739060677
zero_rf_matched,unknown_return_zero_scenario,value,WML_DS5,early_2021_2022,6,22,1,2021-03,2022-12,-0.0205939692914,0.00458527492713,-4.49132704554,22,-0.0295809430078,-0.0116069955751
zero_rf_matched,unknown_return_zero_scenario,value,WML_DS5,middle_2023,3,12,1,2023-01,2023-12,0.00629747710009,0.016090307915,0.391383255893,12,-0.0252389469135,0.0378339011137
zero_rf_matched,unknown_return_zero_scenario,value,WML_DS5,middle_2023,6,12,1,2023-01,2023-12,0.00629747710009,0.0126706798333,0.497011777029,12,-0.0185365990327,0.0311315532329
zero_rf_matched,unknown_return_zero_scenario,value,common_highDS_WML,full,3,34,1,2021-03,2023-12,-0.011102870565,0.00857171786893,-1.29529118139,34,-0.0279031288738,0.00569738774371
zero_rf_matched,unknown_return_zero_scenario,value,common_highDS_WML,full,6,34,1,2021-03,2023-12,-0.011102870565,0.0076684452093,-1.44786462731,34,-0.0261327469927,0.00392700586262
zero_rf_matched,unknown_return_zero_scenario,value,common_highDS_WML,early_2021_2022,3,22,1,2021-03,2022-12,-0.0205939692914,0.0066310293389,-3.10569720611,22,-0.0335905479761,-0.00759739060677
zero_rf_matched,unknown_return_zero_scenario,value,common_highDS_WML,early_2021_2022,6,22,1,2021-03,2022-12,-0.0205939692914,0.00458527492713,-4.49132704554,22,-0.0295809430078,-0.0116069955751
zero_rf_matched,unknown_return_zero_scenario,value,common_highDS_WML,middle_2023,3,12,1,2023-01,2023-12,0.00629747710009,0.016090307915,0.391383255893,12,-0.0252389469135,0.0378339011137
zero_rf_matched,unknown_return_zero_scenario,value,common_highDS_WML,middle_2023,6,12,1,2023-01,2023-12,0.00629747710009,0.0126706798333,0.497011777029,12,-0.0185365990327,0.0311315532329
zero_rf_matched,unknown_return_zero_scenario,value,common_highDS_minus_unconditional,full,3,34,1,2021-03,2023-12,-0.0065872543872,0.0105861062803,-0.622254699962,34,-0.0273356414331,0.0141611326587
zero_rf_matched,unknown_return_zero_scenario,value,common_highDS_minus_unconditional,full,6,34,1,2021-03,2023-12,-0.0065872543872,0.00974343514954,-0.676071045386,34,-0.025684036366,0.0125095275916
zero_rf_matched,unknown_return_zero_scenario,value,common_highDS_minus_unconditional,early_2021_2022,3,22,1,2021-03,2022-12,-0.00981984167473,0.0155292115089,-0.632346443933,22,-0.0402565369405,0.020616853591
zero_rf_matched,unknown_return_zero_scenario,value,common_highDS_minus_unconditional,early_2021_2022,6,22,1,2021-03,2022-12,-0.00981984167473,0.0136261572549,-0.72066111458,22,-0.0365266191419,0.0168869357925
zero_rf_matched,unknown_return_zero_scenario,value,common_highDS_minus_unconditional,middle_2023,3,12,1,2023-01,2023-12,-0.000660844360061,0.00600811009048,-0.109992052427,12,-0.0124365237526,0.0111148350324
zero_rf_matched,unknown_return_zero_scenario,value,common_highDS_minus_unconditional,middle_2023,6,12,1,2023-01,2023-12,-0.000660844360061,0.00621609814479,-0.106311764176,12,-0.0128441728482,0.0115224841281
zero_rf_matched,unknown_return_zero_scenario,value,common_lowDS_WML,full,3,34,1,2021-03,2023-12,0.002648677759,0.0131196595009,0.20188616624,34,-0.0230653823521,0.0283627378701
zero_rf_matched,unknown_return_zero_scenario,value,common_lowDS_WML,full,6,34,1,2021-03,2023-12,0.002648677759,0.0105007907657,0.252236028515,34,-0.0179324939509,0.0232298494689
zero_rf_matched,unknown_return_zero_scenario,value,common_lowDS_WML,early_2021_2022,3,22,1,2021-03,2022-12,0.00100645008241,0.0191508607074,0.0525537780149,22,-0.036528547177,0.0385414473418
zero_rf_matched,unknown_return_zero_scenario,value,common_lowDS_WML,early_2021_2022,6,22,1,2021-03,2022-12,0.00100645008241,0.0162488210893,0.061939883323,22,-0.0308406540439,0.0328535542087
zero_rf_matched,unknown_return_zero_scenario,value,common_lowDS_WML,middle_2023,3,12,1,2023-01,2023-12,0.00565942849943,0.0113360995575,0.499239484511,12,-0.0165589183584,0.0278777753572
zero_rf_matched,unknown_return_zero_scenario,value,common_lowDS_WML,middle_2023,6,12,1,2023-01,2023-12,0.00565942849943,0.00857269909079,0.660168803255,12,-0.0111427529688,0.0224616099677
zero_rf_matched,unknown_return_zero_scenario,value,common_lowDS_minus_highDS,full,3,34,1,2021-03,2023-12,0.013751548324,0.0128364400197,1.07128988278,34,-0.0114074118042,0.0389105084523
zero_rf_matched,unknown_return_zero_scenario,value,common_lowDS_minus_highDS,full,6,34,1,2021-03,2023-12,0.013751548324,0.0118854850373,1.15700354515,34,-0.0095435742879,0.037046670936
zero_rf_matched,unknown_return_zero_scenario,value,common_lowDS_minus_highDS,early_2021_2022,3,22,1,2021-03,2022-12,0.0216004193739,0.0184810420701,1.16878795535,22,-0.0146217574804,0.0578225962281
zero_rf_matched,unknown_return_zero_scenario,value,common_lowDS_minus_highDS,early_2021_2022,6,22,1,2021-03,2022-12,0.0216004193739,0.0152645613005,1.41506977821,22,-0.00831757101485,0.0515184097626
zero_rf_matched,unknown_return_zero_scenario,value,common_lowDS_minus_highDS,middle_2023,3,12,1,2023-01,2023-12,-0.000638048600664,0.00825122273288,-0.0773277635716,12,-0.0168101479855,0.0155340507842
zero_rf_matched,unknown_return_zero_scenario,value,common_lowDS_minus_highDS,middle_2023,6,12,1,2023-01,2023-12,-0.000638048600664,0.00762858882764,-0.0836391389129,12,-0.0155898079557,0.0143137107544
zero_rf_matched,unknown_return_zero_scenario,value,common_lowDS_minus_unconditional,full,3,34,1,2021-03,2023-12,0.00716429393682,0.00799952203886,0.89559024927,34,-0.00851448115287,0.0228430690265
zero_rf_matched,unknown_return_zero_scenario,value,common_lowDS_minus_unconditional,full,6,34,1,2021-03,2023-12,0.00716429393682,0.00681237762153,1.05165836876,34,-0.00618772085046,0.0205163087241
zero_rf_matched,unknown_return_zero_scenario,value,common_lowDS_minus_unconditional,early_2021_2022,3,22,1,2021-03,2022-12,0.0117805776991,0.0105221416189,1.11959885409,22,-0.00884244091416,0.0324035963124
zero_rf_matched,unknown_return_zero_scenario,value,common_lowDS_minus_unconditional,early_2021_2022,6,22,1,2021-03,2022-12,0.0117805776991,0.00871838446389,1.35123402139,22,-0.00530714185348,0.0288682972517
zero_rf_matched,unknown_return_zero_scenario,value,common_lowDS_minus_unconditional,middle_2023,3,12,1,2023-01,2023-12,-0.00129889296072,0.00987211369943,-0.131571920692,12,-0.0206478802629,0.0180500943414
zero_rf_matched,unknown_return_zero_scenario,value,common_lowDS_minus_unconditional,middle_2023,6,12,1,2023-01,2023-12,-0.00129889296072,0.00661111789721,-0.196471002472,12,-0.0142564459368,0.0116586600153
zero_rf_matched,unknown_return_zero_scenario,value,common_unconditional_WML,full,3,34,1,2021-03,2023-12,-0.00451561617782,0.0128771467407,-0.350669000576,34,-0.0297543600132,0.0207231276575
zero_rf_matched,unknown_return_zero_scenario,value,common_unconditional_WML,full,6,34,1,2021-03,2023-12,-0.00451561617782,0.00985973734437,-0.457985443233,34,-0.0238403462698,0.0148091139142
zero_rf_matched,unknown_return_zero_scenario,value,common_unconditional_WML,early_2021_2022,3,22,1,2021-03,2022-12,-0.0107741276167,0.016783044477,-0.641965027945,22,-0.0436682903427,0.0221200351092
zero_rf_matched,unknown_return_zero_scenario,value,common_unconditional_WML,early_2021_2022,6,22,1,2021-03,2022-12,-0.0107741276167,0.0141528747396,-0.761267785872,22,-0.038513252384,0.0169649971505
zero_rf_matched,unknown_return_zero_scenario,value,common_unconditional_WML,middle_2023,3,12,1,2023-01,2023-12,0.00695832146015,0.0150933017516,0.461020496023,12,-0.0226240063808,0.0365406493011
zero_rf_matched,unknown_return_zero_scenario,value,common_unconditional_WML,middle_2023,6,12,1,2023-01,2023-12,0.00695832146015,0.00939778317831,0.740421579018,12,-0.0114609951039,0.0253776380242
zero_rf_matched,unknown_return_zero_scenario,value,highDS_WML,full,3,34,1,2021-03,2023-12,-0.011102870565,0.00857171786893,-1.29529118139,34,-0.0279031288738,0.00569738774371
zero_rf_matched,unknown_return_zero_scenario,value,highDS_WML,full,6,34,1,2021-03,2023-12,-0.011102870565,0.0076684452093,-1.44786462731,34,-0.0261327469927,0.00392700586262
zero_rf_matched,unknown_return_zero_scenario,value,highDS_WML,early_2021_2022,3,22,1,2021-03,2022-12,-0.0205939692914,0.0066310293389,-3.10569720611,22,-0.0335905479761,-0.00759739060677
zero_rf_matched,unknown_return_zero_scenario,value,highDS_WML,early_2021_2022,6,22,1,2021-03,2022-12,-0.0205939692914,0.00458527492713,-4.49132704554,22,-0.0295809430078,-0.0116069955751
zero_rf_matched,unknown_return_zero_scenario,value,highDS_WML,middle_2023,3,12,1,2023-01,2023-12,0.00629747710009,0.016090307915,0.391383255893,12,-0.0252389469135,0.0378339011137
zero_rf_matched,unknown_return_zero_scenario,value,highDS_WML,middle_2023,6,12,1,2023-01,2023-12,0.00629747710009,0.0126706798333,0.497011777029,12,-0.0185365990327,0.0311315532329
zero_rf_matched,unknown_return_zero_scenario,value,highDS_minus_unconditional,full,3,34,1,2021-03,2023-12,-0.0065872543872,0.0105861062803,-0.622254699962,34,-0.0273356414331,0.0141611326587
zero_rf_matched,unknown_return_zero_scenario,value,highDS_minus_unconditional,full,6,34,1,2021-03,2023-12,-0.0065872543872,0.00974343514954,-0.676071045386,34,-0.025684036366,0.0125095275916
zero_rf_matched,unknown_return_zero_scenario,value,highDS_minus_unconditional,early_2021_2022,3,22,1,2021-03,2022-12,-0.00981984167473,0.0155292115089,-0.632346443933,22,-0.0402565369405,0.020616853591
zero_rf_matched,unknown_return_zero_scenario,value,highDS_minus_unconditional,early_2021_2022,6,22,1,2021-03,2022-12,-0.00981984167473,0.0136261572549,-0.72066111458,22,-0.0365266191419,0.0168869357925
zero_rf_matched,unknown_return_zero_scenario,value,highDS_minus_unconditional,middle_2023,3,12,1,2023-01,2023-12,-0.000660844360061,0.00600811009048,-0.109992052427,12,-0.0124365237526,0.0111148350324
zero_rf_matched,unknown_return_zero_scenario,value,highDS_minus_unconditional,middle_2023,6,12,1,2023-01,2023-12,-0.000660844360061,0.00621609814479,-0.106311764176,12,-0.0128441728482,0.0115224841281
zero_rf_matched,unknown_return_zero_scenario,value,lowDS_WML,full,3,34,1,2021-03,2023-12,0.002648677759,0.0131196595009,0.20188616624,34,-0.0230653823521,0.0283627378701
zero_rf_matched,unknown_return_zero_scenario,value,lowDS_WML,full,6,34,1,2021-03,2023-12,0.002648677759,0.0105007907657,0.252236028515,34,-0.0179324939509,0.0232298494689
zero_rf_matched,unknown_return_zero_scenario,value,lowDS_WML,early_2021_2022,3,22,1,2021-03,2022-12,0.00100645008241,0.0191508607074,0.0525537780149,22,-0.036528547177,0.0385414473418
zero_rf_matched,unknown_return_zero_scenario,value,lowDS_WML,early_2021_2022,6,22,1,2021-03,2022-12,0.00100645008241,0.0162488210893,0.061939883323,22,-0.0308406540439,0.0328535542087
zero_rf_matched,unknown_return_zero_scenario,value,lowDS_WML,middle_2023,3,12,1,2023-01,2023-12,0.00565942849943,0.0113360995575,0.499239484511,12,-0.0165589183584,0.0278777753572
zero_rf_matched,unknown_return_zero_scenario,value,lowDS_WML,middle_2023,6,12,1,2023-01,2023-12,0.00565942849943,0.00857269909079,0.660168803255,12,-0.0111427529688,0.0224616099677
zero_rf_matched,unknown_return_zero_scenario,value,lowDS_minus_highDS,full,3,34,1,2021-03,2023-12,0.013751548324,0.0128364400197,1.07128988278,34,-0.0114074118042,0.0389105084523
zero_rf_matched,unknown_return_zero_scenario,value,lowDS_minus_highDS,full,6,34,1,2021-03,2023-12,0.013751548324,0.0118854850373,1.15700354515,34,-0.0095435742879,0.037046670936
zero_rf_matched,unknown_return_zero_scenario,value,lowDS_minus_highDS,early_2021_2022,3,22,1,2021-03,2022-12,0.0216004193739,0.0184810420701,1.16878795535,22,-0.0146217574804,0.0578225962281
zero_rf_matched,unknown_return_zero_scenario,value,lowDS_minus_highDS,early_2021_2022,6,22,1,2021-03,2022-12,0.0216004193739,0.0152645613005,1.41506977821,22,-0.00831757101485,0.0515184097626
zero_rf_matched,unknown_return_zero_scenario,value,lowDS_minus_highDS,middle_2023,3,12,1,2023-01,2023-12,-0.000638048600664,0.00825122273288,-0.0773277635716,12,-0.0168101479855,0.0155340507842
zero_rf_matched,unknown_return_zero_scenario,value,lowDS_minus_highDS,middle_2023,6,12,1,2023-01,2023-12,-0.000638048600664,0.00762858882764,-0.0836391389129,12,-0.0155898079557,0.0143137107544
zero_rf_matched,unknown_return_zero_scenario,value,lowDS_minus_unconditional,full,3,34,1,2021-03,2023-12,0.00716429393682,0.00799952203886,0.89559024927,34,-0.00851448115287,0.0228430690265
zero_rf_matched,unknown_return_zero_scenario,value,lowDS_minus_unconditional,full,6,34,1,2021-03,2023-12,0.00716429393682,0.00681237762153,1.05165836876,34,-0.00618772085046,0.0205163087241
zero_rf_matched,unknown_return_zero_scenario,value,lowDS_minus_unconditional,early_2021_2022,3,22,1,2021-03,2022-12,0.0117805776991,0.0105221416189,1.11959885409,22,-0.00884244091416,0.0324035963124
zero_rf_matched,unknown_return_zero_scenario,value,lowDS_minus_unconditional,early_2021_2022,6,22,1,2021-03,2022-12,0.0117805776991,0.00871838446389,1.35123402139,22,-0.00530714185348,0.0288682972517
zero_rf_matched,unknown_return_zero_scenario,value,lowDS_minus_unconditional,middle_2023,3,12,1,2023-01,2023-12,-0.00129889296072,0.00987211369943,-0.131571920692,12,-0.0206478802629,0.0180500943414
zero_rf_matched,unknown_return_zero_scenario,value,lowDS_minus_unconditional,middle_2023,6,12,1,2023-01,2023-12,-0.00129889296072,0.00661111789721,-0.196471002472,12,-0.0142564459368,0.0116586600153
zero_rf_matched,unknown_return_zero_scenario,value,unconditional_WML,full,3,34,1,2021-03,2023-12,-0.00451561617782,0.0128771467407,-0.350669000576,34,-0.0297543600132,0.0207231276575
zero_rf_matched,unknown_return_zero_scenario,value,unconditional_WML,full,6,34,1,2021-03,2023-12,-0.00451561617782,0.00985973734437,-0.457985443233,34,-0.0238403462698,0.0148091139142
zero_rf_matched,unknown_return_zero_scenario,value,unconditional_WML,early_2021_2022,3,22,1,2021-03,2022-12,-0.0107741276167,0.016783044477,-0.641965027945,22,-0.0436682903427,0.0221200351092
zero_rf_matched,unknown_return_zero_scenario,value,unconditional_WML,early_2021_2022,6,22,1,2021-03,2022-12,-0.0107741276167,0.0141528747396,-0.761267785872,22,-0.038513252384,0.0169649971505
zero_rf_matched,unknown_return_zero_scenario,value,unconditional_WML,middle_2023,3,12,1,2023-01,2023-12,0.00695832146015,0.0150933017516,0.461020496023,12,-0.0226240063808,0.0365406493011
zero_rf_matched,unknown_return_zero_scenario,value,unconditional_WML,middle_2023,6,12,1,2023-01,2023-12,0.00695832146015,0.00939778317831,0.740421579018,12,-0.0114609951039,0.0253776380242
